assignment_id,task_id,developer_id,developer_role_id,assigned_at,due_at,completed_at,effective_due_at,hours_to_complete,allowed_days,is_sla_breached,hours_overdue,task_type,priority,story_points,estimated_hours,sprint_id,workflow_status,experience_years,education_level,developer_role,project_id,project_name,project_code,organization_id,organization_name,industry,assignments_on_task,has_high_priority
1,1,8,1,2026-03-08 22:00:00,2026-03-15 22:00:00,2026-03-17 05:00:00,2026-03-15 22:00:00,199.0,7.0,1,31.0,development,2,1,3.0,24,release,1,Средне-специальное,frontend,10,Сверка остатков при приёмке на нефтебазе,NEFTEHIM-RCV,3,ООО «НефтехимСервис»,нефтехимия,3,f
2,1,9,4,2026-03-17 06:00:00,,2026-03-25 17:00:00,2026-03-20 06:00:00,203.0,3.0,1,131.0,development,2,1,3.0,24,release,5,Бакалавр,qa,10,Сверка остатков при приёмке на нефтебазе,NEFTEHIM-RCV,3,ООО «НефтехимСервис»,нефтехимия,3,f
3,1,10,9,2026-03-25 21:00:00,2026-03-27 21:00:00,2026-03-27 06:00:00,2026-03-27 21:00:00,33.0,2.0,0,0.0,development,2,1,3.0,24,release,6,Бакалавр,release_manager,10,Сверка остатков при приёмке на нефтебазе,NEFTEHIM-RCV,3,ООО «НефтехимСервис»,нефтехимия,3,f
4,2,13,7,2026-01-06 13:00:00,2026-01-12 13:00:00,2026-01-15 20:00:00,2026-01-12 13:00:00,223.0,6.0,1,79.0,development,3,9,36.0,17,release,3,Средне-специальное,fullstack,8,Портал заявок на доработку от эксплуатации,REGENERGO-REQ,2,ПАО «РегионЭнерго»,энергетика,7,f
5,2,15,4,2026-01-15 21:00:00,2026-01-16 21:00:00,2026-01-20 09:00:00,2026-01-16 21:00:00,108.0,1.0,1,84.0,development,3,9,36.0,17,release,2,Средне-специальное,qa,8,Портал заявок на доработку от эксплуатации,REGENERGO-REQ,2,ПАО «РегионЭнерго»,энергетика,7,f
6,2,13,7,2026-01-20 11:00:00,2026-01-24 11:00:00,2026-01-27 14:00:00,2026-01-24 11:00:00,171.0,4.0,1,75.0,development,3,9,36.0,17,release,3,Средне-специальное,fullstack,8,Портал заявок на доработку от эксплуатации,REGENERGO-REQ,2,ПАО «РегионЭнерго»,энергетика,7,f
7,2,15,4,2026-01-27 16:00:00,2026-01-28 16:00:00,2026-02-02 05:00:00,2026-01-28 16:00:00,133.0,1.0,1,109.0,development,3,9,36.0,17,release,2,Средне-специальное,qa,8,Портал заявок на доработку от эксплуатации,REGENERGO-REQ,2,ПАО «РегионЭнерго»,энергетика,7,f
8,2,13,7,2026-02-02 12:00:00,2026-02-06 12:00:00,2026-02-07 17:00:00,2026-02-06 12:00:00,125.0,4.0,1,29.0,development,3,9,36.0,17,release,3,Средне-специальное,fullstack,8,Портал заявок на доработку от эксплуатации,REGENERGO-REQ,2,ПАО «РегионЭнерго»,энергетика,7,f
9,2,15,4,2026-02-07 20:00:00,2026-02-08 20:00:00,2026-02-08 07:00:00,2026-02-08 20:00:00,11.0,1.0,0,0.0,development,3,9,36.0,17,release,2,Средне-специальное,qa,8,Портал заявок на доработку от эксплуатации,REGENERGO-REQ,2,ПАО «РегионЭнерго»,энергетика,7,f
10,2,14,9,2026-02-08 09:00:00,2026-02-10 09:00:00,2026-02-13 19:00:00,2026-02-10 09:00:00,130.0,2.0,1,82.0,development,3,9,36.0,17,release,5,Бакалавр,release_manager,8,Портал заявок на доработку от эксплуатации,REGENERGO-REQ,2,ПАО «РегионЭнерго»,энергетика,7,f
11,3,3,7,2025-12-30 02:00:00,2025-12-31 02:00:00,2026-01-03 22:00:00,2025-12-31 02:00:00,116.0,1.0,1,92.0,incident,1,10,60.0,20,being_tested,6,Бакалавр,fullstack,9,Логистика перевозок нефтепродуктов,NEFTEHIM-LOG,3,ООО «НефтехимСервис»,нефтехимия,2,f
13,4,1,2,2026-01-07 01:00:00,2026-01-10 01:00:00,2026-01-14 09:00:00,2026-01-10 01:00:00,176.0,3.0,1,104.0,development,2,5,15.0,27,release,8,Специалист,backend,12,Мобильное приложение для инспекторов АЗС,NEFTEHIM-MOB,3,ООО «НефтехимСервис»,нефтехимия,3,f
14,4,9,4,2026-01-14 12:00:00,2026-01-17 12:00:00,2026-01-22 02:00:00,2026-01-17 12:00:00,182.0,3.0,1,110.0,development,2,5,15.0,27,release,5,Бакалавр,qa,12,Мобильное приложение для инспекторов АЗС,NEFTEHIM-MOB,3,ООО «НефтехимСервис»,нефтехимия,3,f
15,4,10,9,2026-01-22 07:00:00,2026-01-23 07:00:00,2026-01-22 16:00:00,2026-01-23 07:00:00,9.0,1.0,0,0.0,development,2,5,15.0,27,release,6,Бакалавр,release_manager,12,Мобильное приложение для инспекторов АЗС,NEFTEHIM-MOB,3,ООО «НефтехимСервис»,нефтехимия,3,f
16,5,6,3,2026-01-08 05:00:00,2026-01-14 05:00:00,2026-01-11 10:00:00,2026-01-14 05:00:00,77.0,6.0,0,0.0,development,1,11,33.0,25,release,3,Бакалавр,design,11,Аналитика и отчёты для руководства,NEFTEHIM-BI,3,ООО «НефтехимСервис»,нефтехимия,3,f
17,5,4,4,2026-01-11 13:00:00,2026-01-13 13:00:00,2026-01-16 08:00:00,2026-01-13 13:00:00,115.0,2.0,1,67.0,development,1,11,33.0,25,release,4,Бакалавр,qa,11,Аналитика и отчёты для руководства,NEFTEHIM-BI,3,ООО «НефтехимСервис»,нефтехимия,3,f
18,5,10,9,2026-01-16 12:00:00,2026-01-17 12:00:00,2026-01-17 05:00:00,2026-01-17 12:00:00,17.0,1.0,0,0.0,development,1,11,33.0,25,release,6,Бакалавр,release_manager,11,Аналитика и отчёты для руководства,NEFTEHIM-BI,3,ООО «НефтехимСервис»,нефтехимия,3,f
20,7,5,2,2026-03-05 09:00:00,2026-03-08 09:00:00,2026-03-08 14:00:00,2026-03-08 09:00:00,77.0,3.0,1,5.0,development,2,1,6.0,28,release,2,Средне-специальное,backend,12,Мобильное приложение для инспекторов АЗС,NEFTEHIM-MOB,3,ООО «НефтехимСервис»,нефтехимия,3,f
21,7,9,4,2026-03-08 17:00:00,2026-03-10 17:00:00,2026-03-15 20:00:00,2026-03-10 17:00:00,171.0,2.0,1,123.0,development,2,1,6.0,28,release,5,Бакалавр,qa,12,Мобильное приложение для инспекторов АЗС,NEFTEHIM-MOB,3,ООО «НефтехимСервис»,нефтехимия,3,f
22,7,10,9,2026-03-15 21:00:00,2026-03-17 21:00:00,2026-03-16 21:00:00,2026-03-17 21:00:00,24.0,2.0,0,0.0,development,2,1,6.0,28,release,6,Бакалавр,release_manager,12,Мобильное приложение для инспекторов АЗС,NEFTEHIM-MOB,3,ООО «НефтехимСервис»,нефтехимия,3,f
23,8,13,7,2026-01-09 05:00:00,2026-01-12 05:00:00,2026-01-16 11:00:00,2026-01-12 05:00:00,174.0,3.0,1,102.0,incident,1,4,16.0,23,being_tested,3,Средне-специальное,fullstack,10,Сверка остатков при приёмке на нефтебазе,NEFTEHIM-RCV,3,ООО «НефтехимСервис»,нефтехимия,2,f
25,9,3,7,2026-05-07 05:00:00,2026-05-10 05:00:00,2026-05-15 02:00:00,2026-05-10 05:00:00,189.0,3.0,1,117.0,incident,3,7,21.0,22,release,6,Бакалавр,fullstack,9,Логистика перевозок нефтепродуктов,NEFTEHIM-LOG,3,ООО «НефтехимСервис»,нефтехимия,9,f
26,9,9,4,2026-05-15 03:00:00,,2026-05-23 16:00:00,2026-05-20 03:00:00,205.0,5.0,1,85.0,incident,3,7,21.0,22,release,5,Бакалавр,qa,9,Логистика перевозок нефтепродуктов,NEFTEHIM-LOG,3,ООО «НефтехимСервис»,нефтехимия,9,f
27,9,3,7,2026-05-24 00:00:00,2026-05-29 00:00:00,2026-06-01 12:00:00,2026-05-29 00:00:00,204.0,5.0,1,84.0,incident,3,7,21.0,22,release,6,Бакалавр,fullstack,9,Логистика перевозок нефтепродуктов,NEFTEHIM-LOG,3,ООО «НефтехимСервис»,нефтехимия,9,f
28,9,9,4,2026-06-01 13:00:00,,2026-06-07 04:00:00,2026-06-04 13:00:00,135.0,3.0,1,63.0,incident,3,7,21.0,22,release,5,Бакалавр,qa,9,Логистика перевозок нефтепродуктов,NEFTEHIM-LOG,3,ООО «НефтехимСервис»,нефтехимия,9,f
29,9,3,7,2026-06-07 10:00:00,2026-06-10 10:00:00,2026-06-12 17:00:00,2026-06-10 10:00:00,127.0,3.0,1,55.0,incident,3,7,21.0,22,release,6,Бакалавр,fullstack,9,Логистика перевозок нефтепродуктов,NEFTEHIM-LOG,3,ООО «НефтехимСервис»,нефтехимия,9,f
30,9,9,4,2026-06-12 19:00:00,,2026-06-22 08:00:00,2026-06-17 19:00:00,229.0,5.0,1,109.0,incident,3,7,21.0,22,release,5,Бакалавр,qa,9,Логистика перевозок нефтепродуктов,NEFTEHIM-LOG,3,ООО «НефтехимСервис»,нефтехимия,9,f
31,9,3,7,2026-06-22 13:00:00,2026-06-27 13:00:00,2026-06-29 09:00:00,2026-06-27 13:00:00,164.0,5.0,1,44.0,incident,3,7,21.0,22,release,6,Бакалавр,fullstack,9,Логистика перевозок нефтепродуктов,NEFTEHIM-LOG,3,ООО «НефтехимСервис»,нефтехимия,9,f
32,9,9,4,2026-06-29 11:00:00,,2026-07-04 19:00:00,2026-07-02 11:00:00,128.0,3.0,1,56.0,incident,3,7,21.0,22,release,5,Бакалавр,qa,9,Логистика перевозок нефтепродуктов,NEFTEHIM-LOG,3,ООО «НефтехимСервис»,нефтехимия,9,f
33,9,10,9,2026-07-04 20:00:00,2026-07-05 20:00:00,2026-07-05 18:00:00,2026-07-05 20:00:00,22.0,1.0,0,0.0,incident,3,7,21.0,22,release,6,Бакалавр,release_manager,9,Логистика перевозок нефтепродуктов,NEFTEHIM-LOG,3,ООО «НефтехимСервис»,нефтехимия,9,f
34,10,6,3,2026-03-08 03:00:00,2026-03-17 03:00:00,2026-03-19 13:00:00,2026-03-17 03:00:00,274.0,9.0,1,58.0,development,3,4,24.0,15,release,3,Бакалавр,design,7,Интеграция с SCADA энергообъектов,REGENERGO-SCADA,2,ПАО «РегионЭнерго»,энергетика,3,f
35,10,4,4,2026-03-19 14:00:00,,2026-03-27 02:00:00,2026-03-24 14:00:00,180.0,5.0,1,60.0,development,3,4,24.0,15,release,4,Бакалавр,qa,7,Интеграция с SCADA энергообъектов,REGENERGO-SCADA,2,ПАО «РегионЭнерго»,энергетика,3,f
36,10,10,9,2026-03-27 07:00:00,2026-03-28 07:00:00,2026-03-30 03:00:00,2026-03-28 07:00:00,68.0,1.0,1,44.0,development,3,4,24.0,15,release,6,Бакалавр,release_manager,7,Интеграция с SCADA энергообъектов,REGENERGO-SCADA,2,ПАО «РегионЭнерго»,энергетика,3,f
37,11,5,2,2026-01-02 16:00:00,2026-01-09 16:00:00,2026-01-15 13:00:00,2026-01-09 16:00:00,309.0,7.0,1,141.0,development,4,1,5.0,27,release,2,Средне-специальное,backend,12,Мобильное приложение для инспекторов АЗС,NEFTEHIM-MOB,3,ООО «НефтехимСервис»,нефтехимия,7,t
38,11,4,4,2026-01-15 16:00:00,2026-01-17 16:00:00,2026-01-17 01:00:00,2026-01-17 16:00:00,33.0,2.0,0,0.0,development,4,1,5.0,27,release,4,Бакалавр,qa,12,Мобильное приложение для инспекторов АЗС,NEFTEHIM-MOB,3,ООО «НефтехимСервис»,нефтехимия,7,t
39,11,5,2,2026-01-17 05:00:00,2026-01-20 05:00:00,2026-01-25 01:00:00,2026-01-20 05:00:00,188.0,3.0,1,116.0,development,4,1,5.0,27,release,2,Средне-специальное,backend,12,Мобильное приложение для инспекторов АЗС,NEFTEHIM-MOB,3,ООО «НефтехимСервис»,нефтехимия,7,t
40,11,4,4,2026-01-25 02:00:00,,2026-01-30 10:00:00,2026-01-28 02:00:00,128.0,3.0,1,56.0,development,4,1,5.0,27,release,4,Бакалавр,qa,12,Мобильное приложение для инспекторов АЗС,NEFTEHIM-MOB,3,ООО «НефтехимСервис»,нефтехимия,7,t
41,11,5,2,2026-01-30 17:00:00,2026-02-03 17:00:00,2026-02-09 06:00:00,2026-02-03 17:00:00,229.0,4.0,1,133.0,development,4,1,5.0,27,release,2,Средне-специальное,backend,12,Мобильное приложение для инспекторов АЗС,NEFTEHIM-MOB,3,ООО «НефтехимСервис»,нефтехимия,7,t
42,11,4,4,2026-02-09 08:00:00,,2026-02-13 16:00:00,2026-02-12 08:00:00,104.0,3.0,1,32.0,development,4,1,5.0,27,release,4,Бакалавр,qa,12,Мобильное приложение для инспекторов АЗС,NEFTEHIM-MOB,3,ООО «НефтехимСервис»,нефтехимия,7,t
43,11,10,9,2026-02-13 19:00:00,2026-02-14 19:00:00,2026-02-14 07:00:00,2026-02-14 19:00:00,12.0,1.0,0,0.0,development,4,1,5.0,27,release,6,Бакалавр,release_manager,12,Мобильное приложение для инспекторов АЗС,NEFTEHIM-MOB,3,ООО «НефтехимСервис»,нефтехимия,7,t
44,13,6,3,2026-01-05 21:00:00,2026-01-07 21:00:00,2026-01-08 02:00:00,2026-01-07 21:00:00,53.0,2.0,1,5.0,incident,2,11,44.0,10,release,3,Бакалавр,design,5,Учёт топлива на котельных и ТЭЦ,REGENERGO-TEC,2,ПАО «РегионЭнерго»,энергетика,3,f
45,13,4,4,2026-01-08 04:00:00,2026-01-10 04:00:00,2026-01-13 06:00:00,2026-01-10 04:00:00,122.0,2.0,1,74.0,incident,2,11,44.0,10,release,4,Бакалавр,qa,5,Учёт топлива на котельных и ТЭЦ,REGENERGO-TEC,2,ПАО «РегионЭнерго»,энергетика,3,f
46,13,10,9,2026-01-13 08:00:00,2026-01-14 08:00:00,2026-01-17 07:00:00,2026-01-14 08:00:00,95.0,1.0,1,71.0,incident,2,11,44.0,10,release,6,Бакалавр,release_manager,5,Учёт топлива на котельных и ТЭЦ,REGENERGO-TEC,2,ПАО «РегионЭнерго»,энергетика,3,f
47,14,6,3,2026-03-07 21:00:00,2026-03-13 21:00:00,2026-03-16 07:00:00,2026-03-13 21:00:00,202.0,6.0,1,58.0,development,2,3,18.0,4,release,3,Бакалавр,design,2,Модуль интеграции с датчиками уровня на АЗС,ZAPADTOP-IOT,1,АО «ЗападТопливо»,топливная розница,3,f
48,14,15,4,2026-03-16 09:00:00,2026-03-19 09:00:00,2026-03-22 08:00:00,2026-03-19 09:00:00,143.0,3.0,1,71.0,development,2,3,18.0,4,release,2,Средне-специальное,qa,2,Модуль интеграции с датчиками уровня на АЗС,ZAPADTOP-IOT,1,АО «ЗападТопливо»,топливная розница,3,f
49,14,10,9,2026-03-22 11:00:00,2026-03-24 11:00:00,2026-03-24 04:00:00,2026-03-24 11:00:00,41.0,2.0,0,0.0,development,2,3,18.0,4,release,6,Бакалавр,release_manager,2,Модуль интеграции с датчиками уровня на АЗС,ZAPADTOP-IOT,1,АО «ЗападТопливо»,топливная розница,3,f
50,15,8,1,2026-01-04 11:00:00,2026-01-07 11:00:00,2026-01-05 09:00:00,2026-01-07 11:00:00,22.0,3.0,0,0.0,development,2,5,20.0,3,release,1,Средне-специальное,frontend,2,Модуль интеграции с датчиками уровня на АЗС,ZAPADTOP-IOT,1,АО «ЗападТопливо»,топливная розница,3,f
51,15,15,4,2026-01-05 12:00:00,2026-01-07 12:00:00,2026-01-10 20:00:00,2026-01-07 12:00:00,128.0,2.0,1,80.0,development,2,5,20.0,3,release,2,Средне-специальное,qa,2,Модуль интеграции с датчиками уровня на АЗС,ZAPADTOP-IOT,1,АО «ЗападТопливо»,топливная розница,3,f
52,15,10,9,2026-01-10 21:00:00,2026-01-11 21:00:00,2026-01-11 14:00:00,2026-01-11 21:00:00,17.0,1.0,0,0.0,development,2,5,20.0,3,release,6,Бакалавр,release_manager,2,Модуль интеграции с датчиками уровня на АЗС,ZAPADTOP-IOT,1,АО «ЗападТопливо»,топливная розница,3,f
53,16,6,3,2026-05-02 12:00:00,2026-05-08 12:00:00,2026-05-04 22:00:00,2026-05-08 12:00:00,58.0,6.0,0,0.0,development,1,6,30.0,13,release,3,Бакалавр,design,6,Система мониторинга резервных топливных складов,REGENERGO-SKLAD,2,ПАО «РегионЭнерго»,энергетика,3,f
54,16,4,4,2026-05-05 00:00:00,2026-05-06 00:00:00,2026-05-07 20:00:00,2026-05-06 00:00:00,68.0,1.0,1,44.0,development,1,6,30.0,13,release,4,Бакалавр,qa,6,Система мониторинга резервных топливных складов,REGENERGO-SKLAD,2,ПАО «РегионЭнерго»,энергетика,3,f
55,16,10,9,2026-05-07 22:00:00,2026-05-09 22:00:00,2026-05-14 21:00:00,2026-05-09 22:00:00,167.0,2.0,1,119.0,development,1,6,30.0,13,release,6,Бакалавр,release_manager,6,Система мониторинга резервных топливных складов,REGENERGO-SKLAD,2,ПАО «РегионЭнерго»,энергетика,3,f
56,17,3,7,2026-05-06 19:00:00,2026-05-11 19:00:00,2026-05-08 22:00:00,2026-05-11 19:00:00,51.0,5.0,0,0.0,development,3,2,8.0,22,release,6,Бакалавр,fullstack,9,Логистика перевозок нефтепродуктов,NEFTEHIM-LOG,3,ООО «НефтехимСервис»,нефтехимия,3,f
57,17,15,4,2026-05-08 23:00:00,2026-05-09 23:00:00,2026-05-12 15:00:00,2026-05-09 23:00:00,88.0,1.0,1,64.0,development,3,2,8.0,22,release,2,Средне-специальное,qa,9,Логистика перевозок нефтепродуктов,NEFTEHIM-LOG,3,ООО «НефтехимСервис»,нефтехимия,3,f
58,17,10,9,2026-05-12 19:00:00,2026-05-14 19:00:00,2026-05-14 14:00:00,2026-05-14 19:00:00,43.0,2.0,0,0.0,development,3,2,8.0,22,release,6,Бакалавр,release_manager,9,Логистика перевозок нефтепродуктов,NEFTEHIM-LOG,3,ООО «НефтехимСервис»,нефтехимия,3,f
60,19,5,2,2026-03-15 00:00:00,2026-03-18 00:00:00,2026-03-21 15:00:00,2026-03-18 00:00:00,159.0,3.0,1,87.0,incident,1,10,60.0,4,release,2,Средне-специальное,backend,2,Модуль интеграции с датчиками уровня на АЗС,ZAPADTOP-IOT,1,АО «ЗападТопливо»,топливная розница,3,f
61,19,9,4,2026-03-21 17:00:00,2026-03-22 17:00:00,2026-03-25 01:00:00,2026-03-22 17:00:00,80.0,1.0,1,56.0,incident,1,10,60.0,4,release,5,Бакалавр,qa,2,Модуль интеграции с датчиками уровня на АЗС,ZAPADTOP-IOT,1,АО «ЗападТопливо»,топливная розница,3,f
62,19,10,9,2026-03-25 06:00:00,2026-03-27 06:00:00,2026-03-26 07:00:00,2026-03-27 06:00:00,25.0,2.0,0,0.0,incident,1,10,60.0,4,release,6,Бакалавр,release_manager,2,Модуль интеграции с датчиками уровня на АЗС,ZAPADTOP-IOT,1,АО «ЗападТопливо»,топливная розница,3,f
64,21,6,3,2026-05-07 07:00:00,2026-05-16 07:00:00,2026-05-18 11:00:00,2026-05-16 07:00:00,268.0,9.0,1,52.0,development,1,3,9.0,22,release,3,Бакалавр,design,9,Логистика перевозок нефтепродуктов,NEFTEHIM-LOG,3,ООО «НефтехимСервис»,нефтехимия,3,f
65,21,15,4,2026-05-18 13:00:00,2026-05-19 13:00:00,2026-05-19 08:00:00,2026-05-19 13:00:00,19.0,1.0,0,0.0,development,1,3,9.0,22,release,2,Средне-специальное,qa,9,Логистика перевозок нефтепродуктов,NEFTEHIM-LOG,3,ООО «НефтехимСервис»,нефтехимия,3,f
66,21,14,9,2026-05-19 11:00:00,2026-05-21 11:00:00,2026-05-22 14:00:00,2026-05-21 11:00:00,75.0,2.0,1,27.0,development,1,3,9.0,22,release,5,Бакалавр,release_manager,9,Логистика перевозок нефтепродуктов,NEFTEHIM-LOG,3,ООО «НефтехимСервис»,нефтехимия,3,f
67,22,6,3,2026-01-09 22:00:00,2026-01-10 22:00:00,2026-01-13 13:00:00,2026-01-10 22:00:00,87.0,1.0,1,63.0,incident,1,1,3.0,1,release,3,Бакалавр,design,1,ПО учёта остатков топлива на АЗС и электростанциях,ZAPADTOP-FUEL,1,АО «ЗападТопливо»,топливная розница,3,f
68,22,4,4,2026-01-13 17:00:00,2026-01-16 17:00:00,2026-01-18 04:00:00,2026-01-16 17:00:00,107.0,3.0,1,35.0,incident,1,1,3.0,1,release,4,Бакалавр,qa,1,ПО учёта остатков топлива на АЗС и электростанциях,ZAPADTOP-FUEL,1,АО «ЗападТопливо»,топливная розница,3,f
69,22,14,9,2026-01-18 09:00:00,2026-01-20 09:00:00,2026-01-25 19:00:00,2026-01-20 09:00:00,178.0,2.0,1,130.0,incident,1,1,3.0,1,release,5,Бакалавр,release_manager,1,ПО учёта остатков топлива на АЗС и электростанциях,ZAPADTOP-FUEL,1,АО «ЗападТопливо»,топливная розница,3,f
70,23,6,3,2026-05-06 04:00:00,2026-05-08 04:00:00,2026-05-07 23:00:00,2026-05-08 04:00:00,43.0,2.0,0,0.0,incident,2,12,72.0,22,being_tested,3,Бакалавр,design,9,Логистика перевозок нефтепродуктов,NEFTEHIM-LOG,3,ООО «НефтехимСервис»,нефтехимия,2,f
72,24,5,2,2026-03-11 07:00:00,2026-03-12 07:00:00,2026-03-14 20:00:00,2026-03-12 07:00:00,85.0,1.0,1,61.0,incident,3,9,54.0,8,release,2,Средне-специальное,backend,4,Отчётность по остаткам для Ростехнадзора,ZAPADTOP-RTN,1,АО «ЗападТопливо»,топливная розница,3,f
73,24,4,4,2026-03-14 23:00:00,2026-03-15 23:00:00,2026-03-18 07:00:00,2026-03-15 23:00:00,80.0,1.0,1,56.0,incident,3,9,54.0,8,release,4,Бакалавр,qa,4,Отчётность по остаткам для Ростехнадзора,ZAPADTOP-RTN,1,АО «ЗападТопливо»,топливная розница,3,f
74,24,10,9,2026-03-18 08:00:00,2026-03-19 08:00:00,2026-03-18 18:00:00,2026-03-19 08:00:00,10.0,1.0,0,0.0,incident,3,9,54.0,8,release,6,Бакалавр,release_manager,4,Отчётность по остаткам для Ростехнадзора,ZAPADTOP-RTN,1,АО «ЗападТопливо»,топливная розница,3,f
75,25,5,2,2026-01-01 12:00:00,2026-01-09 12:00:00,2026-01-14 03:00:00,2026-01-09 12:00:00,303.0,8.0,1,111.0,development,3,10,30.0,10,release,2,Средне-специальное,backend,5,Учёт топлива на котельных и ТЭЦ,REGENERGO-TEC,2,ПАО «РегионЭнерго»,энергетика,5,f
76,25,15,4,2026-01-14 07:00:00,,2026-01-21 23:00:00,2026-01-19 07:00:00,184.0,5.0,1,64.0,development,3,10,30.0,10,release,2,Средне-специальное,qa,5,Учёт топлива на котельных и ТЭЦ,REGENERGO-TEC,2,ПАО «РегионЭнерго»,энергетика,5,f
77,25,5,2,2026-01-22 03:00:00,2026-01-25 03:00:00,2026-01-28 04:00:00,2026-01-25 03:00:00,145.0,3.0,1,73.0,development,3,10,30.0,10,release,2,Средне-специальное,backend,5,Учёт топлива на котельных и ТЭЦ,REGENERGO-TEC,2,ПАО «РегионЭнерго»,энергетика,5,f
78,25,15,4,2026-01-28 05:00:00,,2026-02-03 13:00:00,2026-02-02 05:00:00,152.0,5.0,1,32.0,development,3,10,30.0,10,release,2,Средне-специальное,qa,5,Учёт топлива на котельных и ТЭЦ,REGENERGO-TEC,2,ПАО «РегионЭнерго»,энергетика,5,f
79,25,14,9,2026-02-03 19:00:00,2026-02-05 19:00:00,2026-02-05 16:00:00,2026-02-05 19:00:00,45.0,2.0,0,0.0,development,3,10,30.0,10,release,5,Бакалавр,release_manager,5,Учёт топлива на котельных и ТЭЦ,REGENERGO-TEC,2,ПАО «РегионЭнерго»,энергетика,5,f
80,26,5,2,2026-03-06 14:00:00,2026-03-08 14:00:00,2026-03-12 15:00:00,2026-03-08 14:00:00,145.0,2.0,1,97.0,incident,3,1,5.0,26,release,2,Средне-специальное,backend,11,Аналитика и отчёты для руководства,NEFTEHIM-BI,3,ООО «НефтехимСервис»,нефтехимия,3,f
81,26,15,4,2026-03-12 16:00:00,,2026-03-23 12:00:00,2026-03-17 16:00:00,260.0,5.0,1,140.0,incident,3,1,5.0,26,release,2,Средне-специальное,qa,11,Аналитика и отчёты для руководства,NEFTEHIM-BI,3,ООО «НефтехимСервис»,нефтехимия,3,f
82,26,10,9,2026-03-23 13:00:00,2026-03-24 13:00:00,2026-03-26 00:00:00,2026-03-24 13:00:00,59.0,1.0,1,35.0,incident,3,1,5.0,26,release,6,Бакалавр,release_manager,11,Аналитика и отчёты для руководства,NEFTEHIM-BI,3,ООО «НефтехимСервис»,нефтехимия,3,f
83,28,6,3,2026-01-01 20:00:00,2026-01-04 20:00:00,2026-01-04 11:00:00,2026-01-04 20:00:00,63.0,3.0,0,0.0,development,3,9,36.0,23,release,3,Бакалавр,design,10,Сверка остатков при приёмке на нефтебазе,NEFTEHIM-RCV,3,ООО «НефтехимСервис»,нефтехимия,3,f
84,28,9,4,2026-01-04 12:00:00,2026-01-05 12:00:00,2026-01-05 02:00:00,2026-01-05 12:00:00,14.0,1.0,0,0.0,development,3,9,36.0,23,release,5,Бакалавр,qa,10,Сверка остатков при приёмке на нефтебазе,NEFTEHIM-RCV,3,ООО «НефтехимСервис»,нефтехимия,3,f
85,28,10,9,2026-01-05 05:00:00,2026-01-06 05:00:00,2026-01-05 17:00:00,2026-01-06 05:00:00,12.0,1.0,0,0.0,development,3,9,36.0,23,release,6,Бакалавр,release_manager,10,Сверка остатков при приёмке на нефтебазе,NEFTEHIM-RCV,3,ООО «НефтехимСервис»,нефтехимия,3,f
86,29,13,7,2026-05-06 20:00:00,2026-05-09 20:00:00,2026-05-13 20:00:00,2026-05-09 20:00:00,168.0,3.0,1,96.0,incident,1,2,8.0,9,release,3,Средне-специальное,fullstack,4,Отчётность по остаткам для Ростехнадзора,ZAPADTOP-RTN,1,АО «ЗападТопливо»,топливная розница,3,f
87,29,15,4,2026-05-13 22:00:00,,2026-05-22 11:00:00,2026-05-18 22:00:00,205.0,5.0,1,85.0,incident,1,2,8.0,9,release,2,Средне-специальное,qa,4,Отчётность по остаткам для Ростехнадзора,ZAPADTOP-RTN,1,АО «ЗападТопливо»,топливная розница,3,f
88,29,10,9,2026-05-22 17:00:00,2026-05-24 17:00:00,2026-05-24 04:00:00,2026-05-24 17:00:00,35.0,2.0,0,0.0,incident,1,2,8.0,9,release,6,Бакалавр,release_manager,4,Отчётность по остаткам для Ростехнадзора,ZAPADTOP-RTN,1,АО «ЗападТопливо»,топливная розница,3,f
89,30,2,1,2026-03-08 10:00:00,2026-03-15 10:00:00,2026-03-15 17:00:00,2026-03-15 10:00:00,175.0,7.0,1,7.0,development,2,7,35.0,28,release,5,Бакалавр,frontend,12,Мобильное приложение для инспекторов АЗС,NEFTEHIM-MOB,3,ООО «НефтехимСервис»,нефтехимия,3,f
90,30,4,4,2026-03-15 19:00:00,2026-03-17 19:00:00,2026-03-18 17:00:00,2026-03-17 19:00:00,70.0,2.0,1,22.0,development,2,7,35.0,28,release,4,Бакалавр,qa,12,Мобильное приложение для инспекторов АЗС,NEFTEHIM-MOB,3,ООО «НефтехимСервис»,нефтехимия,3,f
91,30,14,9,2026-03-18 21:00:00,2026-03-19 21:00:00,2026-03-19 09:00:00,2026-03-19 21:00:00,12.0,1.0,0,0.0,development,2,7,35.0,28,release,5,Бакалавр,release_manager,12,Мобильное приложение для инспекторов АЗС,NEFTEHIM-MOB,3,ООО «НефтехимСервис»,нефтехимия,3,f
92,31,1,2,2026-05-01 06:00:00,2026-05-10 06:00:00,2026-05-05 17:00:00,2026-05-10 06:00:00,107.0,9.0,0,0.0,development,4,2,10.0,13,release,8,Специалист,backend,6,Система мониторинга резервных топливных складов,REGENERGO-SKLAD,2,ПАО «РегионЭнерго»,энергетика,3,t
93,31,15,4,2026-05-05 18:00:00,,2026-05-11 13:00:00,2026-05-08 18:00:00,139.0,3.0,1,67.0,development,4,2,10.0,13,release,2,Средне-специальное,qa,6,Система мониторинга резервных топливных складов,REGENERGO-SKLAD,2,ПАО «РегионЭнерго»,энергетика,3,t
94,31,10,9,2026-05-11 18:00:00,2026-05-12 18:00:00,2026-05-18 17:00:00,2026-05-12 18:00:00,167.0,1.0,1,143.0,development,4,2,10.0,13,release,6,Бакалавр,release_manager,6,Система мониторинга резервных топливных складов,REGENERGO-SKLAD,2,ПАО «РегионЭнерго»,энергетика,3,t
95,32,5,2,2026-03-04 12:00:00,2026-03-14 12:00:00,2026-03-07 22:00:00,2026-03-14 12:00:00,82.0,10.0,0,0.0,development,2,12,60.0,6,release,2,Средне-специальное,backend,3,Личный кабинет оператора заправки,ZAPADTOP-LK,1,АО «ЗападТопливо»,топливная розница,5,f
96,32,4,4,2026-03-08 00:00:00,2026-03-10 00:00:00,2026-03-12 14:00:00,2026-03-10 00:00:00,110.0,2.0,1,62.0,development,2,12,60.0,6,release,4,Бакалавр,qa,3,Личный кабинет оператора заправки,ZAPADTOP-LK,1,АО «ЗападТопливо»,топливная розница,5,f
97,32,5,2,2026-03-12 21:00:00,2026-03-17 21:00:00,2026-03-20 23:00:00,2026-03-17 21:00:00,194.0,5.0,1,74.0,development,2,12,60.0,6,release,2,Средне-специальное,backend,3,Личный кабинет оператора заправки,ZAPADTOP-LK,1,АО «ЗападТопливо»,топливная розница,5,f
98,32,4,4,2026-03-21 01:00:00,,2026-03-26 19:00:00,2026-03-25 01:00:00,138.0,4.0,1,42.0,development,2,12,60.0,6,release,4,Бакалавр,qa,3,Личный кабинет оператора заправки,ZAPADTOP-LK,1,АО «ЗападТопливо»,топливная розница,5,f
99,32,14,9,2026-03-26 20:00:00,2026-03-27 20:00:00,2026-03-31 23:00:00,2026-03-27 20:00:00,123.0,1.0,1,99.0,development,2,12,60.0,6,release,5,Бакалавр,release_manager,3,Личный кабинет оператора заправки,ZAPADTOP-LK,1,АО «ЗападТопливо»,топливная розница,5,f
100,33,6,3,2025-12-29 21:00:00,2026-01-07 21:00:00,2026-01-11 21:00:00,2026-01-07 21:00:00,312.0,9.0,1,96.0,development,1,7,28.0,3,release,3,Бакалавр,design,2,Модуль интеграции с датчиками уровня на АЗС,ZAPADTOP-IOT,1,АО «ЗападТопливо»,топливная розница,3,f
101,33,9,4,2026-01-11 23:00:00,2026-01-14 23:00:00,2026-01-12 22:00:00,2026-01-14 23:00:00,23.0,3.0,0,0.0,development,1,7,28.0,3,release,5,Бакалавр,qa,2,Модуль интеграции с датчиками уровня на АЗС,ZAPADTOP-IOT,1,АО «ЗападТопливо»,топливная розница,3,f
102,33,14,9,2026-01-13 00:00:00,2026-01-14 00:00:00,2026-01-13 15:00:00,2026-01-14 00:00:00,15.0,1.0,0,0.0,development,1,7,28.0,3,release,5,Бакалавр,release_manager,2,Модуль интеграции с датчиками уровня на АЗС,ZAPADTOP-IOT,1,АО «ЗападТопливо»,топливная розница,3,f
104,35,5,2,2026-01-04 02:00:00,2026-01-12 02:00:00,2026-01-15 03:00:00,2026-01-12 02:00:00,265.0,8.0,1,73.0,development,3,9,36.0,3,being_tested,2,Средне-специальное,backend,2,Модуль интеграции с датчиками уровня на АЗС,ZAPADTOP-IOT,1,АО «ЗападТопливо»,топливная розница,2,f
106,36,11,2,2026-01-07 12:00:00,2026-01-13 12:00:00,2026-01-10 03:00:00,2026-01-13 12:00:00,63.0,6.0,0,0.0,development,3,11,55.0,23,release,0,Средне-специальное,backend,10,Сверка остатков при приёмке на нефтебазе,NEFTEHIM-RCV,3,ООО «НефтехимСервис»,нефтехимия,3,f
107,36,15,4,2026-01-10 07:00:00,2026-01-13 07:00:00,2026-01-12 04:00:00,2026-01-13 07:00:00,45.0,3.0,0,0.0,development,3,11,55.0,23,release,2,Средне-специальное,qa,10,Сверка остатков при приёмке на нефтебазе,NEFTEHIM-RCV,3,ООО «НефтехимСервис»,нефтехимия,3,f
108,36,14,9,2026-01-12 05:00:00,2026-01-13 05:00:00,2026-01-14 12:00:00,2026-01-13 05:00:00,55.0,1.0,1,31.0,development,3,11,55.0,23,release,5,Бакалавр,release_manager,10,Сверка остатков при приёмке на нефтебазе,NEFTEHIM-RCV,3,ООО «НефтехимСервис»,нефтехимия,3,f
109,38,1,2,2026-01-07 06:00:00,2026-01-10 06:00:00,2026-01-15 04:00:00,2026-01-10 06:00:00,190.0,3.0,1,118.0,incident,2,4,24.0,3,release,8,Специалист,backend,2,Модуль интеграции с датчиками уровня на АЗС,ZAPADTOP-IOT,1,АО «ЗападТопливо»,топливная розница,3,f
110,38,15,4,2026-01-15 06:00:00,2026-01-18 06:00:00,2026-01-17 20:00:00,2026-01-18 06:00:00,62.0,3.0,0,0.0,incident,2,4,24.0,3,release,2,Средне-специальное,qa,2,Модуль интеграции с датчиками уровня на АЗС,ZAPADTOP-IOT,1,АО «ЗападТопливо»,топливная розница,3,f
111,38,10,9,2026-01-18 02:00:00,2026-01-19 02:00:00,2026-01-22 04:00:00,2026-01-19 02:00:00,98.0,1.0,1,74.0,incident,2,4,24.0,3,release,6,Бакалавр,release_manager,2,Модуль интеграции с датчиками уровня на АЗС,ZAPADTOP-IOT,1,АО «ЗападТопливо»,топливная розница,3,f
112,39,2,1,2026-03-12 07:00:00,2026-03-22 07:00:00,2026-03-21 15:00:00,2026-03-22 07:00:00,224.0,10.0,0,0.0,development,1,3,9.0,26,release,5,Бакалавр,frontend,11,Аналитика и отчёты для руководства,NEFTEHIM-BI,3,ООО «НефтехимСервис»,нефтехимия,7,f
113,39,15,4,2026-03-21 16:00:00,2026-03-22 16:00:00,2026-03-25 22:00:00,2026-03-22 16:00:00,102.0,1.0,1,78.0,development,1,3,9.0,26,release,2,Средне-специальное,qa,11,Аналитика и отчёты для руководства,NEFTEHIM-BI,3,ООО «НефтехимСервис»,нефтехимия,7,f
114,39,2,1,2026-03-26 03:00:00,2026-03-30 03:00:00,2026-03-31 08:00:00,2026-03-30 03:00:00,125.0,4.0,1,29.0,development,1,3,9.0,26,release,5,Бакалавр,frontend,11,Аналитика и отчёты для руководства,NEFTEHIM-BI,3,ООО «НефтехимСервис»,нефтехимия,7,f
115,39,15,4,2026-03-31 10:00:00,2026-04-01 10:00:00,2026-04-01 17:00:00,2026-04-01 10:00:00,31.0,1.0,1,7.0,development,1,3,9.0,26,release,2,Средне-специальное,qa,11,Аналитика и отчёты для руководства,NEFTEHIM-BI,3,ООО «НефтехимСервис»,нефтехимия,7,f
116,39,2,1,2026-04-02 01:00:00,2026-04-04 01:00:00,2026-04-02 16:00:00,2026-04-04 01:00:00,15.0,2.0,0,0.0,development,1,3,9.0,26,release,5,Бакалавр,frontend,11,Аналитика и отчёты для руководства,NEFTEHIM-BI,3,ООО «НефтехимСервис»,нефтехимия,7,f
117,39,15,4,2026-04-02 19:00:00,,2026-04-09 06:00:00,2026-04-07 19:00:00,155.0,5.0,1,35.0,development,1,3,9.0,26,release,2,Средне-специальное,qa,11,Аналитика и отчёты для руководства,NEFTEHIM-BI,3,ООО «НефтехимСервис»,нефтехимия,7,f
118,39,14,9,2026-04-09 07:00:00,2026-04-11 07:00:00,2026-04-11 01:00:00,2026-04-11 07:00:00,42.0,2.0,0,0.0,development,1,3,9.0,26,release,5,Бакалавр,release_manager,11,Аналитика и отчёты для руководства,NEFTEHIM-BI,3,ООО «НефтехимСервис»,нефтехимия,7,f
119,40,3,7,2026-01-11 03:00:00,2026-01-12 03:00:00,2026-01-11 18:00:00,2026-01-12 03:00:00,15.0,1.0,0,0.0,incident,3,8,40.0,20,release,6,Бакалавр,fullstack,9,Логистика перевозок нефтепродуктов,NEFTEHIM-LOG,3,ООО «НефтехимСервис»,нефтехимия,3,f
120,40,15,4,2026-01-11 22:00:00,,2026-01-18 13:00:00,2026-01-14 22:00:00,159.0,3.0,1,87.0,incident,3,8,40.0,20,release,2,Средне-специальное,qa,9,Логистика перевозок нефтепродуктов,NEFTEHIM-LOG,3,ООО «НефтехимСервис»,нефтехимия,3,f
121,40,14,9,2026-01-18 18:00:00,2026-01-20 18:00:00,2026-01-19 17:00:00,2026-01-20 18:00:00,23.0,2.0,0,0.0,incident,3,8,40.0,20,release,5,Бакалавр,release_manager,9,Логистика перевозок нефтепродуктов,NEFTEHIM-LOG,3,ООО «НефтехимСервис»,нефтехимия,3,f
122,41,6,3,2026-03-04 08:00:00,2026-03-07 08:00:00,2026-03-12 07:00:00,2026-03-07 08:00:00,191.0,3.0,1,119.0,incident,3,8,32.0,2,being_tested,3,Бакалавр,design,1,ПО учёта остатков топлива на АЗС и электростанциях,ZAPADTOP-FUEL,1,АО «ЗападТопливо»,топливная розница,2,f
124,42,8,1,2026-01-03 11:00:00,2026-01-07 11:00:00,2026-01-08 13:00:00,2026-01-07 11:00:00,122.0,4.0,1,26.0,development,5,6,24.0,20,release,1,Средне-специальное,frontend,9,Логистика перевозок нефтепродуктов,NEFTEHIM-LOG,3,ООО «НефтехимСервис»,нефтехимия,3,t
125,42,9,4,2026-01-08 16:00:00,2026-01-09 16:00:00,2026-01-12 01:00:00,2026-01-09 16:00:00,81.0,1.0,1,57.0,development,5,6,24.0,20,release,5,Бакалавр,qa,9,Логистика перевозок нефтепродуктов,NEFTEHIM-LOG,3,ООО «НефтехимСервис»,нефтехимия,3,t
126,42,10,9,2026-01-12 05:00:00,2026-01-13 05:00:00,2026-01-12 17:00:00,2026-01-13 05:00:00,12.0,1.0,0,0.0,development,5,6,24.0,20,release,6,Бакалавр,release_manager,9,Логистика перевозок нефтепродуктов,NEFTEHIM-LOG,3,ООО «НефтехимСервис»,нефтехимия,3,t
127,43,1,2,2026-01-08 23:00:00,2026-01-15 23:00:00,2026-01-12 00:00:00,2026-01-15 23:00:00,73.0,7.0,0,0.0,development,1,9,54.0,3,being_tested,8,Специалист,backend,2,Модуль интеграции с датчиками уровня на АЗС,ZAPADTOP-IOT,1,АО «ЗападТопливо»,топливная розница,2,f
129,45,6,3,2026-01-06 23:00:00,2026-01-16 23:00:00,2026-01-13 00:00:00,2026-01-16 23:00:00,145.0,10.0,0,0.0,development,1,13,78.0,17,release,3,Бакалавр,design,8,Портал заявок на доработку от эксплуатации,REGENERGO-REQ,2,ПАО «РегионЭнерго»,энергетика,3,f
130,45,4,4,2026-01-13 02:00:00,,2026-01-15 11:00:00,2026-01-16 02:00:00,57.0,3.0,0,0.0,development,1,13,78.0,17,release,4,Бакалавр,qa,8,Портал заявок на доработку от эксплуатации,REGENERGO-REQ,2,ПАО «РегионЭнерго»,энергетика,3,f
131,45,10,9,2026-01-15 13:00:00,2026-01-17 13:00:00,2026-01-16 08:00:00,2026-01-17 13:00:00,19.0,2.0,0,0.0,development,1,13,78.0,17,release,6,Бакалавр,release_manager,8,Портал заявок на доработку от эксплуатации,REGENERGO-REQ,2,ПАО «РегионЭнерго»,энергетика,3,f
132,47,11,2,2026-01-05 06:00:00,2026-01-11 06:00:00,2026-01-12 13:00:00,2026-01-11 06:00:00,175.0,6.0,1,31.0,development,2,2,12.0,27,being_tested,0,Средне-специальное,backend,12,Мобильное приложение для инспекторов АЗС,NEFTEHIM-MOB,3,ООО «НефтехимСервис»,нефтехимия,2,f
134,48,6,3,2026-01-07 07:00:00,2026-01-14 07:00:00,2026-01-10 21:00:00,2026-01-14 07:00:00,86.0,7.0,0,0.0,development,3,6,18.0,25,release,3,Бакалавр,design,11,Аналитика и отчёты для руководства,NEFTEHIM-BI,3,ООО «НефтехимСервис»,нефтехимия,5,f
135,48,15,4,2026-01-11 01:00:00,,2026-01-17 17:00:00,2026-01-14 01:00:00,160.0,3.0,1,88.0,development,3,6,18.0,25,release,2,Средне-специальное,qa,11,Аналитика и отчёты для руководства,NEFTEHIM-BI,3,ООО «НефтехимСервис»,нефтехимия,5,f
136,48,6,3,2026-01-17 21:00:00,2026-01-21 21:00:00,2026-01-22 11:00:00,2026-01-21 21:00:00,110.0,4.0,1,14.0,development,3,6,18.0,25,release,3,Бакалавр,design,11,Аналитика и отчёты для руководства,NEFTEHIM-BI,3,ООО «НефтехимСервис»,нефтехимия,5,f
137,48,15,4,2026-01-22 15:00:00,2026-01-25 15:00:00,2026-01-31 00:00:00,2026-01-25 15:00:00,201.0,3.0,1,129.0,development,3,6,18.0,25,release,2,Средне-специальное,qa,11,Аналитика и отчёты для руководства,NEFTEHIM-BI,3,ООО «НефтехимСервис»,нефтехимия,5,f
138,48,14,9,2026-01-31 05:00:00,2026-02-02 05:00:00,2026-02-06 04:00:00,2026-02-02 05:00:00,143.0,2.0,1,95.0,development,3,6,18.0,25,release,5,Бакалавр,release_manager,11,Аналитика и отчёты для руководства,NEFTEHIM-BI,3,ООО «НефтехимСервис»,нефтехимия,5,f
139,49,11,2,2026-01-10 02:00:00,2026-01-19 02:00:00,2026-01-17 09:00:00,2026-01-19 02:00:00,175.0,9.0,0,0.0,development,3,13,78.0,1,release,0,Средне-специальное,backend,1,ПО учёта остатков топлива на АЗС и электростанциях,ZAPADTOP-FUEL,1,АО «ЗападТопливо»,топливная розница,3,f
140,49,4,4,2026-01-17 13:00:00,2026-01-18 13:00:00,2026-01-18 10:00:00,2026-01-18 13:00:00,21.0,1.0,0,0.0,development,3,13,78.0,1,release,4,Бакалавр,qa,1,ПО учёта остатков топлива на АЗС и электростанциях,ZAPADTOP-FUEL,1,АО «ЗападТопливо»,топливная розница,3,f
141,49,10,9,2026-01-18 16:00:00,2026-01-20 16:00:00,2026-01-19 22:00:00,2026-01-20 16:00:00,30.0,2.0,0,0.0,development,3,13,78.0,1,release,6,Бакалавр,release_manager,1,ПО учёта остатков топлива на АЗС и электростанциях,ZAPADTOP-FUEL,1,АО «ЗападТопливо»,топливная розница,3,f
143,51,3,7,2026-01-04 07:00:00,2026-01-13 07:00:00,2026-01-07 23:00:00,2026-01-13 07:00:00,88.0,9.0,0,0.0,development,4,4,24.0,11,release,6,Бакалавр,fullstack,6,Система мониторинга резервных топливных складов,REGENERGO-SKLAD,2,ПАО «РегионЭнерго»,энергетика,7,t
144,51,15,4,2026-01-08 01:00:00,2026-01-11 01:00:00,2026-01-14 17:00:00,2026-01-11 01:00:00,160.0,3.0,1,88.0,development,4,4,24.0,11,release,2,Средне-специальное,qa,6,Система мониторинга резервных топливных складов,REGENERGO-SKLAD,2,ПАО «РегионЭнерго»,энергетика,7,t
145,51,3,7,2026-01-14 19:00:00,2026-01-18 19:00:00,2026-01-17 11:00:00,2026-01-18 19:00:00,64.0,4.0,0,0.0,development,4,4,24.0,11,release,6,Бакалавр,fullstack,6,Система мониторинга резервных топливных складов,REGENERGO-SKLAD,2,ПАО «РегионЭнерго»,энергетика,7,t
146,51,15,4,2026-01-17 14:00:00,2026-01-18 14:00:00,2026-01-22 03:00:00,2026-01-18 14:00:00,109.0,1.0,1,85.0,development,4,4,24.0,11,release,2,Средне-специальное,qa,6,Система мониторинга резервных топливных складов,REGENERGO-SKLAD,2,ПАО «РегионЭнерго»,энергетика,7,t
147,51,3,7,2026-01-22 09:00:00,2026-01-26 09:00:00,2026-01-28 03:00:00,2026-01-26 09:00:00,138.0,4.0,1,42.0,development,4,4,24.0,11,release,6,Бакалавр,fullstack,6,Система мониторинга резервных топливных складов,REGENERGO-SKLAD,2,ПАО «РегионЭнерго»,энергетика,7,t
148,51,15,4,2026-01-28 06:00:00,,2026-02-03 14:00:00,2026-02-02 06:00:00,152.0,5.0,1,32.0,development,4,4,24.0,11,release,2,Средне-специальное,qa,6,Система мониторинга резервных топливных складов,REGENERGO-SKLAD,2,ПАО «РегионЭнерго»,энергетика,7,t
149,51,10,9,2026-02-03 17:00:00,2026-02-05 17:00:00,2026-02-05 02:00:00,2026-02-05 17:00:00,33.0,2.0,0,0.0,development,4,4,24.0,11,release,6,Бакалавр,release_manager,6,Система мониторинга резервных топливных складов,REGENERGO-SKLAD,2,ПАО «РегионЭнерго»,энергетика,7,t
150,53,5,2,2026-05-06 09:00:00,2026-05-07 09:00:00,2026-05-10 06:00:00,2026-05-07 09:00:00,93.0,1.0,1,69.0,incident,2,11,44.0,13,being_tested,2,Средне-специальное,backend,6,Система мониторинга резервных топливных складов,REGENERGO-SKLAD,2,ПАО «РегионЭнерго»,энергетика,2,f
152,54,6,3,2026-01-08 10:00:00,2026-01-11 10:00:00,2026-01-15 09:00:00,2026-01-11 10:00:00,167.0,3.0,1,95.0,incident,4,5,20.0,25,being_tested,3,Бакалавр,design,11,Аналитика и отчёты для руководства,NEFTEHIM-BI,3,ООО «НефтехимСервис»,нефтехимия,2,t
154,56,6,3,2026-01-08 11:00:00,2026-01-09 11:00:00,2026-01-08 18:00:00,2026-01-09 11:00:00,7.0,1.0,0,0.0,incident,3,13,52.0,10,release,3,Бакалавр,design,5,Учёт топлива на котельных и ТЭЦ,REGENERGO-TEC,2,ПАО «РегионЭнерго»,энергетика,3,f
413,155,5,2,2026-03-13 09:00:00,2026-03-23 09:00:00,2026-03-25 01:00:00,2026-03-23 09:00:00,280.0,10.0,1,40.0,development,1,10,60.0,18,being_tested,2,Средне-специальное,backend,8,Портал заявок на доработку от эксплуатации,REGENERGO-REQ,2,ПАО «РегионЭнерго»,энергетика,2,f
155,56,15,4,2026-01-08 19:00:00,,2026-01-14 07:00:00,2026-01-13 19:00:00,132.0,5.0,1,12.0,incident,3,13,52.0,10,release,2,Средне-специальное,qa,5,Учёт топлива на котельных и ТЭЦ,REGENERGO-TEC,2,ПАО «РегионЭнерго»,энергетика,3,f
156,56,14,9,2026-01-14 08:00:00,2026-01-15 08:00:00,2026-01-15 05:00:00,2026-01-15 08:00:00,21.0,1.0,0,0.0,incident,3,13,52.0,10,release,5,Бакалавр,release_manager,5,Учёт топлива на котельных и ТЭЦ,REGENERGO-TEC,2,ПАО «РегионЭнерго»,энергетика,3,f
157,57,6,3,2026-03-11 00:00:00,2026-03-14 00:00:00,2026-03-16 15:00:00,2026-03-14 00:00:00,135.0,3.0,1,63.0,development,4,3,12.0,4,being_tested,3,Бакалавр,design,2,Модуль интеграции с датчиками уровня на АЗС,ZAPADTOP-IOT,1,АО «ЗападТопливо»,топливная розница,2,t
159,58,6,3,2026-05-08 21:00:00,2026-05-10 21:00:00,2026-05-13 18:00:00,2026-05-10 21:00:00,117.0,2.0,1,69.0,incident,2,5,15.0,19,release,3,Бакалавр,design,8,Портал заявок на доработку от эксплуатации,REGENERGO-REQ,2,ПАО «РегионЭнерго»,энергетика,3,f
160,58,9,4,2026-05-13 22:00:00,,2026-05-19 10:00:00,2026-05-18 22:00:00,132.0,5.0,1,12.0,incident,2,5,15.0,19,release,5,Бакалавр,qa,8,Портал заявок на доработку от эксплуатации,REGENERGO-REQ,2,ПАО «РегионЭнерго»,энергетика,3,f
161,58,14,9,2026-05-19 16:00:00,2026-05-21 16:00:00,2026-05-20 11:00:00,2026-05-21 16:00:00,19.0,2.0,0,0.0,incident,2,5,15.0,19,release,5,Бакалавр,release_manager,8,Портал заявок на доработку от эксплуатации,REGENERGO-REQ,2,ПАО «РегионЭнерго»,энергетика,3,f
162,60,2,1,2026-03-15 20:00:00,2026-03-22 20:00:00,2026-03-18 02:00:00,2026-03-22 20:00:00,54.0,7.0,0,0.0,development,1,4,24.0,2,release,5,Бакалавр,frontend,1,ПО учёта остатков топлива на АЗС и электростанциях,ZAPADTOP-FUEL,1,АО «ЗападТопливо»,топливная розница,3,f
163,60,9,4,2026-03-18 03:00:00,2026-03-20 03:00:00,2026-03-19 18:00:00,2026-03-20 03:00:00,39.0,2.0,0,0.0,development,1,4,24.0,2,release,5,Бакалавр,qa,1,ПО учёта остатков топлива на АЗС и электростанциях,ZAPADTOP-FUEL,1,АО «ЗападТопливо»,топливная розница,3,f
164,60,14,9,2026-03-19 20:00:00,2026-03-21 20:00:00,2026-03-24 06:00:00,2026-03-21 20:00:00,106.0,2.0,1,58.0,development,1,4,24.0,2,release,5,Бакалавр,release_manager,1,ПО учёта остатков топлива на АЗС и электростанциях,ZAPADTOP-FUEL,1,АО «ЗападТопливо»,топливная розница,3,f
165,62,5,2,2026-05-02 06:00:00,2026-05-05 06:00:00,2026-05-08 19:00:00,2026-05-05 06:00:00,157.0,3.0,1,85.0,incident,5,1,4.0,16,release,2,Средне-специальное,backend,7,Интеграция с SCADA энергообъектов,REGENERGO-SCADA,2,ПАО «РегионЭнерго»,энергетика,3,t
166,62,4,4,2026-05-08 23:00:00,2026-05-09 23:00:00,2026-05-13 22:00:00,2026-05-09 23:00:00,119.0,1.0,1,95.0,incident,5,1,4.0,16,release,4,Бакалавр,qa,7,Интеграция с SCADA энергообъектов,REGENERGO-SCADA,2,ПАО «РегионЭнерго»,энергетика,3,t
167,62,14,9,2026-05-14 00:00:00,2026-05-16 00:00:00,2026-05-18 00:00:00,2026-05-16 00:00:00,96.0,2.0,1,48.0,incident,5,1,4.0,16,release,5,Бакалавр,release_manager,7,Интеграция с SCADA энергообъектов,REGENERGO-SCADA,2,ПАО «РегионЭнерго»,энергетика,3,t
168,63,5,2,2026-03-07 01:00:00,2026-03-15 01:00:00,2026-03-11 02:00:00,2026-03-15 01:00:00,97.0,8.0,0,0.0,development,2,3,15.0,28,release,2,Средне-специальное,backend,12,Мобильное приложение для инспекторов АЗС,NEFTEHIM-MOB,3,ООО «НефтехимСервис»,нефтехимия,3,f
169,63,15,4,2026-03-11 06:00:00,,2026-03-17 12:00:00,2026-03-16 06:00:00,150.0,5.0,1,30.0,development,2,3,15.0,28,release,2,Средне-специальное,qa,12,Мобильное приложение для инспекторов АЗС,NEFTEHIM-MOB,3,ООО «НефтехимСервис»,нефтехимия,3,f
170,63,14,9,2026-03-17 13:00:00,2026-03-19 13:00:00,2026-03-23 00:00:00,2026-03-19 13:00:00,131.0,2.0,1,83.0,development,2,3,15.0,28,release,5,Бакалавр,release_manager,12,Мобильное приложение для инспекторов АЗС,NEFTEHIM-MOB,3,ООО «НефтехимСервис»,нефтехимия,3,f
171,64,1,2,2026-03-04 16:00:00,2026-03-13 16:00:00,2026-03-10 01:00:00,2026-03-13 16:00:00,129.0,9.0,0,0.0,development,1,13,39.0,12,release,8,Специалист,backend,6,Система мониторинга резервных топливных складов,REGENERGO-SKLAD,2,ПАО «РегионЭнерго»,энергетика,7,f
172,64,9,4,2026-03-10 04:00:00,,2026-03-16 05:00:00,2026-03-13 04:00:00,145.0,3.0,1,73.0,development,1,13,39.0,12,release,5,Бакалавр,qa,6,Система мониторинга резервных топливных складов,REGENERGO-SKLAD,2,ПАО «РегионЭнерго»,энергетика,7,f
173,64,1,2,2026-03-16 11:00:00,2026-03-20 11:00:00,2026-03-22 16:00:00,2026-03-20 11:00:00,149.0,4.0,1,53.0,development,1,13,39.0,12,release,8,Специалист,backend,6,Система мониторинга резервных топливных складов,REGENERGO-SKLAD,2,ПАО «РегионЭнерго»,энергетика,7,f
174,64,9,4,2026-03-22 17:00:00,2026-03-24 17:00:00,2026-03-27 13:00:00,2026-03-24 17:00:00,116.0,2.0,1,68.0,development,1,13,39.0,12,release,5,Бакалавр,qa,6,Система мониторинга резервных топливных складов,REGENERGO-SKLAD,2,ПАО «РегионЭнерго»,энергетика,7,f
175,64,1,2,2026-03-27 20:00:00,2026-03-30 20:00:00,2026-03-31 21:00:00,2026-03-30 20:00:00,97.0,3.0,1,25.0,development,1,13,39.0,12,release,8,Специалист,backend,6,Система мониторинга резервных топливных складов,REGENERGO-SKLAD,2,ПАО «РегионЭнерго»,энергетика,7,f
176,64,9,4,2026-03-31 22:00:00,2026-04-03 22:00:00,2026-04-08 07:00:00,2026-04-03 22:00:00,177.0,3.0,1,105.0,development,1,13,39.0,12,release,5,Бакалавр,qa,6,Система мониторинга резервных топливных складов,REGENERGO-SKLAD,2,ПАО «РегионЭнерго»,энергетика,7,f
177,64,14,9,2026-04-08 11:00:00,2026-04-09 11:00:00,2026-04-10 15:00:00,2026-04-09 11:00:00,52.0,1.0,1,28.0,development,1,13,39.0,12,release,5,Бакалавр,release_manager,6,Система мониторинга резервных топливных складов,REGENERGO-SKLAD,2,ПАО «РегионЭнерго»,энергетика,7,f
182,69,6,3,2026-03-03 15:00:00,2026-03-06 15:00:00,2026-03-06 21:00:00,2026-03-06 15:00:00,78.0,3.0,1,6.0,incident,2,8,24.0,15,release,3,Бакалавр,design,7,Интеграция с SCADA энергообъектов,REGENERGO-SCADA,2,ПАО «РегионЭнерго»,энергетика,3,f
183,69,4,4,2026-03-07 01:00:00,2026-03-08 01:00:00,2026-03-11 03:00:00,2026-03-08 01:00:00,98.0,1.0,1,74.0,incident,2,8,24.0,15,release,4,Бакалавр,qa,7,Интеграция с SCADA энергообъектов,REGENERGO-SCADA,2,ПАО «РегионЭнерго»,энергетика,3,f
184,69,14,9,2026-03-11 05:00:00,2026-03-13 05:00:00,2026-03-16 10:00:00,2026-03-13 05:00:00,125.0,2.0,1,77.0,incident,2,8,24.0,15,release,5,Бакалавр,release_manager,7,Интеграция с SCADA энергообъектов,REGENERGO-SCADA,2,ПАО «РегионЭнерго»,энергетика,3,f
185,71,6,3,2026-01-01 03:00:00,2026-01-11 03:00:00,2026-01-14 19:00:00,2026-01-11 03:00:00,328.0,10.0,1,88.0,development,1,11,55.0,25,release,3,Бакалавр,design,11,Аналитика и отчёты для руководства,NEFTEHIM-BI,3,ООО «НефтехимСервис»,нефтехимия,3,f
186,71,15,4,2026-01-14 23:00:00,2026-01-16 23:00:00,2026-01-21 03:00:00,2026-01-16 23:00:00,148.0,2.0,1,100.0,development,1,11,55.0,25,release,2,Средне-специальное,qa,11,Аналитика и отчёты для руководства,NEFTEHIM-BI,3,ООО «НефтехимСервис»,нефтехимия,3,f
187,71,10,9,2026-01-21 04:00:00,2026-01-23 04:00:00,2026-01-21 21:00:00,2026-01-23 04:00:00,17.0,2.0,0,0.0,development,1,11,55.0,25,release,6,Бакалавр,release_manager,11,Аналитика и отчёты для руководства,NEFTEHIM-BI,3,ООО «НефтехимСервис»,нефтехимия,3,f
189,73,6,3,2026-01-01 19:00:00,2026-01-08 19:00:00,2026-01-11 14:00:00,2026-01-08 19:00:00,235.0,7.0,1,67.0,development,1,11,33.0,5,release,3,Бакалавр,design,3,Личный кабинет оператора заправки,ZAPADTOP-LK,1,АО «ЗападТопливо»,топливная розница,3,f
190,73,15,4,2026-01-11 15:00:00,2026-01-13 15:00:00,2026-01-17 05:00:00,2026-01-13 15:00:00,134.0,2.0,1,86.0,development,1,11,33.0,5,release,2,Средне-специальное,qa,3,Личный кабинет оператора заправки,ZAPADTOP-LK,1,АО «ЗападТопливо»,топливная розница,3,f
191,73,10,9,2026-01-17 07:00:00,2026-01-19 07:00:00,2026-01-18 19:00:00,2026-01-19 07:00:00,36.0,2.0,0,0.0,development,1,11,33.0,5,release,6,Бакалавр,release_manager,3,Личный кабинет оператора заправки,ZAPADTOP-LK,1,АО «ЗападТопливо»,топливная розница,3,f
192,74,1,2,2026-01-09 03:00:00,2026-01-16 03:00:00,2026-01-15 18:00:00,2026-01-16 03:00:00,159.0,7.0,0,0.0,development,3,6,24.0,1,release,8,Специалист,backend,1,ПО учёта остатков топлива на АЗС и электростанциях,ZAPADTOP-FUEL,1,АО «ЗападТопливо»,топливная розница,3,f
193,74,4,4,2026-01-17 01:00:00,2026-01-20 01:00:00,2026-01-21 07:00:00,2026-01-20 01:00:00,102.0,3.0,1,30.0,development,3,6,24.0,1,release,4,Бакалавр,qa,1,ПО учёта остатков топлива на АЗС и электростанциях,ZAPADTOP-FUEL,1,АО «ЗападТопливо»,топливная розница,3,f
194,74,10,9,2026-01-21 09:00:00,2026-01-23 09:00:00,2026-01-22 17:00:00,2026-01-23 09:00:00,32.0,2.0,0,0.0,development,3,6,24.0,1,release,6,Бакалавр,release_manager,1,ПО учёта остатков топлива на АЗС и электростанциях,ZAPADTOP-FUEL,1,АО «ЗападТопливо»,топливная розница,3,f
195,75,3,7,2026-01-11 01:00:00,2026-01-16 01:00:00,2026-01-14 06:00:00,2026-01-16 01:00:00,77.0,5.0,0,0.0,development,2,7,28.0,5,release,6,Бакалавр,fullstack,3,Личный кабинет оператора заправки,ZAPADTOP-LK,1,АО «ЗападТопливо»,топливная розница,3,f
196,75,9,4,2026-01-14 09:00:00,,2026-01-18 22:00:00,2026-01-19 09:00:00,109.0,5.0,0,0.0,development,2,7,28.0,5,release,5,Бакалавр,qa,3,Личный кабинет оператора заправки,ZAPADTOP-LK,1,АО «ЗападТопливо»,топливная розница,3,f
197,75,10,9,2026-01-19 03:00:00,2026-01-21 03:00:00,2026-01-20 05:00:00,2026-01-21 03:00:00,26.0,2.0,0,0.0,development,2,7,28.0,5,release,6,Бакалавр,release_manager,3,Личный кабинет оператора заправки,ZAPADTOP-LK,1,АО «ЗападТопливо»,топливная розница,3,f
199,79,11,2,2026-01-03 14:00:00,2026-01-05 14:00:00,2026-01-05 10:00:00,2026-01-05 14:00:00,44.0,2.0,0,0.0,incident,2,12,36.0,25,release,0,Средне-специальное,backend,11,Аналитика и отчёты для руководства,NEFTEHIM-BI,3,ООО «НефтехимСервис»,нефтехимия,3,f
200,79,9,4,2026-01-05 14:00:00,,2026-01-07 21:00:00,2026-01-08 14:00:00,55.0,3.0,0,0.0,incident,2,12,36.0,25,release,5,Бакалавр,qa,11,Аналитика и отчёты для руководства,NEFTEHIM-BI,3,ООО «НефтехимСервис»,нефтехимия,3,f
201,79,10,9,2026-01-08 00:00:00,2026-01-09 00:00:00,2026-01-11 09:00:00,2026-01-09 00:00:00,81.0,1.0,1,57.0,incident,2,12,36.0,25,release,6,Бакалавр,release_manager,11,Аналитика и отчёты для руководства,NEFTEHIM-BI,3,ООО «НефтехимСервис»,нефтехимия,3,f
202,80,3,7,2026-05-03 16:00:00,2026-05-09 16:00:00,2026-05-14 16:00:00,2026-05-09 16:00:00,264.0,6.0,1,120.0,development,1,3,18.0,9,being_tested,6,Бакалавр,fullstack,4,Отчётность по остаткам для Ростехнадзора,ZAPADTOP-RTN,1,АО «ЗападТопливо»,топливная розница,2,f
204,81,1,2,2026-03-12 19:00:00,2026-03-15 19:00:00,2026-03-17 16:00:00,2026-03-15 19:00:00,117.0,3.0,1,45.0,incident,3,13,78.0,2,being_tested,8,Специалист,backend,1,ПО учёта остатков топлива на АЗС и электростанциях,ZAPADTOP-FUEL,1,АО «ЗападТопливо»,топливная розница,2,f
206,82,13,7,2026-01-13 23:00:00,2026-01-19 23:00:00,2026-01-16 18:00:00,2026-01-19 23:00:00,67.0,6.0,0,0.0,development,1,13,65.0,17,release,3,Средне-специальное,fullstack,8,Портал заявок на доработку от эксплуатации,REGENERGO-REQ,2,ПАО «РегионЭнерго»,энергетика,3,f
207,82,4,4,2026-01-16 19:00:00,,2026-01-25 03:00:00,2026-01-21 19:00:00,200.0,5.0,1,80.0,development,1,13,65.0,17,release,4,Бакалавр,qa,8,Портал заявок на доработку от эксплуатации,REGENERGO-REQ,2,ПАО «РегионЭнерго»,энергетика,3,f
208,82,14,9,2026-01-25 06:00:00,2026-01-27 06:00:00,2026-01-29 11:00:00,2026-01-27 06:00:00,101.0,2.0,1,53.0,development,1,13,65.0,17,release,5,Бакалавр,release_manager,8,Портал заявок на доработку от эксплуатации,REGENERGO-REQ,2,ПАО «РегионЭнерго»,энергетика,3,f
209,83,3,7,2026-01-03 02:00:00,2026-01-04 02:00:00,2026-01-06 07:00:00,2026-01-04 02:00:00,77.0,1.0,1,53.0,incident,1,9,54.0,10,release,6,Бакалавр,fullstack,5,Учёт топлива на котельных и ТЭЦ,REGENERGO-TEC,2,ПАО «РегионЭнерго»,энергетика,5,f
210,83,4,4,2026-01-06 09:00:00,,2026-01-14 20:00:00,2026-01-09 09:00:00,203.0,3.0,1,131.0,incident,1,9,54.0,10,release,4,Бакалавр,qa,5,Учёт топлива на котельных и ТЭЦ,REGENERGO-TEC,2,ПАО «РегионЭнерго»,энергетика,5,f
211,83,3,7,2026-01-14 22:00:00,2026-01-17 22:00:00,2026-01-17 05:00:00,2026-01-17 22:00:00,55.0,3.0,0,0.0,incident,1,9,54.0,10,release,6,Бакалавр,fullstack,5,Учёт топлива на котельных и ТЭЦ,REGENERGO-TEC,2,ПАО «РегионЭнерго»,энергетика,5,f
212,83,4,4,2026-01-17 07:00:00,2026-01-18 07:00:00,2026-01-23 12:00:00,2026-01-18 07:00:00,149.0,1.0,1,125.0,incident,1,9,54.0,10,release,4,Бакалавр,qa,5,Учёт топлива на котельных и ТЭЦ,REGENERGO-TEC,2,ПАО «РегионЭнерго»,энергетика,5,f
213,83,14,9,2026-01-23 18:00:00,2026-01-24 18:00:00,2026-01-27 14:00:00,2026-01-24 18:00:00,92.0,1.0,1,68.0,incident,1,9,54.0,10,release,5,Бакалавр,release_manager,5,Учёт топлива на котельных и ТЭЦ,REGENERGO-TEC,2,ПАО «РегионЭнерго»,энергетика,5,f
214,84,5,2,2026-03-11 13:00:00,2026-03-16 13:00:00,2026-03-20 01:00:00,2026-03-16 13:00:00,204.0,5.0,1,84.0,development,1,13,39.0,2,release,2,Средне-специальное,backend,1,ПО учёта остатков топлива на АЗС и электростанциях,ZAPADTOP-FUEL,1,АО «ЗападТопливо»,топливная розница,9,f
215,84,15,4,2026-03-20 05:00:00,2026-03-23 05:00:00,2026-03-24 13:00:00,2026-03-23 05:00:00,104.0,3.0,1,32.0,development,1,13,39.0,2,release,2,Средне-специальное,qa,1,ПО учёта остатков топлива на АЗС и электростанциях,ZAPADTOP-FUEL,1,АО «ЗападТопливо»,топливная розница,9,f
216,84,5,2,2026-03-24 16:00:00,2026-03-26 16:00:00,2026-03-29 13:00:00,2026-03-26 16:00:00,117.0,2.0,1,69.0,development,1,13,39.0,2,release,2,Средне-специальное,backend,1,ПО учёта остатков топлива на АЗС и электростанциях,ZAPADTOP-FUEL,1,АО «ЗападТопливо»,топливная розница,9,f
217,84,15,4,2026-03-29 15:00:00,2026-03-31 15:00:00,2026-03-30 23:00:00,2026-03-31 15:00:00,32.0,2.0,0,0.0,development,1,13,39.0,2,release,2,Средне-специальное,qa,1,ПО учёта остатков топлива на АЗС и электростанциях,ZAPADTOP-FUEL,1,АО «ЗападТопливо»,топливная розница,9,f
218,84,5,2,2026-03-31 05:00:00,2026-04-05 05:00:00,2026-04-08 00:00:00,2026-04-05 05:00:00,187.0,5.0,1,67.0,development,1,13,39.0,2,release,2,Средне-специальное,backend,1,ПО учёта остатков топлива на АЗС и электростанциях,ZAPADTOP-FUEL,1,АО «ЗападТопливо»,топливная розница,9,f
219,84,15,4,2026-04-08 04:00:00,2026-04-11 04:00:00,2026-04-15 11:00:00,2026-04-11 04:00:00,175.0,3.0,1,103.0,development,1,13,39.0,2,release,2,Средне-специальное,qa,1,ПО учёта остатков топлива на АЗС и электростанциях,ZAPADTOP-FUEL,1,АО «ЗападТопливо»,топливная розница,9,f
220,84,5,2,2026-04-15 19:00:00,2026-04-18 19:00:00,2026-04-20 17:00:00,2026-04-18 19:00:00,118.0,3.0,1,46.0,development,1,13,39.0,2,release,2,Средне-специальное,backend,1,ПО учёта остатков топлива на АЗС и электростанциях,ZAPADTOP-FUEL,1,АО «ЗападТопливо»,топливная розница,9,f
221,84,15,4,2026-04-20 18:00:00,2026-04-22 18:00:00,2026-04-21 13:00:00,2026-04-22 18:00:00,19.0,2.0,0,0.0,development,1,13,39.0,2,release,2,Средне-специальное,qa,1,ПО учёта остатков топлива на АЗС и электростанциях,ZAPADTOP-FUEL,1,АО «ЗападТопливо»,топливная розница,9,f
222,84,10,9,2026-04-21 14:00:00,2026-04-22 14:00:00,2026-04-23 17:00:00,2026-04-22 14:00:00,51.0,1.0,1,27.0,development,1,13,39.0,2,release,6,Бакалавр,release_manager,1,ПО учёта остатков топлива на АЗС и электростанциях,ZAPADTOP-FUEL,1,АО «ЗападТопливо»,топливная розница,9,f
223,85,6,3,2026-01-05 18:00:00,2026-01-10 18:00:00,2026-01-16 00:00:00,2026-01-10 18:00:00,246.0,5.0,1,126.0,development,1,10,30.0,25,release,3,Бакалавр,design,11,Аналитика и отчёты для руководства,NEFTEHIM-BI,3,ООО «НефтехимСервис»,нефтехимия,3,f
224,85,9,4,2026-01-16 01:00:00,,2026-01-23 18:00:00,2026-01-21 01:00:00,185.0,5.0,1,65.0,development,1,10,30.0,25,release,5,Бакалавр,qa,11,Аналитика и отчёты для руководства,NEFTEHIM-BI,3,ООО «НефтехимСервис»,нефтехимия,3,f
225,85,10,9,2026-01-23 23:00:00,2026-01-24 23:00:00,2026-01-24 17:00:00,2026-01-24 23:00:00,18.0,1.0,0,0.0,development,1,10,30.0,25,release,6,Бакалавр,release_manager,11,Аналитика и отчёты для руководства,NEFTEHIM-BI,3,ООО «НефтехимСервис»,нефтехимия,3,f
226,86,2,1,2026-01-06 15:00:00,2026-01-12 15:00:00,2026-01-10 18:00:00,2026-01-12 15:00:00,99.0,6.0,0,0.0,development,1,5,25.0,3,release,5,Бакалавр,frontend,2,Модуль интеграции с датчиками уровня на АЗС,ZAPADTOP-IOT,1,АО «ЗападТопливо»,топливная розница,5,f
227,86,15,4,2026-01-10 22:00:00,2026-01-12 22:00:00,2026-01-15 05:00:00,2026-01-12 22:00:00,103.0,2.0,1,55.0,development,1,5,25.0,3,release,2,Средне-специальное,qa,2,Модуль интеграции с датчиками уровня на АЗС,ZAPADTOP-IOT,1,АО «ЗападТопливо»,топливная розница,5,f
228,86,2,1,2026-01-15 10:00:00,2026-01-19 10:00:00,2026-01-23 15:00:00,2026-01-19 10:00:00,197.0,4.0,1,101.0,development,1,5,25.0,3,release,5,Бакалавр,frontend,2,Модуль интеграции с датчиками уровня на АЗС,ZAPADTOP-IOT,1,АО «ЗападТопливо»,топливная розница,5,f
229,86,15,4,2026-01-23 19:00:00,2026-01-25 19:00:00,2026-01-27 07:00:00,2026-01-25 19:00:00,84.0,2.0,1,36.0,development,1,5,25.0,3,release,2,Средне-специальное,qa,2,Модуль интеграции с датчиками уровня на АЗС,ZAPADTOP-IOT,1,АО «ЗападТопливо»,топливная розница,5,f
230,86,10,9,2026-01-27 12:00:00,2026-01-28 12:00:00,2026-01-27 19:00:00,2026-01-28 12:00:00,7.0,1.0,0,0.0,development,1,5,25.0,3,release,6,Бакалавр,release_manager,2,Модуль интеграции с датчиками уровня на АЗС,ZAPADTOP-IOT,1,АО «ЗападТопливо»,топливная розница,5,f
231,87,6,3,2026-01-01 04:00:00,2026-01-02 04:00:00,2026-01-04 14:00:00,2026-01-02 04:00:00,82.0,1.0,1,58.0,incident,4,10,60.0,27,release,3,Бакалавр,design,12,Мобильное приложение для инспекторов АЗС,NEFTEHIM-MOB,3,ООО «НефтехимСервис»,нефтехимия,3,t
232,87,15,4,2026-01-05 03:00:00,,2026-01-09 16:00:00,2026-01-08 03:00:00,109.0,3.0,1,37.0,incident,4,10,60.0,27,release,2,Средне-специальное,qa,12,Мобильное приложение для инспекторов АЗС,NEFTEHIM-MOB,3,ООО «НефтехимСервис»,нефтехимия,3,t
233,87,14,9,2026-01-09 21:00:00,2026-01-10 21:00:00,2026-01-10 09:00:00,2026-01-10 21:00:00,12.0,1.0,0,0.0,incident,4,10,60.0,27,release,5,Бакалавр,release_manager,12,Мобильное приложение для инспекторов АЗС,NEFTEHIM-MOB,3,ООО «НефтехимСервис»,нефтехимия,3,t
234,88,6,3,2026-05-06 12:00:00,2026-05-12 12:00:00,2026-05-08 23:00:00,2026-05-12 12:00:00,59.0,6.0,0,0.0,development,4,6,24.0,9,release,3,Бакалавр,design,4,Отчётность по остаткам для Ростехнадзора,ZAPADTOP-RTN,1,АО «ЗападТопливо»,топливная розница,3,t
235,88,4,4,2026-05-09 00:00:00,2026-05-12 00:00:00,2026-05-14 09:00:00,2026-05-12 00:00:00,129.0,3.0,1,57.0,development,4,6,24.0,9,release,4,Бакалавр,qa,4,Отчётность по остаткам для Ростехнадзора,ZAPADTOP-RTN,1,АО «ЗападТопливо»,топливная розница,3,t
236,88,10,9,2026-05-14 15:00:00,2026-05-15 15:00:00,2026-05-15 07:00:00,2026-05-15 15:00:00,16.0,1.0,0,0.0,development,4,6,24.0,9,release,6,Бакалавр,release_manager,4,Отчётность по остаткам для Ростехнадзора,ZAPADTOP-RTN,1,АО «ЗападТопливо»,топливная розница,3,t
237,89,1,2,2026-01-03 13:00:00,2026-01-13 13:00:00,2026-01-12 01:00:00,2026-01-13 13:00:00,204.0,10.0,0,0.0,development,3,9,54.0,17,release,8,Специалист,backend,8,Портал заявок на доработку от эксплуатации,REGENERGO-REQ,2,ПАО «РегионЭнерго»,энергетика,5,f
238,89,4,4,2026-01-12 02:00:00,,2026-01-14 02:00:00,2026-01-15 02:00:00,48.0,3.0,0,0.0,development,3,9,54.0,17,release,4,Бакалавр,qa,8,Портал заявок на доработку от эксплуатации,REGENERGO-REQ,2,ПАО «РегионЭнерго»,энергетика,5,f
239,89,1,2,2026-01-14 06:00:00,2026-01-19 06:00:00,2026-01-16 17:00:00,2026-01-19 06:00:00,59.0,5.0,0,0.0,development,3,9,54.0,17,release,8,Специалист,backend,8,Портал заявок на доработку от эксплуатации,REGENERGO-REQ,2,ПАО «РегионЭнерго»,энергетика,5,f
240,89,4,4,2026-01-16 18:00:00,,2026-01-23 00:00:00,2026-01-21 18:00:00,150.0,5.0,1,30.0,development,3,9,54.0,17,release,4,Бакалавр,qa,8,Портал заявок на доработку от эксплуатации,REGENERGO-REQ,2,ПАО «РегионЭнерго»,энергетика,5,f
241,89,10,9,2026-01-23 06:00:00,2026-01-25 06:00:00,2026-01-24 00:00:00,2026-01-25 06:00:00,18.0,2.0,0,0.0,development,3,9,54.0,17,release,6,Бакалавр,release_manager,8,Портал заявок на доработку от эксплуатации,REGENERGO-REQ,2,ПАО «РегионЭнерго»,энергетика,5,f
242,90,13,7,2026-01-11 13:00:00,2026-01-20 13:00:00,2026-01-14 20:00:00,2026-01-20 13:00:00,79.0,9.0,0,0.0,development,5,6,24.0,5,being_tested,3,Средне-специальное,fullstack,3,Личный кабинет оператора заправки,ZAPADTOP-LK,1,АО «ЗападТопливо»,топливная розница,2,t
244,91,11,2,2026-01-04 19:00:00,2026-01-11 19:00:00,2026-01-14 00:00:00,2026-01-11 19:00:00,221.0,7.0,1,53.0,development,1,7,21.0,3,release,0,Средне-специальное,backend,2,Модуль интеграции с датчиками уровня на АЗС,ZAPADTOP-IOT,1,АО «ЗападТопливо»,топливная розница,3,f
245,91,9,4,2026-01-14 02:00:00,2026-01-15 02:00:00,2026-01-18 08:00:00,2026-01-15 02:00:00,102.0,1.0,1,78.0,development,1,7,21.0,3,release,5,Бакалавр,qa,2,Модуль интеграции с датчиками уровня на АЗС,ZAPADTOP-IOT,1,АО «ЗападТопливо»,топливная розница,3,f
246,91,14,9,2026-01-18 12:00:00,2026-01-20 12:00:00,2026-01-19 06:00:00,2026-01-20 12:00:00,18.0,2.0,0,0.0,development,1,7,21.0,3,release,5,Бакалавр,release_manager,2,Модуль интеграции с датчиками уровня на АЗС,ZAPADTOP-IOT,1,АО «ЗападТопливо»,топливная розница,3,f
247,92,3,7,2026-03-03 02:00:00,2026-03-05 02:00:00,2026-03-05 20:00:00,2026-03-05 02:00:00,66.0,2.0,1,18.0,incident,2,9,54.0,26,release,6,Бакалавр,fullstack,11,Аналитика и отчёты для руководства,NEFTEHIM-BI,3,ООО «НефтехимСервис»,нефтехимия,5,f
248,92,15,4,2026-03-05 22:00:00,,2026-03-16 19:00:00,2026-03-10 22:00:00,261.0,5.0,1,141.0,incident,2,9,54.0,26,release,2,Средне-специальное,qa,11,Аналитика и отчёты для руководства,NEFTEHIM-BI,3,ООО «НефтехимСервис»,нефтехимия,5,f
249,92,3,7,2026-03-17 03:00:00,2026-03-21 03:00:00,2026-03-24 08:00:00,2026-03-21 03:00:00,173.0,4.0,1,77.0,incident,2,9,54.0,26,release,6,Бакалавр,fullstack,11,Аналитика и отчёты для руководства,NEFTEHIM-BI,3,ООО «НефтехимСервис»,нефтехимия,5,f
250,92,15,4,2026-03-24 12:00:00,2026-03-26 12:00:00,2026-03-27 16:00:00,2026-03-26 12:00:00,76.0,2.0,1,28.0,incident,2,9,54.0,26,release,2,Средне-специальное,qa,11,Аналитика и отчёты для руководства,NEFTEHIM-BI,3,ООО «НефтехимСервис»,нефтехимия,5,f
251,92,14,9,2026-03-27 21:00:00,2026-03-28 21:00:00,2026-03-28 08:00:00,2026-03-28 21:00:00,11.0,1.0,0,0.0,incident,2,9,54.0,26,release,5,Бакалавр,release_manager,11,Аналитика и отчёты для руководства,NEFTEHIM-BI,3,ООО «НефтехимСервис»,нефтехимия,5,f
252,93,8,1,2026-03-06 15:00:00,2026-03-09 15:00:00,2026-03-08 05:00:00,2026-03-09 15:00:00,38.0,3.0,0,0.0,development,2,9,27.0,24,release,1,Средне-специальное,frontend,10,Сверка остатков при приёмке на нефтебазе,NEFTEHIM-RCV,3,ООО «НефтехимСервис»,нефтехимия,5,f
253,93,9,4,2026-03-08 08:00:00,2026-03-11 08:00:00,2026-03-09 21:00:00,2026-03-11 08:00:00,37.0,3.0,0,0.0,development,2,9,27.0,24,release,5,Бакалавр,qa,10,Сверка остатков при приёмке на нефтебазе,NEFTEHIM-RCV,3,ООО «НефтехимСервис»,нефтехимия,5,f
254,93,8,1,2026-03-10 00:00:00,2026-03-14 00:00:00,2026-03-16 23:00:00,2026-03-14 00:00:00,167.0,4.0,1,71.0,development,2,9,27.0,24,release,1,Средне-специальное,frontend,10,Сверка остатков при приёмке на нефтебазе,NEFTEHIM-RCV,3,ООО «НефтехимСервис»,нефтехимия,5,f
255,93,9,4,2026-03-17 01:00:00,,2026-03-22 01:00:00,2026-03-20 01:00:00,120.0,3.0,1,48.0,development,2,9,27.0,24,release,5,Бакалавр,qa,10,Сверка остатков при приёмке на нефтебазе,NEFTEHIM-RCV,3,ООО «НефтехимСервис»,нефтехимия,5,f
256,93,10,9,2026-03-22 04:00:00,2026-03-23 04:00:00,2026-03-22 20:00:00,2026-03-23 04:00:00,16.0,1.0,0,0.0,development,2,9,27.0,24,release,6,Бакалавр,release_manager,10,Сверка остатков при приёмке на нефтебазе,NEFTEHIM-RCV,3,ООО «НефтехимСервис»,нефтехимия,5,f
257,94,3,7,2026-03-11 21:00:00,2026-03-14 21:00:00,2026-03-20 14:00:00,2026-03-14 21:00:00,209.0,3.0,1,137.0,incident,3,7,42.0,2,release,6,Бакалавр,fullstack,1,ПО учёта остатков топлива на АЗС и электростанциях,ZAPADTOP-FUEL,1,АО «ЗападТопливо»,топливная розница,3,f
258,94,15,4,2026-03-20 18:00:00,,2026-03-30 14:00:00,2026-03-25 18:00:00,236.0,5.0,1,116.0,incident,3,7,42.0,2,release,2,Средне-специальное,qa,1,ПО учёта остатков топлива на АЗС и электростанциях,ZAPADTOP-FUEL,1,АО «ЗападТопливо»,топливная розница,3,f
259,94,10,9,2026-03-30 16:00:00,2026-04-01 16:00:00,2026-04-02 06:00:00,2026-04-01 16:00:00,62.0,2.0,1,14.0,incident,3,7,42.0,2,release,6,Бакалавр,release_manager,1,ПО учёта остатков топлива на АЗС и электростанциях,ZAPADTOP-FUEL,1,АО «ЗападТопливо»,топливная розница,3,f
260,95,5,2,2026-01-01 16:00:00,2026-01-11 16:00:00,2026-01-10 21:00:00,2026-01-11 16:00:00,221.0,10.0,0,0.0,development,2,8,48.0,7,release,2,Средне-специальное,backend,4,Отчётность по остаткам для Ростехнадзора,ZAPADTOP-RTN,1,АО «ЗападТопливо»,топливная розница,3,f
261,95,4,4,2026-01-10 23:00:00,,2026-01-19 11:00:00,2026-01-14 23:00:00,204.0,4.0,1,108.0,development,2,8,48.0,7,release,4,Бакалавр,qa,4,Отчётность по остаткам для Ростехнадзора,ZAPADTOP-RTN,1,АО «ЗападТопливо»,топливная розница,3,f
262,95,10,9,2026-01-19 15:00:00,2026-01-20 15:00:00,2026-01-20 05:00:00,2026-01-20 15:00:00,14.0,1.0,0,0.0,development,2,8,48.0,7,release,6,Бакалавр,release_manager,4,Отчётность по остаткам для Ростехнадзора,ZAPADTOP-RTN,1,АО «ЗападТопливо»,топливная розница,3,f
263,96,3,7,2026-01-08 01:00:00,2026-01-10 01:00:00,2026-01-11 21:00:00,2026-01-10 01:00:00,92.0,2.0,1,44.0,incident,3,7,42.0,14,release,6,Бакалавр,fullstack,7,Интеграция с SCADA энергообъектов,REGENERGO-SCADA,2,ПАО «РегионЭнерго»,энергетика,3,f
264,96,15,4,2026-01-12 00:00:00,2026-01-14 00:00:00,2026-01-13 15:00:00,2026-01-14 00:00:00,39.0,2.0,0,0.0,incident,3,7,42.0,14,release,2,Средне-специальное,qa,7,Интеграция с SCADA энергообъектов,REGENERGO-SCADA,2,ПАО «РегионЭнерго»,энергетика,3,f
265,96,10,9,2026-01-13 17:00:00,2026-01-14 17:00:00,2026-01-14 13:00:00,2026-01-14 17:00:00,20.0,1.0,0,0.0,incident,3,7,42.0,14,release,6,Бакалавр,release_manager,7,Интеграция с SCADA энергообъектов,REGENERGO-SCADA,2,ПАО «РегионЭнерго»,энергетика,3,f
266,98,5,2,2026-01-05 12:00:00,2026-01-06 12:00:00,2026-01-09 14:00:00,2026-01-06 12:00:00,98.0,1.0,1,74.0,incident,1,13,52.0,10,release,2,Средне-специальное,backend,5,Учёт топлива на котельных и ТЭЦ,REGENERGO-TEC,2,ПАО «РегионЭнерго»,энергетика,7,f
267,98,4,4,2026-01-09 15:00:00,2026-01-11 15:00:00,2026-01-17 12:00:00,2026-01-11 15:00:00,189.0,2.0,1,141.0,incident,1,13,52.0,10,release,4,Бакалавр,qa,5,Учёт топлива на котельных и ТЭЦ,REGENERGO-TEC,2,ПАО «РегионЭнерго»,энергетика,7,f
268,98,5,2,2026-01-17 18:00:00,2026-01-21 18:00:00,2026-01-24 10:00:00,2026-01-21 18:00:00,160.0,4.0,1,64.0,incident,1,13,52.0,10,release,2,Средне-специальное,backend,5,Учёт топлива на котельных и ТЭЦ,REGENERGO-TEC,2,ПАО «РегионЭнерго»,энергетика,7,f
269,98,4,4,2026-01-24 14:00:00,2026-01-27 14:00:00,2026-01-27 03:00:00,2026-01-27 14:00:00,61.0,3.0,0,0.0,incident,1,13,52.0,10,release,4,Бакалавр,qa,5,Учёт топлива на котельных и ТЭЦ,REGENERGO-TEC,2,ПАО «РегионЭнерго»,энергетика,7,f
270,98,5,2,2026-01-27 08:00:00,2026-02-01 08:00:00,2026-02-02 23:00:00,2026-02-01 08:00:00,159.0,5.0,1,39.0,incident,1,13,52.0,10,release,2,Средне-специальное,backend,5,Учёт топлива на котельных и ТЭЦ,REGENERGO-TEC,2,ПАО «РегионЭнерго»,энергетика,7,f
271,98,4,4,2026-02-03 02:00:00,2026-02-06 02:00:00,2026-02-10 05:00:00,2026-02-06 02:00:00,171.0,3.0,1,99.0,incident,1,13,52.0,10,release,4,Бакалавр,qa,5,Учёт топлива на котельных и ТЭЦ,REGENERGO-TEC,2,ПАО «РегионЭнерго»,энергетика,7,f
272,98,10,9,2026-02-10 09:00:00,2026-02-11 09:00:00,2026-02-10 19:00:00,2026-02-11 09:00:00,10.0,1.0,0,0.0,incident,1,13,52.0,10,release,6,Бакалавр,release_manager,5,Учёт топлива на котельных и ТЭЦ,REGENERGO-TEC,2,ПАО «РегионЭнерго»,энергетика,7,f
273,99,6,3,2026-03-06 09:00:00,2026-03-08 09:00:00,2026-03-10 09:00:00,2026-03-08 09:00:00,96.0,2.0,1,48.0,incident,2,12,60.0,28,release,3,Бакалавр,design,12,Мобильное приложение для инспекторов АЗС,NEFTEHIM-MOB,3,ООО «НефтехимСервис»,нефтехимия,3,f
274,99,15,4,2026-03-10 12:00:00,,2026-03-12 21:00:00,2026-03-13 12:00:00,57.0,3.0,0,0.0,incident,2,12,60.0,28,release,2,Средне-специальное,qa,12,Мобильное приложение для инспекторов АЗС,NEFTEHIM-MOB,3,ООО «НефтехимСервис»,нефтехимия,3,f
275,99,10,9,2026-03-13 03:00:00,2026-03-14 03:00:00,2026-03-13 17:00:00,2026-03-14 03:00:00,14.0,1.0,0,0.0,incident,2,12,60.0,28,release,6,Бакалавр,release_manager,12,Мобильное приложение для инспекторов АЗС,NEFTEHIM-MOB,3,ООО «НефтехимСервис»,нефтехимия,3,f
276,100,2,1,2026-01-08 10:00:00,2026-01-11 10:00:00,2026-01-09 16:00:00,2026-01-11 10:00:00,30.0,3.0,0,0.0,incident,1,11,55.0,11,release,5,Бакалавр,frontend,6,Система мониторинга резервных топливных складов,REGENERGO-SKLAD,2,ПАО «РегионЭнерго»,энергетика,3,f
277,100,9,4,2026-01-09 18:00:00,2026-01-12 18:00:00,2026-01-11 19:00:00,2026-01-12 18:00:00,49.0,3.0,0,0.0,incident,1,11,55.0,11,release,5,Бакалавр,qa,6,Система мониторинга резервных топливных складов,REGENERGO-SKLAD,2,ПАО «РегионЭнерго»,энергетика,3,f
278,100,10,9,2026-01-12 01:00:00,2026-01-14 01:00:00,2026-01-14 09:00:00,2026-01-14 01:00:00,56.0,2.0,1,8.0,incident,1,11,55.0,11,release,6,Бакалавр,release_manager,6,Система мониторинга резервных топливных складов,REGENERGO-SKLAD,2,ПАО «РегионЭнерго»,энергетика,3,f
279,101,2,1,2026-03-07 11:00:00,2026-03-13 11:00:00,2026-03-12 06:00:00,2026-03-13 11:00:00,115.0,6.0,0,0.0,development,1,10,60.0,18,release,5,Бакалавр,frontend,8,Портал заявок на доработку от эксплуатации,REGENERGO-REQ,2,ПАО «РегионЭнерго»,энергетика,3,f
280,101,9,4,2026-03-12 08:00:00,2026-03-13 08:00:00,2026-03-13 04:00:00,2026-03-13 08:00:00,20.0,1.0,0,0.0,development,1,10,60.0,18,release,5,Бакалавр,qa,8,Портал заявок на доработку от эксплуатации,REGENERGO-REQ,2,ПАО «РегионЭнерго»,энергетика,3,f
281,101,10,9,2026-03-13 07:00:00,2026-03-14 07:00:00,2026-03-13 15:00:00,2026-03-14 07:00:00,8.0,1.0,0,0.0,development,1,10,60.0,18,release,6,Бакалавр,release_manager,8,Портал заявок на доработку от эксплуатации,REGENERGO-REQ,2,ПАО «РегионЭнерго»,энергетика,3,f
282,102,5,2,2026-03-13 09:00:00,2026-03-19 09:00:00,2026-03-18 01:00:00,2026-03-19 09:00:00,112.0,6.0,0,0.0,development,2,4,20.0,15,release,2,Средне-специальное,backend,7,Интеграция с SCADA энергообъектов,REGENERGO-SCADA,2,ПАО «РегионЭнерго»,энергетика,3,f
283,102,4,4,2026-03-18 05:00:00,,2026-03-26 04:00:00,2026-03-23 05:00:00,191.0,5.0,1,71.0,development,2,4,20.0,15,release,4,Бакалавр,qa,7,Интеграция с SCADA энергообъектов,REGENERGO-SCADA,2,ПАО «РегионЭнерго»,энергетика,3,f
284,102,14,9,2026-03-26 09:00:00,2026-03-27 09:00:00,2026-03-27 13:00:00,2026-03-27 09:00:00,28.0,1.0,1,4.0,development,2,4,20.0,15,release,5,Бакалавр,release_manager,7,Интеграция с SCADA энергообъектов,REGENERGO-SCADA,2,ПАО «РегионЭнерго»,энергетика,3,f
285,103,2,1,2026-01-02 15:00:00,2026-01-10 15:00:00,2026-01-09 01:00:00,2026-01-10 15:00:00,154.0,8.0,0,0.0,development,2,5,30.0,17,release,5,Бакалавр,frontend,8,Портал заявок на доработку от эксплуатации,REGENERGO-REQ,2,ПАО «РегионЭнерго»,энергетика,3,f
286,103,15,4,2026-01-09 02:00:00,2026-01-11 02:00:00,2026-01-13 19:00:00,2026-01-11 02:00:00,113.0,2.0,1,65.0,development,2,5,30.0,17,release,2,Средне-специальное,qa,8,Портал заявок на доработку от эксплуатации,REGENERGO-REQ,2,ПАО «РегионЭнерго»,энергетика,3,f
287,103,14,9,2026-01-13 23:00:00,2026-01-15 23:00:00,2026-01-14 15:00:00,2026-01-15 23:00:00,16.0,2.0,0,0.0,development,2,5,30.0,17,release,5,Бакалавр,release_manager,8,Портал заявок на доработку от эксплуатации,REGENERGO-REQ,2,ПАО «РегионЭнерго»,энергетика,3,f
288,104,2,1,2026-01-06 07:00:00,2026-01-10 07:00:00,2026-01-14 04:00:00,2026-01-10 07:00:00,189.0,4.0,1,93.0,development,2,5,25.0,27,release,5,Бакалавр,frontend,12,Мобильное приложение для инспекторов АЗС,NEFTEHIM-MOB,3,ООО «НефтехимСервис»,нефтехимия,3,f
289,104,4,4,2026-01-14 05:00:00,2026-01-17 05:00:00,2026-01-15 12:00:00,2026-01-17 05:00:00,31.0,3.0,0,0.0,development,2,5,25.0,27,release,4,Бакалавр,qa,12,Мобильное приложение для инспекторов АЗС,NEFTEHIM-MOB,3,ООО «НефтехимСервис»,нефтехимия,3,f
290,104,10,9,2026-01-15 13:00:00,2026-01-17 13:00:00,2026-01-16 08:00:00,2026-01-17 13:00:00,19.0,2.0,0,0.0,development,2,5,25.0,27,release,6,Бакалавр,release_manager,12,Мобильное приложение для инспекторов АЗС,NEFTEHIM-MOB,3,ООО «НефтехимСервис»,нефтехимия,3,f
291,105,13,7,2026-03-13 12:00:00,2026-03-18 12:00:00,2026-03-16 02:00:00,2026-03-18 12:00:00,62.0,5.0,0,0.0,development,3,8,48.0,28,release,3,Средне-специальное,fullstack,12,Мобильное приложение для инспекторов АЗС,NEFTEHIM-MOB,3,ООО «НефтехимСервис»,нефтехимия,3,f
292,105,4,4,2026-03-16 04:00:00,2026-03-17 04:00:00,2026-03-16 21:00:00,2026-03-17 04:00:00,17.0,1.0,0,0.0,development,3,8,48.0,28,release,4,Бакалавр,qa,12,Мобильное приложение для инспекторов АЗС,NEFTEHIM-MOB,3,ООО «НефтехимСервис»,нефтехимия,3,f
293,105,10,9,2026-03-17 02:00:00,2026-03-19 02:00:00,2026-03-22 05:00:00,2026-03-19 02:00:00,123.0,2.0,1,75.0,development,3,8,48.0,28,release,6,Бакалавр,release_manager,12,Мобильное приложение для инспекторов АЗС,NEFTEHIM-MOB,3,ООО «НефтехимСервис»,нефтехимия,3,f
294,106,8,1,2026-03-07 15:00:00,2026-03-15 15:00:00,2026-03-12 15:00:00,2026-03-15 15:00:00,120.0,8.0,0,0.0,development,3,11,33.0,2,release,1,Средне-специальное,frontend,1,ПО учёта остатков топлива на АЗС и электростанциях,ZAPADTOP-FUEL,1,АО «ЗападТопливо»,топливная розница,9,f
295,106,15,4,2026-03-12 18:00:00,,2026-03-19 01:00:00,2026-03-17 18:00:00,151.0,5.0,1,31.0,development,3,11,33.0,2,release,2,Средне-специальное,qa,1,ПО учёта остатков топлива на АЗС и электростанциях,ZAPADTOP-FUEL,1,АО «ЗападТопливо»,топливная розница,9,f
296,106,8,1,2026-03-19 05:00:00,2026-03-22 05:00:00,2026-03-25 15:00:00,2026-03-22 05:00:00,154.0,3.0,1,82.0,development,3,11,33.0,2,release,1,Средне-специальное,frontend,1,ПО учёта остатков топлива на АЗС и электростанциях,ZAPADTOP-FUEL,1,АО «ЗападТопливо»,топливная розница,9,f
297,106,15,4,2026-03-25 18:00:00,2026-03-28 18:00:00,2026-03-27 12:00:00,2026-03-28 18:00:00,42.0,3.0,0,0.0,development,3,11,33.0,2,release,2,Средне-специальное,qa,1,ПО учёта остатков топлива на АЗС и электростанциях,ZAPADTOP-FUEL,1,АО «ЗападТопливо»,топливная розница,9,f
298,106,8,1,2026-03-27 14:00:00,2026-03-30 14:00:00,2026-04-02 04:00:00,2026-03-30 14:00:00,134.0,3.0,1,62.0,development,3,11,33.0,2,release,1,Средне-специальное,frontend,1,ПО учёта остатков топлива на АЗС и электростанциях,ZAPADTOP-FUEL,1,АО «ЗападТопливо»,топливная розница,9,f
299,106,15,4,2026-04-02 08:00:00,2026-04-04 08:00:00,2026-04-08 19:00:00,2026-04-04 08:00:00,155.0,2.0,1,107.0,development,3,11,33.0,2,release,2,Средне-специальное,qa,1,ПО учёта остатков топлива на АЗС и электростанциях,ZAPADTOP-FUEL,1,АО «ЗападТопливо»,топливная розница,9,f
300,106,8,1,2026-04-08 22:00:00,2026-04-12 22:00:00,2026-04-12 16:00:00,2026-04-12 22:00:00,90.0,4.0,0,0.0,development,3,11,33.0,2,release,1,Средне-специальное,frontend,1,ПО учёта остатков топлива на АЗС и электростанциях,ZAPADTOP-FUEL,1,АО «ЗападТопливо»,топливная розница,9,f
301,106,15,4,2026-04-12 19:00:00,2026-04-15 19:00:00,2026-04-14 13:00:00,2026-04-15 19:00:00,42.0,3.0,0,0.0,development,3,11,33.0,2,release,2,Средне-специальное,qa,1,ПО учёта остатков топлива на АЗС и электростанциях,ZAPADTOP-FUEL,1,АО «ЗападТопливо»,топливная розница,9,f
302,106,10,9,2026-04-14 16:00:00,2026-04-15 16:00:00,2026-04-15 13:00:00,2026-04-15 16:00:00,21.0,1.0,0,0.0,development,3,11,33.0,2,release,6,Бакалавр,release_manager,1,ПО учёта остатков топлива на АЗС и электростанциях,ZAPADTOP-FUEL,1,АО «ЗападТопливо»,топливная розница,9,f
303,107,6,3,2026-05-02 22:00:00,2026-05-05 22:00:00,2026-05-05 10:00:00,2026-05-05 22:00:00,60.0,3.0,0,0.0,development,5,1,5.0,9,being_tested,3,Бакалавр,design,4,Отчётность по остаткам для Ростехнадзора,ZAPADTOP-RTN,1,АО «ЗападТопливо»,топливная розница,2,t
307,110,8,1,2026-03-13 16:00:00,2026-03-20 16:00:00,2026-03-17 04:00:00,2026-03-20 16:00:00,84.0,7.0,0,0.0,development,5,3,9.0,24,release,1,Средне-специальное,frontend,10,Сверка остатков при приёмке на нефтебазе,NEFTEHIM-RCV,3,ООО «НефтехимСервис»,нефтехимия,3,t
308,110,15,4,2026-03-17 06:00:00,2026-03-20 06:00:00,2026-03-22 13:00:00,2026-03-20 06:00:00,127.0,3.0,1,55.0,development,5,3,9.0,24,release,2,Средне-специальное,qa,10,Сверка остатков при приёмке на нефтебазе,NEFTEHIM-RCV,3,ООО «НефтехимСервис»,нефтехимия,3,t
309,110,14,9,2026-03-22 17:00:00,2026-03-24 17:00:00,2026-03-26 21:00:00,2026-03-24 17:00:00,100.0,2.0,1,52.0,development,5,3,9.0,24,release,5,Бакалавр,release_manager,10,Сверка остатков при приёмке на нефтебазе,NEFTEHIM-RCV,3,ООО «НефтехимСервис»,нефтехимия,3,t
310,111,6,3,2026-03-13 08:00:00,2026-03-15 08:00:00,2026-03-14 21:00:00,2026-03-15 08:00:00,37.0,2.0,0,0.0,incident,2,2,8.0,18,being_tested,3,Бакалавр,design,8,Портал заявок на доработку от эксплуатации,REGENERGO-REQ,2,ПАО «РегионЭнерго»,энергетика,2,f
312,112,8,1,2026-05-04 01:00:00,2026-05-09 01:00:00,2026-05-12 08:00:00,2026-05-09 01:00:00,199.0,5.0,1,79.0,development,3,4,20.0,13,release,1,Средне-специальное,frontend,6,Система мониторинга резервных топливных складов,REGENERGO-SKLAD,2,ПАО «РегионЭнерго»,энергетика,3,f
313,112,15,4,2026-05-12 10:00:00,,2026-05-16 02:00:00,2026-05-15 10:00:00,88.0,3.0,1,16.0,development,3,4,20.0,13,release,2,Средне-специальное,qa,6,Система мониторинга резервных топливных складов,REGENERGO-SKLAD,2,ПАО «РегионЭнерго»,энергетика,3,f
314,112,14,9,2026-05-16 04:00:00,2026-05-18 04:00:00,2026-05-17 04:00:00,2026-05-18 04:00:00,24.0,2.0,0,0.0,development,3,4,20.0,13,release,5,Бакалавр,release_manager,6,Система мониторинга резервных топливных складов,REGENERGO-SKLAD,2,ПАО «РегионЭнерго»,энергетика,3,f
315,114,5,2,2025-12-30 13:00:00,2026-01-09 13:00:00,2026-01-06 18:00:00,2026-01-09 13:00:00,173.0,10.0,0,0.0,development,2,1,3.0,27,release,2,Средне-специальное,backend,12,Мобильное приложение для инспекторов АЗС,NEFTEHIM-MOB,3,ООО «НефтехимСервис»,нефтехимия,3,f
316,114,9,4,2026-01-06 20:00:00,,2026-01-12 04:00:00,2026-01-09 20:00:00,128.0,3.0,1,56.0,development,2,1,3.0,27,release,5,Бакалавр,qa,12,Мобильное приложение для инспекторов АЗС,NEFTEHIM-MOB,3,ООО «НефтехимСервис»,нефтехимия,3,f
317,114,14,9,2026-01-12 09:00:00,2026-01-14 09:00:00,2026-01-14 15:00:00,2026-01-14 09:00:00,54.0,2.0,1,6.0,development,2,1,3.0,27,release,5,Бакалавр,release_manager,12,Мобильное приложение для инспекторов АЗС,NEFTEHIM-MOB,3,ООО «НефтехимСервис»,нефтехимия,3,f
318,115,6,3,2026-03-08 06:00:00,2026-03-10 06:00:00,2026-03-12 15:00:00,2026-03-10 06:00:00,105.0,2.0,1,57.0,incident,2,6,36.0,18,release,3,Бакалавр,design,8,Портал заявок на доработку от эксплуатации,REGENERGO-REQ,2,ПАО «РегионЭнерго»,энергетика,3,f
319,115,4,4,2026-03-12 16:00:00,2026-03-15 16:00:00,2026-03-18 04:00:00,2026-03-15 16:00:00,132.0,3.0,1,60.0,incident,2,6,36.0,18,release,4,Бакалавр,qa,8,Портал заявок на доработку от эксплуатации,REGENERGO-REQ,2,ПАО «РегионЭнерго»,энергетика,3,f
320,115,10,9,2026-03-18 07:00:00,2026-03-20 07:00:00,2026-03-23 07:00:00,2026-03-20 07:00:00,120.0,2.0,1,72.0,incident,2,6,36.0,18,release,6,Бакалавр,release_manager,8,Портал заявок на доработку от эксплуатации,REGENERGO-REQ,2,ПАО «РегионЭнерго»,энергетика,3,f
321,116,5,2,2026-03-09 23:00:00,2026-03-14 23:00:00,2026-03-11 12:00:00,2026-03-14 23:00:00,37.0,5.0,0,0.0,development,1,12,48.0,28,release,2,Средне-специальное,backend,12,Мобильное приложение для инспекторов АЗС,NEFTEHIM-MOB,3,ООО «НефтехимСервис»,нефтехимия,3,f
322,116,4,4,2026-03-11 14:00:00,2026-03-12 14:00:00,2026-03-16 12:00:00,2026-03-12 14:00:00,118.0,1.0,1,94.0,development,1,12,48.0,28,release,4,Бакалавр,qa,12,Мобильное приложение для инспекторов АЗС,NEFTEHIM-MOB,3,ООО «НефтехимСервис»,нефтехимия,3,f
323,116,10,9,2026-03-16 14:00:00,2026-03-18 14:00:00,2026-03-17 22:00:00,2026-03-18 14:00:00,32.0,2.0,0,0.0,development,1,12,48.0,28,release,6,Бакалавр,release_manager,12,Мобильное приложение для инспекторов АЗС,NEFTEHIM-MOB,3,ООО «НефтехимСервис»,нефтехимия,3,f
324,117,2,1,2026-03-06 16:00:00,2026-03-12 16:00:00,2026-03-11 20:00:00,2026-03-12 16:00:00,124.0,6.0,0,0.0,development,2,7,21.0,18,release,5,Бакалавр,frontend,8,Портал заявок на доработку от эксплуатации,REGENERGO-REQ,2,ПАО «РегионЭнерго»,энергетика,3,f
325,117,9,4,2026-03-11 23:00:00,2026-03-12 23:00:00,2026-03-14 14:00:00,2026-03-12 23:00:00,63.0,1.0,1,39.0,development,2,7,21.0,18,release,5,Бакалавр,qa,8,Портал заявок на доработку от эксплуатации,REGENERGO-REQ,2,ПАО «РегионЭнерго»,энергетика,3,f
326,117,10,9,2026-03-14 18:00:00,2026-03-16 18:00:00,2026-03-16 15:00:00,2026-03-16 18:00:00,45.0,2.0,0,0.0,development,2,7,21.0,18,release,6,Бакалавр,release_manager,8,Портал заявок на доработку от эксплуатации,REGENERGO-REQ,2,ПАО «РегионЭнерго»,энергетика,3,f
327,118,13,7,2026-05-06 06:00:00,2026-05-09 06:00:00,2026-05-13 10:00:00,2026-05-09 06:00:00,172.0,3.0,1,100.0,incident,1,9,45.0,16,release,3,Средне-специальное,fullstack,7,Интеграция с SCADA энергообъектов,REGENERGO-SCADA,2,ПАО «РегионЭнерго»,энергетика,3,f
328,118,15,4,2026-05-13 11:00:00,,2026-05-16 01:00:00,2026-05-18 11:00:00,62.0,5.0,0,0.0,incident,1,9,45.0,16,release,2,Средне-специальное,qa,7,Интеграция с SCADA энергообъектов,REGENERGO-SCADA,2,ПАО «РегионЭнерго»,энергетика,3,f
329,118,10,9,2026-05-16 05:00:00,2026-05-17 05:00:00,2026-05-19 02:00:00,2026-05-17 05:00:00,69.0,1.0,1,45.0,incident,1,9,45.0,16,release,6,Бакалавр,release_manager,7,Интеграция с SCADA энергообъектов,REGENERGO-SCADA,2,ПАО «РегионЭнерго»,энергетика,3,f
330,120,3,7,2026-01-03 09:00:00,2026-01-04 09:00:00,2026-01-05 15:00:00,2026-01-04 09:00:00,54.0,1.0,1,30.0,incident,1,13,65.0,14,being_tested,6,Бакалавр,fullstack,7,Интеграция с SCADA энергообъектов,REGENERGO-SCADA,2,ПАО «РегионЭнерго»,энергетика,2,f
336,125,1,2,2025-12-30 09:00:00,2026-01-01 09:00:00,2026-01-01 17:00:00,2026-01-01 09:00:00,56.0,2.0,1,8.0,incident,1,5,15.0,10,release,8,Специалист,backend,5,Учёт топлива на котельных и ТЭЦ,REGENERGO-TEC,2,ПАО «РегионЭнерго»,энергетика,3,f
337,125,15,4,2026-01-01 20:00:00,,2026-01-04 19:00:00,2026-01-06 20:00:00,71.0,5.0,0,0.0,incident,1,5,15.0,10,release,2,Средне-специальное,qa,5,Учёт топлива на котельных и ТЭЦ,REGENERGO-TEC,2,ПАО «РегионЭнерго»,энергетика,3,f
338,125,10,9,2026-01-05 00:00:00,2026-01-07 00:00:00,2026-01-06 11:00:00,2026-01-07 00:00:00,35.0,2.0,0,0.0,incident,1,5,15.0,10,release,6,Бакалавр,release_manager,5,Учёт топлива на котельных и ТЭЦ,REGENERGO-TEC,2,ПАО «РегионЭнерго»,энергетика,3,f
339,126,6,3,2026-05-04 19:00:00,2026-05-05 19:00:00,2026-05-05 05:00:00,2026-05-05 19:00:00,10.0,1.0,0,0.0,incident,3,1,6.0,19,release,3,Бакалавр,design,8,Портал заявок на доработку от эксплуатации,REGENERGO-REQ,2,ПАО «РегионЭнерго»,энергетика,3,f
340,126,4,4,2026-05-05 08:00:00,,2026-05-09 11:00:00,2026-05-08 08:00:00,99.0,3.0,1,27.0,incident,3,1,6.0,19,release,4,Бакалавр,qa,8,Портал заявок на доработку от эксплуатации,REGENERGO-REQ,2,ПАО «РегионЭнерго»,энергетика,3,f
341,126,14,9,2026-05-09 15:00:00,2026-05-11 15:00:00,2026-05-11 07:00:00,2026-05-11 15:00:00,40.0,2.0,0,0.0,incident,3,1,6.0,19,release,5,Бакалавр,release_manager,8,Портал заявок на доработку от эксплуатации,REGENERGO-REQ,2,ПАО «РегионЭнерго»,энергетика,3,f
343,128,13,7,2026-03-05 07:00:00,2026-03-14 07:00:00,2026-03-08 09:00:00,2026-03-14 07:00:00,74.0,9.0,0,0.0,development,3,2,10.0,4,being_tested,3,Средне-специальное,fullstack,2,Модуль интеграции с датчиками уровня на АЗС,ZAPADTOP-IOT,1,АО «ЗападТопливо»,топливная розница,2,f
345,129,3,7,2026-03-12 00:00:00,2026-03-21 00:00:00,2026-03-20 04:00:00,2026-03-21 00:00:00,196.0,9.0,0,0.0,development,5,9,27.0,4,release,6,Бакалавр,fullstack,2,Модуль интеграции с датчиками уровня на АЗС,ZAPADTOP-IOT,1,АО «ЗападТопливо»,топливная розница,9,t
346,129,4,4,2026-03-20 05:00:00,2026-03-21 05:00:00,2026-03-26 01:00:00,2026-03-21 05:00:00,140.0,1.0,1,116.0,development,5,9,27.0,4,release,4,Бакалавр,qa,2,Модуль интеграции с датчиками уровня на АЗС,ZAPADTOP-IOT,1,АО «ЗападТопливо»,топливная розница,9,t
347,129,3,7,2026-03-26 04:00:00,2026-03-30 04:00:00,2026-04-03 10:00:00,2026-03-30 04:00:00,198.0,4.0,1,102.0,development,5,9,27.0,4,release,6,Бакалавр,fullstack,2,Модуль интеграции с датчиками уровня на АЗС,ZAPADTOP-IOT,1,АО «ЗападТопливо»,топливная розница,9,t
348,129,4,4,2026-04-03 14:00:00,,2026-04-11 02:00:00,2026-04-08 14:00:00,180.0,5.0,1,60.0,development,5,9,27.0,4,release,4,Бакалавр,qa,2,Модуль интеграции с датчиками уровня на АЗС,ZAPADTOP-IOT,1,АО «ЗападТопливо»,топливная розница,9,t
349,129,3,7,2026-04-11 08:00:00,2026-04-14 08:00:00,2026-04-18 18:00:00,2026-04-14 08:00:00,178.0,3.0,1,106.0,development,5,9,27.0,4,release,6,Бакалавр,fullstack,2,Модуль интеграции с датчиками уровня на АЗС,ZAPADTOP-IOT,1,АО «ЗападТопливо»,топливная розница,9,t
350,129,4,4,2026-04-18 20:00:00,2026-04-20 20:00:00,2026-04-23 11:00:00,2026-04-20 20:00:00,111.0,2.0,1,63.0,development,5,9,27.0,4,release,4,Бакалавр,qa,2,Модуль интеграции с датчиками уровня на АЗС,ZAPADTOP-IOT,1,АО «ЗападТопливо»,топливная розница,9,t
351,129,3,7,2026-04-23 13:00:00,2026-04-28 13:00:00,2026-04-25 21:00:00,2026-04-28 13:00:00,56.0,5.0,0,0.0,development,5,9,27.0,4,release,6,Бакалавр,fullstack,2,Модуль интеграции с датчиками уровня на АЗС,ZAPADTOP-IOT,1,АО «ЗападТопливо»,топливная розница,9,t
352,129,4,4,2026-04-26 01:00:00,2026-04-28 01:00:00,2026-05-02 19:00:00,2026-04-28 01:00:00,162.0,2.0,1,114.0,development,5,9,27.0,4,release,4,Бакалавр,qa,2,Модуль интеграции с датчиками уровня на АЗС,ZAPADTOP-IOT,1,АО «ЗападТопливо»,топливная розница,9,t
353,129,14,9,2026-05-03 01:00:00,2026-05-04 01:00:00,2026-05-03 08:00:00,2026-05-04 01:00:00,7.0,1.0,0,0.0,development,5,9,27.0,4,release,5,Бакалавр,release_manager,2,Модуль интеграции с датчиками уровня на АЗС,ZAPADTOP-IOT,1,АО «ЗападТопливо»,топливная розница,9,t
354,130,5,2,2025-12-31 06:00:00,2026-01-03 06:00:00,2026-01-06 22:00:00,2026-01-03 06:00:00,160.0,3.0,1,88.0,incident,4,9,27.0,11,release,2,Средне-специальное,backend,6,Система мониторинга резервных топливных складов,REGENERGO-SKLAD,2,ПАО «РегионЭнерго»,энергетика,3,t
355,130,9,4,2026-01-07 00:00:00,,2026-01-14 19:00:00,2026-01-12 00:00:00,187.0,5.0,1,67.0,incident,4,9,27.0,11,release,5,Бакалавр,qa,6,Система мониторинга резервных топливных складов,REGENERGO-SKLAD,2,ПАО «РегионЭнерго»,энергетика,3,t
356,130,10,9,2026-01-14 23:00:00,2026-01-16 23:00:00,2026-01-16 05:00:00,2026-01-16 23:00:00,30.0,2.0,0,0.0,incident,4,9,27.0,11,release,6,Бакалавр,release_manager,6,Система мониторинга резервных топливных складов,REGENERGO-SKLAD,2,ПАО «РегионЭнерго»,энергетика,3,t
357,131,3,7,2026-01-01 14:00:00,2026-01-10 14:00:00,2026-01-13 02:00:00,2026-01-10 14:00:00,276.0,9.0,1,60.0,development,1,7,28.0,27,release,6,Бакалавр,fullstack,12,Мобильное приложение для инспекторов АЗС,NEFTEHIM-MOB,3,ООО «НефтехимСервис»,нефтехимия,3,f
358,131,15,4,2026-01-13 04:00:00,2026-01-15 04:00:00,2026-01-17 12:00:00,2026-01-15 04:00:00,104.0,2.0,1,56.0,development,1,7,28.0,27,release,2,Средне-специальное,qa,12,Мобильное приложение для инспекторов АЗС,NEFTEHIM-MOB,3,ООО «НефтехимСервис»,нефтехимия,3,f
359,131,14,9,2026-01-17 13:00:00,2026-01-19 13:00:00,2026-01-19 00:00:00,2026-01-19 13:00:00,35.0,2.0,0,0.0,development,1,7,28.0,27,release,5,Бакалавр,release_manager,12,Мобильное приложение для инспекторов АЗС,NEFTEHIM-MOB,3,ООО «НефтехимСервис»,нефтехимия,3,f
360,133,5,2,2026-01-07 20:00:00,2026-01-17 20:00:00,2026-01-20 08:00:00,2026-01-17 20:00:00,300.0,10.0,1,60.0,development,1,9,27.0,17,release,2,Средне-специальное,backend,8,Портал заявок на доработку от эксплуатации,REGENERGO-REQ,2,ПАО «РегионЭнерго»,энергетика,9,f
361,133,4,4,2026-01-20 11:00:00,2026-01-22 11:00:00,2026-01-21 09:00:00,2026-01-22 11:00:00,22.0,2.0,0,0.0,development,1,9,27.0,17,release,4,Бакалавр,qa,8,Портал заявок на доработку от эксплуатации,REGENERGO-REQ,2,ПАО «РегионЭнерго»,энергетика,9,f
362,133,5,2,2026-01-21 12:00:00,2026-01-24 12:00:00,2026-01-27 12:00:00,2026-01-24 12:00:00,144.0,3.0,1,72.0,development,1,9,27.0,17,release,2,Средне-специальное,backend,8,Портал заявок на доработку от эксплуатации,REGENERGO-REQ,2,ПАО «РегионЭнерго»,энергетика,9,f
363,133,4,4,2026-01-27 16:00:00,,2026-02-04 00:00:00,2026-01-30 16:00:00,176.0,3.0,1,104.0,development,1,9,27.0,17,release,4,Бакалавр,qa,8,Портал заявок на доработку от эксплуатации,REGENERGO-REQ,2,ПАО «РегионЭнерго»,энергетика,9,f
364,133,5,2,2026-02-04 07:00:00,2026-02-07 07:00:00,2026-02-09 05:00:00,2026-02-07 07:00:00,118.0,3.0,1,46.0,development,1,9,27.0,17,release,2,Средне-специальное,backend,8,Портал заявок на доработку от эксплуатации,REGENERGO-REQ,2,ПАО «РегионЭнерго»,энергетика,9,f
365,133,4,4,2026-02-09 07:00:00,2026-02-11 07:00:00,2026-02-10 19:00:00,2026-02-11 07:00:00,36.0,2.0,0,0.0,development,1,9,27.0,17,release,4,Бакалавр,qa,8,Портал заявок на доработку от эксплуатации,REGENERGO-REQ,2,ПАО «РегионЭнерго»,энергетика,9,f
366,133,5,2,2026-02-11 00:00:00,2026-02-13 00:00:00,2026-02-16 22:00:00,2026-02-13 00:00:00,142.0,2.0,1,94.0,development,1,9,27.0,17,release,2,Средне-специальное,backend,8,Портал заявок на доработку от эксплуатации,REGENERGO-REQ,2,ПАО «РегионЭнерго»,энергетика,9,f
367,133,4,4,2026-02-17 01:00:00,2026-02-18 01:00:00,2026-02-17 20:00:00,2026-02-18 01:00:00,19.0,1.0,0,0.0,development,1,9,27.0,17,release,4,Бакалавр,qa,8,Портал заявок на доработку от эксплуатации,REGENERGO-REQ,2,ПАО «РегионЭнерго»,энергетика,9,f
368,133,14,9,2026-02-17 23:00:00,2026-02-18 23:00:00,2026-02-20 06:00:00,2026-02-18 23:00:00,55.0,1.0,1,31.0,development,1,9,27.0,17,release,5,Бакалавр,release_manager,8,Портал заявок на доработку от эксплуатации,REGENERGO-REQ,2,ПАО «РегионЭнерго»,энергетика,9,f
370,135,3,7,2026-01-05 12:00:00,2026-01-08 12:00:00,2026-01-07 16:00:00,2026-01-08 12:00:00,52.0,3.0,0,0.0,incident,3,5,30.0,5,release,6,Бакалавр,fullstack,3,Личный кабинет оператора заправки,ZAPADTOP-LK,1,АО «ЗападТопливо»,топливная розница,3,f
371,135,9,4,2026-01-07 17:00:00,2026-01-08 17:00:00,2026-01-10 14:00:00,2026-01-08 17:00:00,69.0,1.0,1,45.0,incident,3,5,30.0,5,release,5,Бакалавр,qa,3,Личный кабинет оператора заправки,ZAPADTOP-LK,1,АО «ЗападТопливо»,топливная розница,3,f
372,135,14,9,2026-01-10 17:00:00,2026-01-12 17:00:00,2026-01-12 11:00:00,2026-01-12 17:00:00,42.0,2.0,0,0.0,incident,3,5,30.0,5,release,5,Бакалавр,release_manager,3,Личный кабинет оператора заправки,ZAPADTOP-LK,1,АО «ЗападТопливо»,топливная розница,3,f
373,136,3,7,2026-01-07 22:00:00,2026-01-08 22:00:00,2026-01-13 02:00:00,2026-01-08 22:00:00,124.0,1.0,1,100.0,incident,4,9,45.0,3,release,6,Бакалавр,fullstack,2,Модуль интеграции с датчиками уровня на АЗС,ZAPADTOP-IOT,1,АО «ЗападТопливо»,топливная розница,3,t
374,136,4,4,2026-01-13 04:00:00,,2026-01-20 10:00:00,2026-01-16 04:00:00,174.0,3.0,1,102.0,incident,4,9,45.0,3,release,4,Бакалавр,qa,2,Модуль интеграции с датчиками уровня на АЗС,ZAPADTOP-IOT,1,АО «ЗападТопливо»,топливная розница,3,t
375,136,10,9,2026-01-20 14:00:00,2026-01-22 14:00:00,2026-01-28 01:00:00,2026-01-22 14:00:00,179.0,2.0,1,131.0,incident,4,9,45.0,3,release,6,Бакалавр,release_manager,2,Модуль интеграции с датчиками уровня на АЗС,ZAPADTOP-IOT,1,АО «ЗападТопливо»,топливная розница,3,t
376,137,6,3,2026-03-10 18:00:00,2026-03-18 18:00:00,2026-03-18 04:00:00,2026-03-18 18:00:00,178.0,8.0,0,0.0,development,2,13,65.0,24,release,3,Бакалавр,design,10,Сверка остатков при приёмке на нефтебазе,NEFTEHIM-RCV,3,ООО «НефтехимСервис»,нефтехимия,3,f
377,137,9,4,2026-03-18 06:00:00,2026-03-21 06:00:00,2026-03-27 03:00:00,2026-03-21 06:00:00,213.0,3.0,1,141.0,development,2,13,65.0,24,release,5,Бакалавр,qa,10,Сверка остатков при приёмке на нефтебазе,NEFTEHIM-RCV,3,ООО «НефтехимСервис»,нефтехимия,3,f
378,137,10,9,2026-03-27 06:00:00,2026-03-28 06:00:00,2026-03-27 13:00:00,2026-03-28 06:00:00,7.0,1.0,0,0.0,development,2,13,65.0,24,release,6,Бакалавр,release_manager,10,Сверка остатков при приёмке на нефтебазе,NEFTEHIM-RCV,3,ООО «НефтехимСервис»,нефтехимия,3,f
379,138,13,7,2026-01-08 23:00:00,2026-01-18 23:00:00,2026-01-16 04:00:00,2026-01-18 23:00:00,173.0,10.0,0,0.0,development,2,10,40.0,1,release,3,Средне-специальное,fullstack,1,ПО учёта остатков топлива на АЗС и электростанциях,ZAPADTOP-FUEL,1,АО «ЗападТопливо»,топливная розница,5,f
380,138,4,4,2026-01-16 06:00:00,2026-01-17 06:00:00,2026-01-16 20:00:00,2026-01-17 06:00:00,14.0,1.0,0,0.0,development,2,10,40.0,1,release,4,Бакалавр,qa,1,ПО учёта остатков топлива на АЗС и электростанциях,ZAPADTOP-FUEL,1,АО «ЗападТопливо»,топливная розница,5,f
381,138,13,7,2026-01-16 22:00:00,2026-01-19 22:00:00,2026-01-22 09:00:00,2026-01-19 22:00:00,131.0,3.0,1,59.0,development,2,10,40.0,1,release,3,Средне-специальное,fullstack,1,ПО учёта остатков топлива на АЗС и электростанциях,ZAPADTOP-FUEL,1,АО «ЗападТопливо»,топливная розница,5,f
382,138,4,4,2026-01-22 10:00:00,2026-01-24 10:00:00,2026-01-28 06:00:00,2026-01-24 10:00:00,140.0,2.0,1,92.0,development,2,10,40.0,1,release,4,Бакалавр,qa,1,ПО учёта остатков топлива на АЗС и электростанциях,ZAPADTOP-FUEL,1,АО «ЗападТопливо»,топливная розница,5,f
383,138,10,9,2026-01-28 11:00:00,2026-01-30 11:00:00,2026-02-04 13:00:00,2026-01-30 11:00:00,170.0,2.0,1,122.0,development,2,10,40.0,1,release,6,Бакалавр,release_manager,1,ПО учёта остатков топлива на АЗС и электростанциях,ZAPADTOP-FUEL,1,АО «ЗападТопливо»,топливная розница,5,f
384,139,3,7,2026-03-06 13:00:00,2026-03-08 13:00:00,2026-03-10 19:00:00,2026-03-08 13:00:00,102.0,2.0,1,54.0,incident,1,10,60.0,12,release,6,Бакалавр,fullstack,6,Система мониторинга резервных топливных складов,REGENERGO-SKLAD,2,ПАО «РегионЭнерго»,энергетика,7,f
385,139,9,4,2026-03-10 21:00:00,,2026-03-15 18:00:00,2026-03-13 21:00:00,117.0,3.0,1,45.0,incident,1,10,60.0,12,release,5,Бакалавр,qa,6,Система мониторинга резервных топливных складов,REGENERGO-SKLAD,2,ПАО «РегионЭнерго»,энергетика,7,f
386,139,3,7,2026-03-16 02:00:00,2026-03-18 02:00:00,2026-03-22 18:00:00,2026-03-18 02:00:00,160.0,2.0,1,112.0,incident,1,10,60.0,12,release,6,Бакалавр,fullstack,6,Система мониторинга резервных топливных складов,REGENERGO-SKLAD,2,ПАО «РегионЭнерго»,энергетика,7,f
387,139,9,4,2026-03-22 22:00:00,,2026-03-29 05:00:00,2026-03-25 22:00:00,151.0,3.0,1,79.0,incident,1,10,60.0,12,release,5,Бакалавр,qa,6,Система мониторинга резервных топливных складов,REGENERGO-SKLAD,2,ПАО «РегионЭнерго»,энергетика,7,f
388,139,3,7,2026-03-29 09:00:00,2026-04-03 09:00:00,2026-04-01 08:00:00,2026-04-03 09:00:00,71.0,5.0,0,0.0,incident,1,10,60.0,12,release,6,Бакалавр,fullstack,6,Система мониторинга резервных топливных складов,REGENERGO-SKLAD,2,ПАО «РегионЭнерго»,энергетика,7,f
389,139,9,4,2026-04-01 11:00:00,2026-04-02 11:00:00,2026-04-04 03:00:00,2026-04-02 11:00:00,64.0,1.0,1,40.0,incident,1,10,60.0,12,release,5,Бакалавр,qa,6,Система мониторинга резервных топливных складов,REGENERGO-SKLAD,2,ПАО «РегионЭнерго»,энергетика,7,f
390,139,10,9,2026-04-04 04:00:00,2026-04-06 04:00:00,2026-04-05 14:00:00,2026-04-06 04:00:00,34.0,2.0,0,0.0,incident,1,10,60.0,12,release,6,Бакалавр,release_manager,6,Система мониторинга резервных топливных складов,REGENERGO-SKLAD,2,ПАО «РегионЭнерго»,энергетика,7,f
391,140,8,1,2025-12-31 12:00:00,2026-01-01 12:00:00,2026-01-05 03:00:00,2026-01-01 12:00:00,111.0,1.0,1,87.0,incident,1,4,24.0,20,release,1,Средне-специальное,frontend,9,Логистика перевозок нефтепродуктов,NEFTEHIM-LOG,3,ООО «НефтехимСервис»,нефтехимия,3,f
392,140,15,4,2026-01-05 05:00:00,2026-01-06 05:00:00,2026-01-05 19:00:00,2026-01-06 05:00:00,14.0,1.0,0,0.0,incident,1,4,24.0,20,release,2,Средне-специальное,qa,9,Логистика перевозок нефтепродуктов,NEFTEHIM-LOG,3,ООО «НефтехимСервис»,нефтехимия,3,f
393,140,14,9,2026-01-05 22:00:00,2026-01-06 22:00:00,2026-01-06 14:00:00,2026-01-06 22:00:00,16.0,1.0,0,0.0,incident,1,4,24.0,20,release,5,Бакалавр,release_manager,9,Логистика перевозок нефтепродуктов,NEFTEHIM-LOG,3,ООО «НефтехимСервис»,нефтехимия,3,f
395,143,6,3,2026-01-09 18:00:00,2026-01-12 18:00:00,2026-01-15 05:00:00,2026-01-12 18:00:00,131.0,3.0,1,59.0,development,1,4,16.0,1,release,3,Бакалавр,design,1,ПО учёта остатков топлива на АЗС и электростанциях,ZAPADTOP-FUEL,1,АО «ЗападТопливо»,топливная розница,3,f
396,143,9,4,2026-01-15 08:00:00,,2026-01-20 02:00:00,2026-01-20 08:00:00,114.0,5.0,0,0.0,development,1,4,16.0,1,release,5,Бакалавр,qa,1,ПО учёта остатков топлива на АЗС и электростанциях,ZAPADTOP-FUEL,1,АО «ЗападТопливо»,топливная розница,3,f
397,143,14,9,2026-01-20 07:00:00,2026-01-21 07:00:00,2026-01-25 04:00:00,2026-01-21 07:00:00,117.0,1.0,1,93.0,development,1,4,16.0,1,release,5,Бакалавр,release_manager,1,ПО учёта остатков топлива на АЗС и электростанциях,ZAPADTOP-FUEL,1,АО «ЗападТопливо»,топливная розница,3,f
398,144,8,1,2026-05-05 12:00:00,2026-05-08 12:00:00,2026-05-06 16:00:00,2026-05-08 12:00:00,28.0,3.0,0,0.0,incident,1,2,8.0,9,release,1,Средне-специальное,frontend,4,Отчётность по остаткам для Ростехнадзора,ZAPADTOP-RTN,1,АО «ЗападТопливо»,топливная розница,3,f
399,144,15,4,2026-05-06 19:00:00,2026-05-08 19:00:00,2026-05-10 19:00:00,2026-05-08 19:00:00,96.0,2.0,1,48.0,incident,1,2,8.0,9,release,2,Средне-специальное,qa,4,Отчётность по остаткам для Ростехнадзора,ZAPADTOP-RTN,1,АО «ЗападТопливо»,топливная розница,3,f
400,144,10,9,2026-05-10 23:00:00,2026-05-11 23:00:00,2026-05-11 15:00:00,2026-05-11 23:00:00,16.0,1.0,0,0.0,incident,1,2,8.0,9,release,6,Бакалавр,release_manager,4,Отчётность по остаткам для Ростехнадзора,ZAPADTOP-RTN,1,АО «ЗападТопливо»,топливная розница,3,f
402,148,2,1,2026-01-08 05:00:00,2026-01-17 05:00:00,2026-01-18 17:00:00,2026-01-17 05:00:00,252.0,9.0,1,36.0,development,1,11,33.0,23,being_tested,5,Бакалавр,frontend,10,Сверка остатков при приёмке на нефтебазе,NEFTEHIM-RCV,3,ООО «НефтехимСервис»,нефтехимия,2,f
405,151,6,3,2026-01-01 10:00:00,2026-01-07 10:00:00,2026-01-11 17:00:00,2026-01-07 10:00:00,247.0,6.0,1,103.0,development,1,4,24.0,23,release,3,Бакалавр,design,10,Сверка остатков при приёмке на нефтебазе,NEFTEHIM-RCV,3,ООО «НефтехимСервис»,нефтехимия,3,f
406,151,15,4,2026-01-11 20:00:00,,2026-01-17 05:00:00,2026-01-14 20:00:00,129.0,3.0,1,57.0,development,1,4,24.0,23,release,2,Средне-специальное,qa,10,Сверка остатков при приёмке на нефтебазе,NEFTEHIM-RCV,3,ООО «НефтехимСервис»,нефтехимия,3,f
407,151,14,9,2026-01-17 08:00:00,2026-01-19 08:00:00,2026-01-18 02:00:00,2026-01-19 08:00:00,18.0,2.0,0,0.0,development,1,4,24.0,23,release,5,Бакалавр,release_manager,10,Сверка остатков при приёмке на нефтебазе,NEFTEHIM-RCV,3,ООО «НефтехимСервис»,нефтехимия,3,f
409,153,2,1,2026-01-01 05:00:00,2026-01-04 05:00:00,2026-01-03 07:00:00,2026-01-04 05:00:00,50.0,3.0,0,0.0,development,1,4,24.0,11,release,5,Бакалавр,frontend,6,Система мониторинга резервных топливных складов,REGENERGO-SKLAD,2,ПАО «РегионЭнерго»,энергетика,3,f
410,153,15,4,2026-01-03 10:00:00,2026-01-06 10:00:00,2026-01-09 00:00:00,2026-01-06 10:00:00,134.0,3.0,1,62.0,development,1,4,24.0,11,release,2,Средне-специальное,qa,6,Система мониторинга резервных топливных складов,REGENERGO-SKLAD,2,ПАО «РегионЭнерго»,энергетика,3,f
411,153,10,9,2026-01-09 06:00:00,2026-01-11 06:00:00,2026-01-10 18:00:00,2026-01-11 06:00:00,36.0,2.0,0,0.0,development,1,4,24.0,11,release,6,Бакалавр,release_manager,6,Система мониторинга резервных топливных складов,REGENERGO-SKLAD,2,ПАО «РегионЭнерго»,энергетика,3,f
415,156,1,2,2026-01-04 21:00:00,2026-01-07 21:00:00,2026-01-06 06:00:00,2026-01-07 21:00:00,33.0,3.0,0,0.0,development,1,12,48.0,7,being_tested,8,Специалист,backend,4,Отчётность по остаткам для Ростехнадзора,ZAPADTOP-RTN,1,АО «ЗападТопливо»,топливная розница,2,f
418,158,6,3,2026-05-05 11:00:00,2026-05-10 11:00:00,2026-05-11 22:00:00,2026-05-10 11:00:00,155.0,5.0,1,35.0,development,3,11,44.0,22,release,3,Бакалавр,design,9,Логистика перевозок нефтепродуктов,NEFTEHIM-LOG,3,ООО «НефтехимСервис»,нефтехимия,3,f
419,158,9,4,2026-05-12 00:00:00,,2026-05-14 15:00:00,2026-05-15 00:00:00,63.0,3.0,0,0.0,development,3,11,44.0,22,release,5,Бакалавр,qa,9,Логистика перевозок нефтепродуктов,NEFTEHIM-LOG,3,ООО «НефтехимСервис»,нефтехимия,3,f
420,158,14,9,2026-05-14 17:00:00,2026-05-16 17:00:00,2026-05-15 11:00:00,2026-05-16 17:00:00,18.0,2.0,0,0.0,development,3,11,44.0,22,release,5,Бакалавр,release_manager,9,Логистика перевозок нефтепродуктов,NEFTEHIM-LOG,3,ООО «НефтехимСервис»,нефтехимия,3,f
422,161,13,7,2026-05-05 16:00:00,2026-05-11 16:00:00,2026-05-14 04:00:00,2026-05-11 16:00:00,204.0,6.0,1,60.0,development,4,8,48.0,22,release,3,Средне-специальное,fullstack,9,Логистика перевозок нефтепродуктов,NEFTEHIM-LOG,3,ООО «НефтехимСервис»,нефтехимия,5,t
423,161,4,4,2026-05-14 07:00:00,2026-05-15 07:00:00,2026-05-20 07:00:00,2026-05-15 07:00:00,144.0,1.0,1,120.0,development,4,8,48.0,22,release,4,Бакалавр,qa,9,Логистика перевозок нефтепродуктов,NEFTEHIM-LOG,3,ООО «НефтехимСервис»,нефтехимия,5,t
424,161,13,7,2026-05-20 15:00:00,2026-05-22 15:00:00,2026-05-25 15:00:00,2026-05-22 15:00:00,120.0,2.0,1,72.0,development,4,8,48.0,22,release,3,Средне-специальное,fullstack,9,Логистика перевозок нефтепродуктов,NEFTEHIM-LOG,3,ООО «НефтехимСервис»,нефтехимия,5,t
425,161,4,4,2026-05-25 18:00:00,,2026-06-01 06:00:00,2026-05-28 18:00:00,156.0,3.0,1,84.0,development,4,8,48.0,22,release,4,Бакалавр,qa,9,Логистика перевозок нефтепродуктов,NEFTEHIM-LOG,3,ООО «НефтехимСервис»,нефтехимия,5,t
426,161,10,9,2026-06-01 08:00:00,2026-06-03 08:00:00,2026-06-09 06:00:00,2026-06-03 08:00:00,190.0,2.0,1,142.0,development,4,8,48.0,22,release,6,Бакалавр,release_manager,9,Логистика перевозок нефтепродуктов,NEFTEHIM-LOG,3,ООО «НефтехимСервис»,нефтехимия,5,t
427,163,1,2,2026-03-15 21:00:00,2026-03-25 21:00:00,2026-03-26 12:00:00,2026-03-25 21:00:00,255.0,10.0,1,15.0,development,5,2,8.0,2,release,8,Специалист,backend,1,ПО учёта остатков топлива на АЗС и электростанциях,ZAPADTOP-FUEL,1,АО «ЗападТопливо»,топливная розница,3,t
428,163,9,4,2026-03-27 03:00:00,2026-03-28 03:00:00,2026-04-02 18:00:00,2026-03-28 03:00:00,159.0,1.0,1,135.0,development,5,2,8.0,2,release,5,Бакалавр,qa,1,ПО учёта остатков топлива на АЗС и электростанциях,ZAPADTOP-FUEL,1,АО «ЗападТопливо»,топливная розница,3,t
429,163,10,9,2026-04-03 00:00:00,2026-04-05 00:00:00,2026-04-04 20:00:00,2026-04-05 00:00:00,44.0,2.0,0,0.0,development,5,2,8.0,2,release,6,Бакалавр,release_manager,1,ПО учёта остатков топлива на АЗС и электростанциях,ZAPADTOP-FUEL,1,АО «ЗападТопливо»,топливная розница,3,t
430,165,1,2,2026-01-09 02:00:00,2026-01-12 02:00:00,2026-01-16 02:00:00,2026-01-12 02:00:00,168.0,3.0,1,96.0,development,3,8,40.0,17,release,8,Специалист,backend,8,Портал заявок на доработку от эксплуатации,REGENERGO-REQ,2,ПАО «РегионЭнерго»,энергетика,3,f
431,165,4,4,2026-01-16 03:00:00,,2026-01-19 17:00:00,2026-01-21 03:00:00,86.0,5.0,0,0.0,development,3,8,40.0,17,release,4,Бакалавр,qa,8,Портал заявок на доработку от эксплуатации,REGENERGO-REQ,2,ПАО «РегионЭнерго»,энергетика,3,f
432,165,14,9,2026-01-19 18:00:00,2026-01-21 18:00:00,2026-01-20 20:00:00,2026-01-21 18:00:00,26.0,2.0,0,0.0,development,3,8,40.0,17,release,5,Бакалавр,release_manager,8,Портал заявок на доработку от эксплуатации,REGENERGO-REQ,2,ПАО «РегионЭнерго»,энергетика,3,f
433,166,6,3,2026-05-07 08:00:00,2026-05-10 08:00:00,2026-05-15 05:00:00,2026-05-10 08:00:00,189.0,3.0,1,117.0,development,4,6,30.0,16,release,3,Бакалавр,design,7,Интеграция с SCADA энергообъектов,REGENERGO-SCADA,2,ПАО «РегионЭнерго»,энергетика,5,t
434,166,4,4,2026-05-15 07:00:00,2026-05-16 07:00:00,2026-05-16 01:00:00,2026-05-16 07:00:00,18.0,1.0,0,0.0,development,4,6,30.0,16,release,4,Бакалавр,qa,7,Интеграция с SCADA энергообъектов,REGENERGO-SCADA,2,ПАО «РегионЭнерго»,энергетика,5,t
435,166,6,3,2026-05-16 03:00:00,2026-05-18 03:00:00,2026-05-16 21:00:00,2026-05-18 03:00:00,18.0,2.0,0,0.0,development,4,6,30.0,16,release,3,Бакалавр,design,7,Интеграция с SCADA энергообъектов,REGENERGO-SCADA,2,ПАО «РегионЭнерго»,энергетика,5,t
436,166,4,4,2026-05-16 22:00:00,,2026-05-23 15:00:00,2026-05-20 22:00:00,161.0,4.0,1,65.0,development,4,6,30.0,16,release,4,Бакалавр,qa,7,Интеграция с SCADA энергообъектов,REGENERGO-SCADA,2,ПАО «РегионЭнерго»,энергетика,5,t
437,166,10,9,2026-05-23 18:00:00,2026-05-25 18:00:00,2026-05-24 12:00:00,2026-05-25 18:00:00,18.0,2.0,0,0.0,development,4,6,30.0,16,release,6,Бакалавр,release_manager,7,Интеграция с SCADA энергообъектов,REGENERGO-SCADA,2,ПАО «РегионЭнерго»,энергетика,5,t
439,168,1,2,2026-01-07 21:00:00,2026-01-08 21:00:00,2026-01-08 13:00:00,2026-01-08 21:00:00,16.0,1.0,0,0.0,incident,1,11,33.0,14,release,8,Специалист,backend,7,Интеграция с SCADA энергообъектов,REGENERGO-SCADA,2,ПАО «РегионЭнерго»,энергетика,3,f
440,168,4,4,2026-01-08 15:00:00,,2026-01-15 08:00:00,2026-01-13 15:00:00,161.0,5.0,1,41.0,incident,1,11,33.0,14,release,4,Бакалавр,qa,7,Интеграция с SCADA энергообъектов,REGENERGO-SCADA,2,ПАО «РегионЭнерго»,энергетика,3,f
441,168,14,9,2026-01-15 09:00:00,2026-01-17 09:00:00,2026-01-16 14:00:00,2026-01-17 09:00:00,29.0,2.0,0,0.0,incident,1,11,33.0,14,release,5,Бакалавр,release_manager,7,Интеграция с SCADA энергообъектов,REGENERGO-SCADA,2,ПАО «РегионЭнерго»,энергетика,3,f
442,169,6,3,2026-05-12 05:00:00,2026-05-18 05:00:00,2026-05-19 07:00:00,2026-05-18 05:00:00,170.0,6.0,1,26.0,development,3,7,42.0,9,release,3,Бакалавр,design,4,Отчётность по остаткам для Ростехнадзора,ZAPADTOP-RTN,1,АО «ЗападТопливо»,топливная розница,3,f
443,169,9,4,2026-05-19 10:00:00,,2026-05-26 23:00:00,2026-05-22 10:00:00,181.0,3.0,1,109.0,development,3,7,42.0,9,release,5,Бакалавр,qa,4,Отчётность по остаткам для Ростехнадзора,ZAPADTOP-RTN,1,АО «ЗападТопливо»,топливная розница,3,f
444,169,14,9,2026-05-27 02:00:00,2026-05-28 02:00:00,2026-05-27 11:00:00,2026-05-28 02:00:00,9.0,1.0,0,0.0,development,3,7,42.0,9,release,5,Бакалавр,release_manager,4,Отчётность по остаткам для Ростехнадзора,ZAPADTOP-RTN,1,АО «ЗападТопливо»,топливная розница,3,f
445,171,2,1,2026-03-14 03:00:00,2026-03-20 03:00:00,2026-03-25 00:00:00,2026-03-20 03:00:00,261.0,6.0,1,117.0,development,3,10,40.0,15,release,5,Бакалавр,frontend,7,Интеграция с SCADA энергообъектов,REGENERGO-SCADA,2,ПАО «РегионЭнерго»,энергетика,3,f
446,171,15,4,2026-03-25 04:00:00,,2026-03-29 09:00:00,2026-03-30 04:00:00,101.0,5.0,0,0.0,development,3,10,40.0,15,release,2,Средне-специальное,qa,7,Интеграция с SCADA энергообъектов,REGENERGO-SCADA,2,ПАО «РегионЭнерго»,энергетика,3,f
447,171,10,9,2026-03-29 11:00:00,2026-03-31 11:00:00,2026-04-05 01:00:00,2026-03-31 11:00:00,158.0,2.0,1,110.0,development,3,10,40.0,15,release,6,Бакалавр,release_manager,7,Интеграция с SCADA энергообъектов,REGENERGO-SCADA,2,ПАО «РегионЭнерго»,энергетика,3,f
452,177,6,3,2025-12-31 11:00:00,2026-01-10 11:00:00,2026-01-13 17:00:00,2026-01-10 11:00:00,318.0,10.0,1,78.0,development,3,11,44.0,11,being_tested,3,Бакалавр,design,6,Система мониторинга резервных топливных складов,REGENERGO-SKLAD,2,ПАО «РегионЭнерго»,энергетика,2,f
454,179,11,2,2025-12-30 16:00:00,2026-01-02 16:00:00,2025-12-31 20:00:00,2026-01-02 16:00:00,28.0,3.0,0,0.0,incident,4,6,30.0,10,release,0,Средне-специальное,backend,5,Учёт топлива на котельных и ТЭЦ,REGENERGO-TEC,2,ПАО «РегионЭнерго»,энергетика,3,t
455,179,15,4,2025-12-31 21:00:00,2026-01-02 21:00:00,2026-01-02 08:00:00,2026-01-02 21:00:00,35.0,2.0,0,0.0,incident,4,6,30.0,10,release,2,Средне-специальное,qa,5,Учёт топлива на котельных и ТЭЦ,REGENERGO-TEC,2,ПАО «РегионЭнерго»,энергетика,3,t
456,179,10,9,2026-01-02 10:00:00,2026-01-04 10:00:00,2026-01-07 00:00:00,2026-01-04 10:00:00,110.0,2.0,1,62.0,incident,4,6,30.0,10,release,6,Бакалавр,release_manager,5,Учёт топлива на котельных и ТЭЦ,REGENERGO-TEC,2,ПАО «РегионЭнерго»,энергетика,3,t
458,181,8,1,2026-01-07 20:00:00,2026-01-08 20:00:00,2026-01-11 04:00:00,2026-01-08 20:00:00,80.0,1.0,1,56.0,incident,2,12,72.0,27,release,1,Средне-специальное,frontend,12,Мобильное приложение для инспекторов АЗС,NEFTEHIM-MOB,3,ООО «НефтехимСервис»,нефтехимия,3,f
459,181,4,4,2026-01-11 08:00:00,2026-01-14 08:00:00,2026-01-12 16:00:00,2026-01-14 08:00:00,32.0,3.0,0,0.0,incident,2,12,72.0,27,release,4,Бакалавр,qa,12,Мобильное приложение для инспекторов АЗС,NEFTEHIM-MOB,3,ООО «НефтехимСервис»,нефтехимия,3,f
460,181,10,9,2026-01-12 17:00:00,2026-01-14 17:00:00,2026-01-13 19:00:00,2026-01-14 17:00:00,26.0,2.0,0,0.0,incident,2,12,72.0,27,release,6,Бакалавр,release_manager,12,Мобильное приложение для инспекторов АЗС,NEFTEHIM-MOB,3,ООО «НефтехимСервис»,нефтехимия,3,f
462,183,6,3,2026-01-03 09:00:00,2026-01-04 09:00:00,2026-01-04 00:00:00,2026-01-04 09:00:00,15.0,1.0,0,0.0,incident,3,9,54.0,3,release,3,Бакалавр,design,2,Модуль интеграции с датчиками уровня на АЗС,ZAPADTOP-IOT,1,АО «ЗападТопливо»,топливная розница,3,f
463,183,4,4,2026-01-04 03:00:00,,2026-01-05 09:00:00,2026-01-07 03:00:00,30.0,3.0,0,0.0,incident,3,9,54.0,3,release,4,Бакалавр,qa,2,Модуль интеграции с датчиками уровня на АЗС,ZAPADTOP-IOT,1,АО «ЗападТопливо»,топливная розница,3,f
464,183,14,9,2026-01-05 10:00:00,2026-01-06 10:00:00,2026-01-07 20:00:00,2026-01-06 10:00:00,58.0,1.0,1,34.0,incident,3,9,54.0,3,release,5,Бакалавр,release_manager,2,Модуль интеграции с датчиками уровня на АЗС,ZAPADTOP-IOT,1,АО «ЗападТопливо»,топливная розница,3,f
465,184,6,3,2026-01-09 06:00:00,2026-01-11 06:00:00,2026-01-16 11:00:00,2026-01-11 06:00:00,173.0,2.0,1,125.0,incident,2,2,12.0,14,release,3,Бакалавр,design,7,Интеграция с SCADA энергообъектов,REGENERGO-SCADA,2,ПАО «РегионЭнерго»,энергетика,3,f
466,184,4,4,2026-01-16 12:00:00,2026-01-18 12:00:00,2026-01-17 09:00:00,2026-01-18 12:00:00,21.0,2.0,0,0.0,incident,2,2,12.0,14,release,4,Бакалавр,qa,7,Интеграция с SCADA энергообъектов,REGENERGO-SCADA,2,ПАО «РегионЭнерго»,энергетика,3,f
467,184,14,9,2026-01-17 11:00:00,2026-01-19 11:00:00,2026-01-18 20:00:00,2026-01-19 11:00:00,33.0,2.0,0,0.0,incident,2,2,12.0,14,release,5,Бакалавр,release_manager,7,Интеграция с SCADA энергообъектов,REGENERGO-SCADA,2,ПАО «РегионЭнерго»,энергетика,3,f
468,185,13,7,2026-01-07 23:00:00,2026-01-16 23:00:00,2026-01-20 04:00:00,2026-01-16 23:00:00,293.0,9.0,1,77.0,development,5,11,55.0,10,release,3,Средне-специальное,fullstack,5,Учёт топлива на котельных и ТЭЦ,REGENERGO-TEC,2,ПАО «РегионЭнерго»,энергетика,3,t
469,185,9,4,2026-01-20 08:00:00,2026-01-21 08:00:00,2026-01-23 01:00:00,2026-01-21 08:00:00,65.0,1.0,1,41.0,development,5,11,55.0,10,release,5,Бакалавр,qa,5,Учёт топлива на котельных и ТЭЦ,REGENERGO-TEC,2,ПАО «РегионЭнерго»,энергетика,3,t
470,185,10,9,2026-01-23 07:00:00,2026-01-25 07:00:00,2026-01-30 17:00:00,2026-01-25 07:00:00,178.0,2.0,1,130.0,development,5,11,55.0,10,release,6,Бакалавр,release_manager,5,Учёт топлива на котельных и ТЭЦ,REGENERGO-TEC,2,ПАО «РегионЭнерго»,энергетика,3,t
471,187,8,1,2026-03-13 20:00:00,2026-03-23 20:00:00,2026-03-21 21:00:00,2026-03-23 20:00:00,193.0,10.0,0,0.0,development,3,4,16.0,4,being_tested,1,Средне-специальное,frontend,2,Модуль интеграции с датчиками уровня на АЗС,ZAPADTOP-IOT,1,АО «ЗападТопливо»,топливная розница,2,f
473,188,8,1,2026-01-10 11:00:00,2026-01-13 11:00:00,2026-01-15 01:00:00,2026-01-13 11:00:00,110.0,3.0,1,38.0,incident,4,3,9.0,1,release,1,Средне-специальное,frontend,1,ПО учёта остатков топлива на АЗС и электростанциях,ZAPADTOP-FUEL,1,АО «ЗападТопливо»,топливная розница,3,t
474,188,9,4,2026-01-15 05:00:00,2026-01-18 05:00:00,2026-01-21 01:00:00,2026-01-18 05:00:00,140.0,3.0,1,68.0,incident,4,3,9.0,1,release,5,Бакалавр,qa,1,ПО учёта остатков топлива на АЗС и электростанциях,ZAPADTOP-FUEL,1,АО «ЗападТопливо»,топливная розница,3,t
475,188,10,9,2026-01-21 02:00:00,2026-01-22 02:00:00,2026-01-21 12:00:00,2026-01-22 02:00:00,10.0,1.0,0,0.0,incident,4,3,9.0,1,release,6,Бакалавр,release_manager,1,ПО учёта остатков топлива на АЗС и электростанциях,ZAPADTOP-FUEL,1,АО «ЗападТопливо»,топливная розница,3,t
477,190,2,1,2026-03-12 23:00:00,2026-03-15 23:00:00,2026-03-18 01:00:00,2026-03-15 23:00:00,122.0,3.0,1,50.0,incident,3,10,50.0,28,release,5,Бакалавр,frontend,12,Мобильное приложение для инспекторов АЗС,NEFTEHIM-MOB,3,ООО «НефтехимСервис»,нефтехимия,3,f
478,190,4,4,2026-03-18 02:00:00,,2026-03-27 02:00:00,2026-03-23 02:00:00,216.0,5.0,1,96.0,incident,3,10,50.0,28,release,4,Бакалавр,qa,12,Мобильное приложение для инспекторов АЗС,NEFTEHIM-MOB,3,ООО «НефтехимСервис»,нефтехимия,3,f
479,190,10,9,2026-03-27 05:00:00,2026-03-29 05:00:00,2026-03-28 22:00:00,2026-03-29 05:00:00,41.0,2.0,0,0.0,incident,3,10,50.0,28,release,6,Бакалавр,release_manager,12,Мобильное приложение для инспекторов АЗС,NEFTEHIM-MOB,3,ООО «НефтехимСервис»,нефтехимия,3,f
480,192,6,3,2025-12-29 19:00:00,2026-01-06 19:00:00,2026-01-02 03:00:00,2026-01-06 19:00:00,80.0,8.0,0,0.0,development,4,11,55.0,20,being_tested,3,Бакалавр,design,9,Логистика перевозок нефтепродуктов,NEFTEHIM-LOG,3,ООО «НефтехимСервис»,нефтехимия,2,t
482,193,1,2,2026-03-14 00:00:00,2026-03-17 00:00:00,2026-03-15 04:00:00,2026-03-17 00:00:00,28.0,3.0,0,0.0,incident,3,7,42.0,2,release,8,Специалист,backend,1,ПО учёта остатков топлива на АЗС и электростанциях,ZAPADTOP-FUEL,1,АО «ЗападТопливо»,топливная розница,3,f
483,193,9,4,2026-03-15 05:00:00,2026-03-17 05:00:00,2026-03-16 03:00:00,2026-03-17 05:00:00,22.0,2.0,0,0.0,incident,3,7,42.0,2,release,5,Бакалавр,qa,1,ПО учёта остатков топлива на АЗС и электростанциях,ZAPADTOP-FUEL,1,АО «ЗападТопливо»,топливная розница,3,f
484,193,14,9,2026-03-16 05:00:00,2026-03-17 05:00:00,2026-03-17 02:00:00,2026-03-17 05:00:00,21.0,1.0,0,0.0,incident,3,7,42.0,2,release,5,Бакалавр,release_manager,1,ПО учёта остатков топлива на АЗС и электростанциях,ZAPADTOP-FUEL,1,АО «ЗападТопливо»,топливная розница,3,f
485,195,3,7,2025-12-30 11:00:00,2026-01-09 11:00:00,2026-01-12 05:00:00,2026-01-09 11:00:00,306.0,10.0,1,66.0,development,5,10,50.0,10,release,6,Бакалавр,fullstack,5,Учёт топлива на котельных и ТЭЦ,REGENERGO-TEC,2,ПАО «РегионЭнерго»,энергетика,9,t
486,195,15,4,2026-01-12 07:00:00,,2026-01-17 22:00:00,2026-01-15 07:00:00,135.0,3.0,1,63.0,development,5,10,50.0,10,release,2,Средне-специальное,qa,5,Учёт топлива на котельных и ТЭЦ,REGENERGO-TEC,2,ПАО «РегионЭнерго»,энергетика,9,t
487,195,3,7,2026-01-18 06:00:00,2026-01-20 06:00:00,2026-01-22 22:00:00,2026-01-20 06:00:00,112.0,2.0,1,64.0,development,5,10,50.0,10,release,6,Бакалавр,fullstack,5,Учёт топлива на котельных и ТЭЦ,REGENERGO-TEC,2,ПАО «РегионЭнерго»,энергетика,9,t
488,195,15,4,2026-01-23 00:00:00,2026-01-25 00:00:00,2026-01-29 20:00:00,2026-01-25 00:00:00,164.0,2.0,1,116.0,development,5,10,50.0,10,release,2,Средне-специальное,qa,5,Учёт топлива на котельных и ТЭЦ,REGENERGO-TEC,2,ПАО «РегионЭнерго»,энергетика,9,t
489,195,3,7,2026-01-30 04:00:00,2026-02-02 04:00:00,2026-02-01 05:00:00,2026-02-02 04:00:00,49.0,3.0,0,0.0,development,5,10,50.0,10,release,6,Бакалавр,fullstack,5,Учёт топлива на котельных и ТЭЦ,REGENERGO-TEC,2,ПАО «РегионЭнерго»,энергетика,9,t
490,195,15,4,2026-02-01 08:00:00,2026-02-04 08:00:00,2026-02-03 08:00:00,2026-02-04 08:00:00,48.0,3.0,0,0.0,development,5,10,50.0,10,release,2,Средне-специальное,qa,5,Учёт топлива на котельных и ТЭЦ,REGENERGO-TEC,2,ПАО «РегионЭнерго»,энергетика,9,t
491,195,3,7,2026-02-03 11:00:00,2026-02-08 11:00:00,2026-02-13 01:00:00,2026-02-08 11:00:00,230.0,5.0,1,110.0,development,5,10,50.0,10,release,6,Бакалавр,fullstack,5,Учёт топлива на котельных и ТЭЦ,REGENERGO-TEC,2,ПАО «РегионЭнерго»,энергетика,9,t
492,195,15,4,2026-02-13 05:00:00,2026-02-16 05:00:00,2026-02-14 08:00:00,2026-02-16 05:00:00,27.0,3.0,0,0.0,development,5,10,50.0,10,release,2,Средне-специальное,qa,5,Учёт топлива на котельных и ТЭЦ,REGENERGO-TEC,2,ПАО «РегионЭнерго»,энергетика,9,t
493,195,10,9,2026-02-14 13:00:00,2026-02-15 13:00:00,2026-02-17 11:00:00,2026-02-15 13:00:00,70.0,1.0,1,46.0,development,5,10,50.0,10,release,6,Бакалавр,release_manager,5,Учёт топлива на котельных и ТЭЦ,REGENERGO-TEC,2,ПАО «РегионЭнерго»,энергетика,9,t
494,196,13,7,2026-01-10 09:00:00,2026-01-20 09:00:00,2026-01-17 08:00:00,2026-01-20 09:00:00,167.0,10.0,0,0.0,development,5,4,16.0,17,release,3,Средне-специальное,fullstack,8,Портал заявок на доработку от эксплуатации,REGENERGO-REQ,2,ПАО «РегионЭнерго»,энергетика,3,t
495,196,15,4,2026-01-17 09:00:00,,2026-01-26 18:00:00,2026-01-21 09:00:00,225.0,4.0,1,129.0,development,5,4,16.0,17,release,2,Средне-специальное,qa,8,Портал заявок на доработку от эксплуатации,REGENERGO-REQ,2,ПАО «РегионЭнерго»,энергетика,3,t
496,196,10,9,2026-01-26 23:00:00,2026-01-28 23:00:00,2026-01-28 05:00:00,2026-01-28 23:00:00,30.0,2.0,0,0.0,development,5,4,16.0,17,release,6,Бакалавр,release_manager,8,Портал заявок на доработку от эксплуатации,REGENERGO-REQ,2,ПАО «РегионЭнерго»,энергетика,3,t
497,197,11,2,2026-03-07 01:00:00,2026-03-12 01:00:00,2026-03-16 22:00:00,2026-03-12 01:00:00,237.0,5.0,1,117.0,development,3,9,54.0,12,release,0,Средне-специальное,backend,6,Система мониторинга резервных топливных складов,REGENERGO-SKLAD,2,ПАО «РегионЭнерго»,энергетика,3,f
498,197,15,4,2026-03-17 00:00:00,,2026-03-24 07:00:00,2026-03-20 00:00:00,175.0,3.0,1,103.0,development,3,9,54.0,12,release,2,Средне-специальное,qa,6,Система мониторинга резервных топливных складов,REGENERGO-SKLAD,2,ПАО «РегионЭнерго»,энергетика,3,f
499,197,14,9,2026-03-24 10:00:00,2026-03-25 10:00:00,2026-03-25 02:00:00,2026-03-25 10:00:00,16.0,1.0,0,0.0,development,3,9,54.0,12,release,5,Бакалавр,release_manager,6,Система мониторинга резервных топливных складов,REGENERGO-SKLAD,2,ПАО «РегионЭнерго»,энергетика,3,f
500,198,2,1,2026-03-03 07:00:00,2026-03-07 07:00:00,2026-03-10 11:00:00,2026-03-07 07:00:00,172.0,4.0,1,76.0,development,2,5,25.0,21,release,5,Бакалавр,frontend,9,Логистика перевозок нефтепродуктов,NEFTEHIM-LOG,3,ООО «НефтехимСервис»,нефтехимия,3,f
501,198,15,4,2026-03-10 14:00:00,,2026-03-16 17:00:00,2026-03-13 14:00:00,147.0,3.0,1,75.0,development,2,5,25.0,21,release,2,Средне-специальное,qa,9,Логистика перевозок нефтепродуктов,NEFTEHIM-LOG,3,ООО «НефтехимСервис»,нефтехимия,3,f
502,198,10,9,2026-03-16 22:00:00,2026-03-17 22:00:00,2026-03-17 09:00:00,2026-03-17 22:00:00,11.0,1.0,0,0.0,development,2,5,25.0,21,release,6,Бакалавр,release_manager,9,Логистика перевозок нефтепродуктов,NEFTEHIM-LOG,3,ООО «НефтехимСервис»,нефтехимия,3,f
503,199,8,1,2026-01-03 20:00:00,2026-01-04 20:00:00,2026-01-09 05:00:00,2026-01-04 20:00:00,129.0,1.0,1,105.0,incident,2,1,5.0,1,release,1,Средне-специальное,frontend,1,ПО учёта остатков топлива на АЗС и электростанциях,ZAPADTOP-FUEL,1,АО «ЗападТопливо»,топливная розница,5,f
504,199,9,4,2026-01-09 08:00:00,,2026-01-16 08:00:00,2026-01-14 08:00:00,168.0,5.0,1,48.0,incident,2,1,5.0,1,release,5,Бакалавр,qa,1,ПО учёта остатков топлива на АЗС и электростанциях,ZAPADTOP-FUEL,1,АО «ЗападТопливо»,топливная розница,5,f
505,199,8,1,2026-01-16 13:00:00,2026-01-20 13:00:00,2026-01-21 21:00:00,2026-01-20 13:00:00,128.0,4.0,1,32.0,incident,2,1,5.0,1,release,1,Средне-специальное,frontend,1,ПО учёта остатков топлива на АЗС и электростанциях,ZAPADTOP-FUEL,1,АО «ЗападТопливо»,топливная розница,5,f
506,199,9,4,2026-01-22 01:00:00,,2026-01-26 04:00:00,2026-01-27 01:00:00,99.0,5.0,0,0.0,incident,2,1,5.0,1,release,5,Бакалавр,qa,1,ПО учёта остатков топлива на АЗС и электростанциях,ZAPADTOP-FUEL,1,АО «ЗападТопливо»,топливная розница,5,f
507,199,14,9,2026-01-26 08:00:00,2026-01-27 08:00:00,2026-01-26 18:00:00,2026-01-27 08:00:00,10.0,1.0,0,0.0,incident,2,1,5.0,1,release,5,Бакалавр,release_manager,1,ПО учёта остатков топлива на АЗС и электростанциях,ZAPADTOP-FUEL,1,АО «ЗападТопливо»,топливная розница,5,f
508,201,3,7,2026-01-05 06:00:00,2026-01-06 06:00:00,2026-01-05 17:00:00,2026-01-06 06:00:00,11.0,1.0,0,0.0,incident,2,3,15.0,10,release,6,Бакалавр,fullstack,5,Учёт топлива на котельных и ТЭЦ,REGENERGO-TEC,2,ПАО «РегионЭнерго»,энергетика,3,f
509,201,9,4,2026-01-05 19:00:00,2026-01-06 19:00:00,2026-01-09 15:00:00,2026-01-06 19:00:00,92.0,1.0,1,68.0,incident,2,3,15.0,10,release,5,Бакалавр,qa,5,Учёт топлива на котельных и ТЭЦ,REGENERGO-TEC,2,ПАО «РегионЭнерго»,энергетика,3,f
510,201,10,9,2026-01-09 17:00:00,2026-01-10 17:00:00,2026-01-10 07:00:00,2026-01-10 17:00:00,14.0,1.0,0,0.0,incident,2,3,15.0,10,release,6,Бакалавр,release_manager,5,Учёт топлива на котельных и ТЭЦ,REGENERGO-TEC,2,ПАО «РегионЭнерго»,энергетика,3,f
511,202,3,7,2026-01-01 14:00:00,2026-01-10 14:00:00,2026-01-04 20:00:00,2026-01-10 14:00:00,78.0,9.0,0,0.0,development,3,1,6.0,17,release,6,Бакалавр,fullstack,8,Портал заявок на доработку от эксплуатации,REGENERGO-REQ,2,ПАО «РегионЭнерго»,энергетика,3,f
512,202,4,4,2026-01-05 16:00:00,,2026-01-09 21:00:00,2026-01-08 16:00:00,101.0,3.0,1,29.0,development,3,1,6.0,17,release,4,Бакалавр,qa,8,Портал заявок на доработку от эксплуатации,REGENERGO-REQ,2,ПАО «РегионЭнерго»,энергетика,3,f
513,202,10,9,2026-01-09 23:00:00,2026-01-11 23:00:00,2026-01-11 18:00:00,2026-01-11 23:00:00,43.0,2.0,0,0.0,development,3,1,6.0,17,release,6,Бакалавр,release_manager,8,Портал заявок на доработку от эксплуатации,REGENERGO-REQ,2,ПАО «РегионЭнерго»,энергетика,3,f
514,203,6,3,2026-01-08 10:00:00,2026-01-16 10:00:00,2026-01-21 05:00:00,2026-01-16 10:00:00,307.0,8.0,1,115.0,development,2,5,30.0,5,release,3,Бакалавр,design,3,Личный кабинет оператора заправки,ZAPADTOP-LK,1,АО «ЗападТопливо»,топливная розница,3,f
515,203,15,4,2026-01-21 07:00:00,,2026-01-30 15:00:00,2026-01-26 07:00:00,224.0,5.0,1,104.0,development,2,5,30.0,5,release,2,Средне-специальное,qa,3,Личный кабинет оператора заправки,ZAPADTOP-LK,1,АО «ЗападТопливо»,топливная розница,3,f
516,203,14,9,2026-01-30 18:00:00,2026-01-31 18:00:00,2026-01-31 05:00:00,2026-01-31 18:00:00,11.0,1.0,0,0.0,development,2,5,30.0,5,release,5,Бакалавр,release_manager,3,Личный кабинет оператора заправки,ZAPADTOP-LK,1,АО «ЗападТопливо»,топливная розница,3,f
517,204,2,1,2026-01-04 10:00:00,2026-01-09 10:00:00,2026-01-09 03:00:00,2026-01-09 10:00:00,113.0,5.0,0,0.0,development,4,4,20.0,5,release,5,Бакалавр,frontend,3,Личный кабинет оператора заправки,ZAPADTOP-LK,1,АО «ЗападТопливо»,топливная розница,3,t
518,204,9,4,2026-01-09 07:00:00,2026-01-10 07:00:00,2026-01-15 05:00:00,2026-01-10 07:00:00,142.0,1.0,1,118.0,development,4,4,20.0,5,release,5,Бакалавр,qa,3,Личный кабинет оператора заправки,ZAPADTOP-LK,1,АО «ЗападТопливо»,топливная розница,3,t
519,204,10,9,2026-01-15 11:00:00,2026-01-16 11:00:00,2026-01-15 20:00:00,2026-01-16 11:00:00,9.0,1.0,0,0.0,development,4,4,20.0,5,release,6,Бакалавр,release_manager,3,Личный кабинет оператора заправки,ZAPADTOP-LK,1,АО «ЗападТопливо»,топливная розница,3,t
522,207,1,2,2026-01-04 07:00:00,2026-01-09 07:00:00,2026-01-07 06:00:00,2026-01-09 07:00:00,71.0,5.0,0,0.0,development,1,7,21.0,7,release,8,Специалист,backend,4,Отчётность по остаткам для Ростехнадзора,ZAPADTOP-RTN,1,АО «ЗападТопливо»,топливная розница,3,f
523,207,9,4,2026-01-07 07:00:00,,2026-01-16 18:00:00,2026-01-12 07:00:00,227.0,5.0,1,107.0,development,1,7,21.0,7,release,5,Бакалавр,qa,4,Отчётность по остаткам для Ростехнадзора,ZAPADTOP-RTN,1,АО «ЗападТопливо»,топливная розница,3,f
524,207,10,9,2026-01-16 22:00:00,2026-01-17 22:00:00,2026-01-17 09:00:00,2026-01-17 22:00:00,11.0,1.0,0,0.0,development,1,7,21.0,7,release,6,Бакалавр,release_manager,4,Отчётность по остаткам для Ростехнадзора,ZAPADTOP-RTN,1,АО «ЗападТопливо»,топливная розница,3,f
527,210,2,1,2026-01-01 04:00:00,2026-01-05 04:00:00,2026-01-08 11:00:00,2026-01-05 04:00:00,175.0,4.0,1,79.0,development,3,12,72.0,25,being_tested,5,Бакалавр,frontend,11,Аналитика и отчёты для руководства,NEFTEHIM-BI,3,ООО «НефтехимСервис»,нефтехимия,2,f
529,211,11,2,2026-03-10 08:00:00,2026-03-14 08:00:00,2026-03-19 04:00:00,2026-03-14 08:00:00,212.0,4.0,1,116.0,development,1,3,15.0,2,being_tested,0,Средне-специальное,backend,1,ПО учёта остатков топлива на АЗС и электростанциях,ZAPADTOP-FUEL,1,АО «ЗападТопливо»,топливная розница,2,f
531,213,8,1,2026-03-06 19:00:00,2026-03-09 19:00:00,2026-03-13 19:00:00,2026-03-09 19:00:00,168.0,3.0,1,96.0,incident,5,5,20.0,24,being_tested,1,Средне-специальное,frontend,10,Сверка остатков при приёмке на нефтебазе,NEFTEHIM-RCV,3,ООО «НефтехимСервис»,нефтехимия,2,t
533,214,1,2,2026-01-03 09:00:00,2026-01-06 09:00:00,2026-01-04 06:00:00,2026-01-06 09:00:00,21.0,3.0,0,0.0,incident,3,7,28.0,10,release,8,Специалист,backend,5,Учёт топлива на котельных и ТЭЦ,REGENERGO-TEC,2,ПАО «РегионЭнерго»,энергетика,3,f
534,214,4,4,2026-01-04 08:00:00,2026-01-06 08:00:00,2026-01-09 21:00:00,2026-01-06 08:00:00,133.0,2.0,1,85.0,incident,3,7,28.0,10,release,4,Бакалавр,qa,5,Учёт топлива на котельных и ТЭЦ,REGENERGO-TEC,2,ПАО «РегионЭнерго»,энергетика,3,f
535,214,10,9,2026-01-10 01:00:00,2026-01-12 01:00:00,2026-01-11 08:00:00,2026-01-12 01:00:00,31.0,2.0,0,0.0,incident,3,7,28.0,10,release,6,Бакалавр,release_manager,5,Учёт топлива на котельных и ТЭЦ,REGENERGO-TEC,2,ПАО «РегионЭнерго»,энергетика,3,f
537,216,2,1,2026-03-06 04:00:00,2026-03-07 04:00:00,2026-03-06 15:00:00,2026-03-07 04:00:00,11.0,1.0,0,0.0,incident,2,13,52.0,8,release,5,Бакалавр,frontend,4,Отчётность по остаткам для Ростехнадзора,ZAPADTOP-RTN,1,АО «ЗападТопливо»,топливная розница,3,f
538,216,15,4,2026-03-06 16:00:00,2026-03-08 16:00:00,2026-03-11 02:00:00,2026-03-08 16:00:00,106.0,2.0,1,58.0,incident,2,13,52.0,8,release,2,Средне-специальное,qa,4,Отчётность по остаткам для Ростехнадзора,ZAPADTOP-RTN,1,АО «ЗападТопливо»,топливная розница,3,f
539,216,14,9,2026-03-11 03:00:00,2026-03-12 03:00:00,2026-03-11 22:00:00,2026-03-12 03:00:00,19.0,1.0,0,0.0,incident,2,13,52.0,8,release,5,Бакалавр,release_manager,4,Отчётность по остаткам для Ростехнадзора,ZAPADTOP-RTN,1,АО «ЗападТопливо»,топливная розница,3,f
540,217,13,7,2026-03-10 04:00:00,2026-03-14 04:00:00,2026-03-17 11:00:00,2026-03-14 04:00:00,175.0,4.0,1,79.0,development,2,4,20.0,26,release,3,Средне-специальное,fullstack,11,Аналитика и отчёты для руководства,NEFTEHIM-BI,3,ООО «НефтехимСервис»,нефтехимия,3,f
541,217,9,4,2026-03-17 14:00:00,2026-03-20 14:00:00,2026-03-20 03:00:00,2026-03-20 14:00:00,61.0,3.0,0,0.0,development,2,4,20.0,26,release,5,Бакалавр,qa,11,Аналитика и отчёты для руководства,NEFTEHIM-BI,3,ООО «НефтехимСервис»,нефтехимия,3,f
542,217,10,9,2026-03-20 07:00:00,2026-03-21 07:00:00,2026-03-20 18:00:00,2026-03-21 07:00:00,11.0,1.0,0,0.0,development,2,4,20.0,26,release,6,Бакалавр,release_manager,11,Аналитика и отчёты для руководства,NEFTEHIM-BI,3,ООО «НефтехимСервис»,нефтехимия,3,f
543,218,6,3,2026-01-01 13:00:00,2026-01-09 13:00:00,2026-01-04 07:00:00,2026-01-09 13:00:00,66.0,8.0,0,0.0,development,3,5,30.0,10,release,3,Бакалавр,design,5,Учёт топлива на котельных и ТЭЦ,REGENERGO-TEC,2,ПАО «РегионЭнерго»,энергетика,3,f
544,218,15,4,2026-01-04 11:00:00,,2026-01-06 18:00:00,2026-01-07 11:00:00,55.0,3.0,0,0.0,development,3,5,30.0,10,release,2,Средне-специальное,qa,5,Учёт топлива на котельных и ТЭЦ,REGENERGO-TEC,2,ПАО «РегионЭнерго»,энергетика,3,f
545,218,10,9,2026-01-06 20:00:00,2026-01-07 20:00:00,2026-01-07 10:00:00,2026-01-07 20:00:00,14.0,1.0,0,0.0,development,3,5,30.0,10,release,6,Бакалавр,release_manager,5,Учёт топлива на котельных и ТЭЦ,REGENERGO-TEC,2,ПАО «РегионЭнерго»,энергетика,3,f
546,219,13,7,2026-05-04 02:00:00,2026-05-11 02:00:00,2026-05-07 03:00:00,2026-05-11 02:00:00,73.0,7.0,0,0.0,development,4,8,48.0,19,release,3,Средне-специальное,fullstack,8,Портал заявок на доработку от эксплуатации,REGENERGO-REQ,2,ПАО «РегионЭнерго»,энергетика,7,t
547,219,9,4,2026-05-07 04:00:00,,2026-05-15 02:00:00,2026-05-12 04:00:00,190.0,5.0,1,70.0,development,4,8,48.0,19,release,5,Бакалавр,qa,8,Портал заявок на доработку от эксплуатации,REGENERGO-REQ,2,ПАО «РегионЭнерго»,энергетика,7,t
548,219,13,7,2026-05-15 04:00:00,2026-05-17 04:00:00,2026-05-16 17:00:00,2026-05-17 04:00:00,37.0,2.0,0,0.0,development,4,8,48.0,19,release,3,Средне-специальное,fullstack,8,Портал заявок на доработку от эксплуатации,REGENERGO-REQ,2,ПАО «РегионЭнерго»,энергетика,7,t
549,219,9,4,2026-05-16 20:00:00,2026-05-19 20:00:00,2026-05-24 17:00:00,2026-05-19 20:00:00,189.0,3.0,1,117.0,development,4,8,48.0,19,release,5,Бакалавр,qa,8,Портал заявок на доработку от эксплуатации,REGENERGO-REQ,2,ПАО «РегионЭнерго»,энергетика,7,t
550,219,13,7,2026-05-24 20:00:00,2026-05-29 20:00:00,2026-05-30 08:00:00,2026-05-29 20:00:00,132.0,5.0,1,12.0,development,4,8,48.0,19,release,3,Средне-специальное,fullstack,8,Портал заявок на доработку от эксплуатации,REGENERGO-REQ,2,ПАО «РегионЭнерго»,энергетика,7,t
551,219,9,4,2026-05-30 11:00:00,2026-06-02 11:00:00,2026-06-07 05:00:00,2026-06-02 11:00:00,186.0,3.0,1,114.0,development,4,8,48.0,19,release,5,Бакалавр,qa,8,Портал заявок на доработку от эксплуатации,REGENERGO-REQ,2,ПАО «РегионЭнерго»,энергетика,7,t
552,219,14,9,2026-06-07 10:00:00,2026-06-08 10:00:00,2026-06-08 02:00:00,2026-06-08 10:00:00,16.0,1.0,0,0.0,development,4,8,48.0,19,release,5,Бакалавр,release_manager,8,Портал заявок на доработку от эксплуатации,REGENERGO-REQ,2,ПАО «РегионЭнерго»,энергетика,7,t
553,220,8,1,2026-01-02 15:00:00,2026-01-05 15:00:00,2026-01-09 05:00:00,2026-01-05 15:00:00,158.0,3.0,1,86.0,incident,2,13,39.0,1,release,1,Средне-специальное,frontend,1,ПО учёта остатков топлива на АЗС и электростанциях,ZAPADTOP-FUEL,1,АО «ЗападТопливо»,топливная розница,3,f
554,220,4,4,2026-01-09 08:00:00,,2026-01-17 16:00:00,2026-01-14 08:00:00,200.0,5.0,1,80.0,incident,2,13,39.0,1,release,4,Бакалавр,qa,1,ПО учёта остатков топлива на АЗС и электростанциях,ZAPADTOP-FUEL,1,АО «ЗападТопливо»,топливная розница,3,f
555,220,10,9,2026-01-17 18:00:00,2026-01-19 18:00:00,2026-01-23 20:00:00,2026-01-19 18:00:00,146.0,2.0,1,98.0,incident,2,13,39.0,1,release,6,Бакалавр,release_manager,1,ПО учёта остатков топлива на АЗС и электростанциях,ZAPADTOP-FUEL,1,АО «ЗападТопливо»,топливная розница,3,f
556,221,8,1,2026-05-06 08:00:00,2026-05-16 08:00:00,2026-05-13 07:00:00,2026-05-16 08:00:00,167.0,10.0,0,0.0,development,3,9,54.0,16,release,1,Средне-специальное,frontend,7,Интеграция с SCADA энергообъектов,REGENERGO-SCADA,2,ПАО «РегионЭнерго»,энергетика,3,f
557,221,15,4,2026-05-13 08:00:00,2026-05-15 08:00:00,2026-05-17 11:00:00,2026-05-15 08:00:00,99.0,2.0,1,51.0,development,3,9,54.0,16,release,2,Средне-специальное,qa,7,Интеграция с SCADA энергообъектов,REGENERGO-SCADA,2,ПАО «РегионЭнерго»,энергетика,3,f
558,221,14,9,2026-05-17 13:00:00,2026-05-18 13:00:00,2026-05-18 04:00:00,2026-05-18 13:00:00,15.0,1.0,0,0.0,development,3,9,54.0,16,release,5,Бакалавр,release_manager,7,Интеграция с SCADA энергообъектов,REGENERGO-SCADA,2,ПАО «РегионЭнерго»,энергетика,3,f
559,222,2,1,2026-01-05 07:00:00,2026-01-10 07:00:00,2026-01-07 18:00:00,2026-01-10 07:00:00,59.0,5.0,0,0.0,development,3,12,72.0,17,being_tested,5,Бакалавр,frontend,8,Портал заявок на доработку от эксплуатации,REGENERGO-REQ,2,ПАО «РегионЭнерго»,энергетика,2,f
561,223,1,2,2026-01-04 04:00:00,2026-01-11 04:00:00,2026-01-07 01:00:00,2026-01-11 04:00:00,69.0,7.0,0,0.0,development,2,2,12.0,11,being_tested,8,Специалист,backend,6,Система мониторинга резервных топливных складов,REGENERGO-SKLAD,2,ПАО «РегионЭнерго»,энергетика,2,f
563,224,2,1,2026-01-05 19:00:00,2026-01-11 19:00:00,2026-01-12 21:00:00,2026-01-11 19:00:00,170.0,6.0,1,26.0,development,1,4,20.0,10,release,5,Бакалавр,frontend,5,Учёт топлива на котельных и ТЭЦ,REGENERGO-TEC,2,ПАО «РегионЭнерго»,энергетика,7,f
564,224,15,4,2026-01-12 23:00:00,2026-01-14 23:00:00,2026-01-17 13:00:00,2026-01-14 23:00:00,110.0,2.0,1,62.0,development,1,4,20.0,10,release,2,Средне-специальное,qa,5,Учёт топлива на котельных и ТЭЦ,REGENERGO-TEC,2,ПАО «РегионЭнерго»,энергетика,7,f
565,224,2,1,2026-01-17 16:00:00,2026-01-22 16:00:00,2026-01-21 04:00:00,2026-01-22 16:00:00,84.0,5.0,0,0.0,development,1,4,20.0,10,release,5,Бакалавр,frontend,5,Учёт топлива на котельных и ТЭЦ,REGENERGO-TEC,2,ПАО «РегионЭнерго»,энергетика,7,f
566,224,15,4,2026-01-21 06:00:00,,2026-01-30 12:00:00,2026-01-26 06:00:00,222.0,5.0,1,102.0,development,1,4,20.0,10,release,2,Средне-специальное,qa,5,Учёт топлива на котельных и ТЭЦ,REGENERGO-TEC,2,ПАО «РегионЭнерго»,энергетика,7,f
567,224,2,1,2026-01-30 16:00:00,2026-02-01 16:00:00,2026-01-31 08:00:00,2026-02-01 16:00:00,16.0,2.0,0,0.0,development,1,4,20.0,10,release,5,Бакалавр,frontend,5,Учёт топлива на котельных и ТЭЦ,REGENERGO-TEC,2,ПАО «РегионЭнерго»,энергетика,7,f
568,224,15,4,2026-01-31 10:00:00,,2026-02-06 04:00:00,2026-02-04 10:00:00,138.0,4.0,1,42.0,development,1,4,20.0,10,release,2,Средне-специальное,qa,5,Учёт топлива на котельных и ТЭЦ,REGENERGO-TEC,2,ПАО «РегионЭнерго»,энергетика,7,f
569,224,14,9,2026-02-06 10:00:00,2026-02-08 10:00:00,2026-02-13 13:00:00,2026-02-08 10:00:00,171.0,2.0,1,123.0,development,1,4,20.0,10,release,5,Бакалавр,release_manager,5,Учёт топлива на котельных и ТЭЦ,REGENERGO-TEC,2,ПАО «РегионЭнерго»,энергетика,7,f
571,226,2,1,2026-03-12 09:00:00,2026-03-15 09:00:00,2026-03-13 06:00:00,2026-03-15 09:00:00,21.0,3.0,0,0.0,development,4,5,20.0,2,release,5,Бакалавр,frontend,1,ПО учёта остатков топлива на АЗС и электростанциях,ZAPADTOP-FUEL,1,АО «ЗападТопливо»,топливная розница,3,t
572,226,9,4,2026-03-13 09:00:00,2026-03-16 09:00:00,2026-03-20 16:00:00,2026-03-16 09:00:00,175.0,3.0,1,103.0,development,4,5,20.0,2,release,5,Бакалавр,qa,1,ПО учёта остатков топлива на АЗС и электростанциях,ZAPADTOP-FUEL,1,АО «ЗападТопливо»,топливная розница,3,t
573,226,10,9,2026-03-20 19:00:00,2026-03-21 19:00:00,2026-03-21 13:00:00,2026-03-21 19:00:00,18.0,1.0,0,0.0,development,4,5,20.0,2,release,6,Бакалавр,release_manager,1,ПО учёта остатков топлива на АЗС и электростанциях,ZAPADTOP-FUEL,1,АО «ЗападТопливо»,топливная розница,3,t
576,229,2,1,2026-03-05 02:00:00,2026-03-07 02:00:00,2026-03-09 20:00:00,2026-03-07 02:00:00,114.0,2.0,1,66.0,incident,2,12,60.0,12,release,5,Бакалавр,frontend,6,Система мониторинга резервных топливных складов,REGENERGO-SKLAD,2,ПАО «РегионЭнерго»,энергетика,5,f
577,229,4,4,2026-03-09 21:00:00,2026-03-11 21:00:00,2026-03-15 12:00:00,2026-03-11 21:00:00,135.0,2.0,1,87.0,incident,2,12,60.0,12,release,4,Бакалавр,qa,6,Система мониторинга резервных топливных складов,REGENERGO-SKLAD,2,ПАО «РегионЭнерго»,энергетика,5,f
578,229,2,1,2026-03-15 18:00:00,2026-03-19 18:00:00,2026-03-17 17:00:00,2026-03-19 18:00:00,47.0,4.0,0,0.0,incident,2,12,60.0,12,release,5,Бакалавр,frontend,6,Система мониторинга резервных топливных складов,REGENERGO-SKLAD,2,ПАО «РегионЭнерго»,энергетика,5,f
579,229,4,4,2026-03-17 19:00:00,,2026-03-20 06:00:00,2026-03-20 19:00:00,59.0,3.0,0,0.0,incident,2,12,60.0,12,release,4,Бакалавр,qa,6,Система мониторинга резервных топливных складов,REGENERGO-SKLAD,2,ПАО «РегионЭнерго»,энергетика,5,f
580,229,14,9,2026-03-20 11:00:00,2026-03-22 11:00:00,2026-03-21 09:00:00,2026-03-22 11:00:00,22.0,2.0,0,0.0,incident,2,12,60.0,12,release,5,Бакалавр,release_manager,6,Система мониторинга резервных топливных складов,REGENERGO-SKLAD,2,ПАО «РегионЭнерго»,энергетика,5,f
581,230,13,7,2026-05-01 16:00:00,2026-05-02 16:00:00,2026-05-02 08:00:00,2026-05-02 16:00:00,16.0,1.0,0,0.0,incident,4,2,10.0,22,release,3,Средне-специальное,fullstack,9,Логистика перевозок нефтепродуктов,NEFTEHIM-LOG,3,ООО «НефтехимСервис»,нефтехимия,3,t
582,230,4,4,2026-05-02 09:00:00,2026-05-03 09:00:00,2026-05-08 04:00:00,2026-05-03 09:00:00,139.0,1.0,1,115.0,incident,4,2,10.0,22,release,4,Бакалавр,qa,9,Логистика перевозок нефтепродуктов,NEFTEHIM-LOG,3,ООО «НефтехимСервис»,нефтехимия,3,t
583,230,10,9,2026-05-08 06:00:00,2026-05-10 06:00:00,2026-05-09 23:00:00,2026-05-10 06:00:00,41.0,2.0,0,0.0,incident,4,2,10.0,22,release,6,Бакалавр,release_manager,9,Логистика перевозок нефтепродуктов,NEFTEHIM-LOG,3,ООО «НефтехимСервис»,нефтехимия,3,t
584,231,3,7,2026-01-01 16:00:00,2026-01-02 16:00:00,2026-01-04 07:00:00,2026-01-02 16:00:00,63.0,1.0,1,39.0,incident,3,13,65.0,14,release,6,Бакалавр,fullstack,7,Интеграция с SCADA энергообъектов,REGENERGO-SCADA,2,ПАО «РегионЭнерго»,энергетика,3,f
585,231,9,4,2026-01-04 09:00:00,,2026-01-05 20:00:00,2026-01-07 09:00:00,35.0,3.0,0,0.0,incident,3,13,65.0,14,release,5,Бакалавр,qa,7,Интеграция с SCADA энергообъектов,REGENERGO-SCADA,2,ПАО «РегионЭнерго»,энергетика,3,f
586,231,14,9,2026-01-05 21:00:00,2026-01-06 21:00:00,2026-01-06 19:00:00,2026-01-06 21:00:00,22.0,1.0,0,0.0,incident,3,13,65.0,14,release,5,Бакалавр,release_manager,7,Интеграция с SCADA энергообъектов,REGENERGO-SCADA,2,ПАО «РегионЭнерго»,энергетика,3,f
587,232,2,1,2026-03-08 03:00:00,2026-03-18 03:00:00,2026-03-14 12:00:00,2026-03-18 03:00:00,153.0,10.0,0,0.0,development,3,9,36.0,4,release,5,Бакалавр,frontend,2,Модуль интеграции с датчиками уровня на АЗС,ZAPADTOP-IOT,1,АО «ЗападТопливо»,топливная розница,3,f
588,232,4,4,2026-03-14 14:00:00,2026-03-16 14:00:00,2026-03-20 01:00:00,2026-03-16 14:00:00,131.0,2.0,1,83.0,development,3,9,36.0,4,release,4,Бакалавр,qa,2,Модуль интеграции с датчиками уровня на АЗС,ZAPADTOP-IOT,1,АО «ЗападТопливо»,топливная розница,3,f
589,232,14,9,2026-03-20 04:00:00,2026-03-21 04:00:00,2026-03-26 00:00:00,2026-03-21 04:00:00,140.0,1.0,1,116.0,development,3,9,36.0,4,release,5,Бакалавр,release_manager,2,Модуль интеграции с датчиками уровня на АЗС,ZAPADTOP-IOT,1,АО «ЗападТопливо»,топливная розница,3,f
590,233,6,3,2026-01-04 12:00:00,2026-01-12 12:00:00,2026-01-08 12:00:00,2026-01-12 12:00:00,96.0,8.0,0,0.0,development,5,6,36.0,10,release,3,Бакалавр,design,5,Учёт топлива на котельных и ТЭЦ,REGENERGO-TEC,2,ПАО «РегионЭнерго»,энергетика,7,t
591,233,9,4,2026-01-08 13:00:00,2026-01-10 13:00:00,2026-01-12 01:00:00,2026-01-10 13:00:00,84.0,2.0,1,36.0,development,5,6,36.0,10,release,5,Бакалавр,qa,5,Учёт топлива на котельных и ТЭЦ,REGENERGO-TEC,2,ПАО «РегионЭнерго»,энергетика,7,t
592,233,6,3,2026-01-12 06:00:00,2026-01-14 06:00:00,2026-01-13 06:00:00,2026-01-14 06:00:00,24.0,2.0,0,0.0,development,5,6,36.0,10,release,3,Бакалавр,design,5,Учёт топлива на котельных и ТЭЦ,REGENERGO-TEC,2,ПАО «РегионЭнерго»,энергетика,7,t
593,233,9,4,2026-01-13 08:00:00,2026-01-16 08:00:00,2026-01-17 05:00:00,2026-01-16 08:00:00,93.0,3.0,1,21.0,development,5,6,36.0,10,release,5,Бакалавр,qa,5,Учёт топлива на котельных и ТЭЦ,REGENERGO-TEC,2,ПАО «РегионЭнерго»,энергетика,7,t
594,233,6,3,2026-01-17 08:00:00,2026-01-22 08:00:00,2026-01-24 00:00:00,2026-01-22 08:00:00,160.0,5.0,1,40.0,development,5,6,36.0,10,release,3,Бакалавр,design,5,Учёт топлива на котельных и ТЭЦ,REGENERGO-TEC,2,ПАО «РегионЭнерго»,энергетика,7,t
595,233,9,4,2026-01-24 03:00:00,,2026-01-28 19:00:00,2026-01-28 03:00:00,112.0,4.0,1,16.0,development,5,6,36.0,10,release,5,Бакалавр,qa,5,Учёт топлива на котельных и ТЭЦ,REGENERGO-TEC,2,ПАО «РегионЭнерго»,энергетика,7,t
596,233,14,9,2026-01-28 20:00:00,2026-01-30 20:00:00,2026-02-01 05:00:00,2026-01-30 20:00:00,81.0,2.0,1,33.0,development,5,6,36.0,10,release,5,Бакалавр,release_manager,5,Учёт топлива на котельных и ТЭЦ,REGENERGO-TEC,2,ПАО «РегионЭнерго»,энергетика,7,t
597,234,2,1,2026-03-11 02:00:00,2026-03-18 02:00:00,2026-03-15 09:00:00,2026-03-18 02:00:00,103.0,7.0,0,0.0,development,3,2,12.0,6,release,5,Бакалавр,frontend,3,Личный кабинет оператора заправки,ZAPADTOP-LK,1,АО «ЗападТопливо»,топливная розница,9,f
598,234,15,4,2026-03-16 11:00:00,2026-03-17 11:00:00,2026-03-17 00:00:00,2026-03-17 11:00:00,13.0,1.0,0,0.0,development,3,2,12.0,6,release,2,Средне-специальное,qa,3,Личный кабинет оператора заправки,ZAPADTOP-LK,1,АО «ЗападТопливо»,топливная розница,9,f
599,234,2,1,2026-03-17 07:00:00,2026-03-20 07:00:00,2026-03-25 08:00:00,2026-03-20 07:00:00,193.0,3.0,1,121.0,development,3,2,12.0,6,release,5,Бакалавр,frontend,3,Личный кабинет оператора заправки,ZAPADTOP-LK,1,АО «ЗападТопливо»,топливная розница,9,f
600,234,15,4,2026-03-25 12:00:00,,2026-03-28 04:00:00,2026-03-30 12:00:00,64.0,5.0,0,0.0,development,3,2,12.0,6,release,2,Средне-специальное,qa,3,Личный кабинет оператора заправки,ZAPADTOP-LK,1,АО «ЗападТопливо»,топливная розница,9,f
601,234,2,1,2026-03-28 12:00:00,2026-04-02 12:00:00,2026-04-03 21:00:00,2026-04-02 12:00:00,153.0,5.0,1,33.0,development,3,2,12.0,6,release,5,Бакалавр,frontend,3,Личный кабинет оператора заправки,ZAPADTOP-LK,1,АО «ЗападТопливо»,топливная розница,9,f
602,234,15,4,2026-04-04 01:00:00,,2026-04-12 10:00:00,2026-04-08 01:00:00,201.0,4.0,1,105.0,development,3,2,12.0,6,release,2,Средне-специальное,qa,3,Личный кабинет оператора заправки,ZAPADTOP-LK,1,АО «ЗападТопливо»,топливная розница,9,f
603,234,2,1,2026-04-12 13:00:00,2026-04-16 13:00:00,2026-04-20 18:00:00,2026-04-16 13:00:00,197.0,4.0,1,101.0,development,3,2,12.0,6,release,5,Бакалавр,frontend,3,Личный кабинет оператора заправки,ZAPADTOP-LK,1,АО «ЗападТопливо»,топливная розница,9,f
604,234,15,4,2026-04-20 20:00:00,,2026-04-24 09:00:00,2026-04-23 20:00:00,85.0,3.0,1,13.0,development,3,2,12.0,6,release,2,Средне-специальное,qa,3,Личный кабинет оператора заправки,ZAPADTOP-LK,1,АО «ЗападТопливо»,топливная розница,9,f
605,234,14,9,2026-04-24 10:00:00,2026-04-25 10:00:00,2026-04-29 15:00:00,2026-04-25 10:00:00,125.0,1.0,1,101.0,development,3,2,12.0,6,release,5,Бакалавр,release_manager,3,Личный кабинет оператора заправки,ZAPADTOP-LK,1,АО «ЗападТопливо»,топливная розница,9,f
606,235,1,2,2025-12-29 10:00:00,2026-01-07 10:00:00,2026-01-01 21:00:00,2026-01-07 10:00:00,83.0,9.0,0,0.0,development,2,8,32.0,25,release,8,Специалист,backend,11,Аналитика и отчёты для руководства,NEFTEHIM-BI,3,ООО «НефтехимСервис»,нефтехимия,9,f
607,235,15,4,2026-01-02 01:00:00,,2026-01-07 11:00:00,2026-01-07 01:00:00,130.0,5.0,1,10.0,development,2,8,32.0,25,release,2,Средне-специальное,qa,11,Аналитика и отчёты для руководства,NEFTEHIM-BI,3,ООО «НефтехимСервис»,нефтехимия,9,f
608,235,1,2,2026-01-07 18:00:00,2026-01-09 18:00:00,2026-01-08 12:00:00,2026-01-09 18:00:00,18.0,2.0,0,0.0,development,2,8,32.0,25,release,8,Специалист,backend,11,Аналитика и отчёты для руководства,NEFTEHIM-BI,3,ООО «НефтехимСервис»,нефтехимия,9,f
609,235,15,4,2026-01-08 16:00:00,,2026-01-15 15:00:00,2026-01-13 16:00:00,167.0,5.0,1,47.0,development,2,8,32.0,25,release,2,Средне-специальное,qa,11,Аналитика и отчёты для руководства,NEFTEHIM-BI,3,ООО «НефтехимСервис»,нефтехимия,9,f
610,235,1,2,2026-01-15 20:00:00,2026-01-17 20:00:00,2026-01-16 11:00:00,2026-01-17 20:00:00,15.0,2.0,0,0.0,development,2,8,32.0,25,release,8,Специалист,backend,11,Аналитика и отчёты для руководства,NEFTEHIM-BI,3,ООО «НефтехимСервис»,нефтехимия,9,f
611,235,15,4,2026-01-16 15:00:00,2026-01-19 15:00:00,2026-01-21 01:00:00,2026-01-19 15:00:00,106.0,3.0,1,34.0,development,2,8,32.0,25,release,2,Средне-специальное,qa,11,Аналитика и отчёты для руководства,NEFTEHIM-BI,3,ООО «НефтехимСервис»,нефтехимия,9,f
612,235,1,2,2026-01-21 05:00:00,2026-01-24 05:00:00,2026-01-27 20:00:00,2026-01-24 05:00:00,159.0,3.0,1,87.0,development,2,8,32.0,25,release,8,Специалист,backend,11,Аналитика и отчёты для руководства,NEFTEHIM-BI,3,ООО «НефтехимСервис»,нефтехимия,9,f
613,235,15,4,2026-01-27 21:00:00,,2026-02-02 23:00:00,2026-01-30 21:00:00,146.0,3.0,1,74.0,development,2,8,32.0,25,release,2,Средне-специальное,qa,11,Аналитика и отчёты для руководства,NEFTEHIM-BI,3,ООО «НефтехимСервис»,нефтехимия,9,f
614,235,14,9,2026-02-03 02:00:00,2026-02-04 02:00:00,2026-02-03 14:00:00,2026-02-04 02:00:00,12.0,1.0,0,0.0,development,2,8,32.0,25,release,5,Бакалавр,release_manager,11,Аналитика и отчёты для руководства,NEFTEHIM-BI,3,ООО «НефтехимСервис»,нефтехимия,9,f
615,236,1,2,2026-05-06 01:00:00,2026-05-08 01:00:00,2026-05-07 10:00:00,2026-05-08 01:00:00,33.0,2.0,0,0.0,incident,5,6,36.0,19,being_tested,8,Специалист,backend,8,Портал заявок на доработку от эксплуатации,REGENERGO-REQ,2,ПАО «РегионЭнерго»,энергетика,2,t
617,237,3,7,2026-03-04 14:00:00,2026-03-09 14:00:00,2026-03-08 15:00:00,2026-03-09 14:00:00,97.0,5.0,0,0.0,development,4,5,25.0,26,release,6,Бакалавр,fullstack,11,Аналитика и отчёты для руководства,NEFTEHIM-BI,3,ООО «НефтехимСервис»,нефтехимия,3,t
618,237,9,4,2026-03-08 17:00:00,2026-03-10 17:00:00,2026-03-15 16:00:00,2026-03-10 17:00:00,167.0,2.0,1,119.0,development,4,5,25.0,26,release,5,Бакалавр,qa,11,Аналитика и отчёты для руководства,NEFTEHIM-BI,3,ООО «НефтехимСервис»,нефтехимия,3,t
619,237,14,9,2026-03-15 22:00:00,2026-03-16 22:00:00,2026-03-16 06:00:00,2026-03-16 22:00:00,8.0,1.0,0,0.0,development,4,5,25.0,26,release,5,Бакалавр,release_manager,11,Аналитика и отчёты для руководства,NEFTEHIM-BI,3,ООО «НефтехимСервис»,нефтехимия,3,t
620,238,2,1,2026-03-04 13:00:00,2026-03-07 13:00:00,2026-03-06 00:00:00,2026-03-07 13:00:00,35.0,3.0,0,0.0,incident,3,13,39.0,4,release,5,Бакалавр,frontend,2,Модуль интеграции с датчиками уровня на АЗС,ZAPADTOP-IOT,1,АО «ЗападТопливо»,топливная розница,3,f
621,238,15,4,2026-03-06 04:00:00,,2026-03-09 21:00:00,2026-03-11 04:00:00,89.0,5.0,0,0.0,incident,3,13,39.0,4,release,2,Средне-специальное,qa,2,Модуль интеграции с датчиками уровня на АЗС,ZAPADTOP-IOT,1,АО «ЗападТопливо»,топливная розница,3,f
622,238,14,9,2026-03-09 22:00:00,2026-03-11 22:00:00,2026-03-13 07:00:00,2026-03-11 22:00:00,81.0,2.0,1,33.0,incident,3,13,39.0,4,release,5,Бакалавр,release_manager,2,Модуль интеграции с датчиками уровня на АЗС,ZAPADTOP-IOT,1,АО «ЗападТопливо»,топливная розница,3,f
624,240,2,1,2026-03-05 08:00:00,2026-03-14 08:00:00,2026-03-11 15:00:00,2026-03-14 08:00:00,151.0,9.0,0,0.0,development,2,6,30.0,26,release,5,Бакалавр,frontend,11,Аналитика и отчёты для руководства,NEFTEHIM-BI,3,ООО «НефтехимСервис»,нефтехимия,3,f
625,240,4,4,2026-03-11 16:00:00,,2026-03-17 10:00:00,2026-03-16 16:00:00,138.0,5.0,1,18.0,development,2,6,30.0,26,release,4,Бакалавр,qa,11,Аналитика и отчёты для руководства,NEFTEHIM-BI,3,ООО «НефтехимСервис»,нефтехимия,3,f
626,240,10,9,2026-03-17 11:00:00,2026-03-18 11:00:00,2026-03-17 19:00:00,2026-03-18 11:00:00,8.0,1.0,0,0.0,development,2,6,30.0,26,release,6,Бакалавр,release_manager,11,Аналитика и отчёты для руководства,NEFTEHIM-BI,3,ООО «НефтехимСервис»,нефтехимия,3,f
628,243,8,1,2026-03-12 04:00:00,2026-03-21 04:00:00,2026-03-20 09:00:00,2026-03-21 04:00:00,197.0,9.0,0,0.0,development,1,4,20.0,28,release,1,Средне-специальное,frontend,12,Мобильное приложение для инспекторов АЗС,NEFTEHIM-MOB,3,ООО «НефтехимСервис»,нефтехимия,3,f
629,243,9,4,2026-03-20 10:00:00,,2026-03-28 03:00:00,2026-03-25 10:00:00,185.0,5.0,1,65.0,development,1,4,20.0,28,release,5,Бакалавр,qa,12,Мобильное приложение для инспекторов АЗС,NEFTEHIM-MOB,3,ООО «НефтехимСервис»,нефтехимия,3,f
630,243,14,9,2026-03-28 05:00:00,2026-03-29 05:00:00,2026-04-02 12:00:00,2026-03-29 05:00:00,127.0,1.0,1,103.0,development,1,4,20.0,28,release,5,Бакалавр,release_manager,12,Мобильное приложение для инспекторов АЗС,NEFTEHIM-MOB,3,ООО «НефтехимСервис»,нефтехимия,3,f
631,245,6,3,2026-05-05 11:00:00,2026-05-10 11:00:00,2026-05-13 05:00:00,2026-05-10 11:00:00,186.0,5.0,1,66.0,development,1,3,9.0,9,release,3,Бакалавр,design,4,Отчётность по остаткам для Ростехнадзора,ZAPADTOP-RTN,1,АО «ЗападТопливо»,топливная розница,9,f
632,245,9,4,2026-05-13 09:00:00,,2026-05-17 21:00:00,2026-05-18 09:00:00,108.0,5.0,0,0.0,development,1,3,9.0,9,release,5,Бакалавр,qa,4,Отчётность по остаткам для Ростехнадзора,ZAPADTOP-RTN,1,АО «ЗападТопливо»,топливная розница,9,f
633,245,6,3,2026-05-17 23:00:00,2026-05-22 23:00:00,2026-05-26 20:00:00,2026-05-22 23:00:00,213.0,5.0,1,93.0,development,1,3,9.0,9,release,3,Бакалавр,design,4,Отчётность по остаткам для Ростехнадзора,ZAPADTOP-RTN,1,АО «ЗападТопливо»,топливная розница,9,f
634,245,9,4,2026-05-27 00:00:00,,2026-05-30 17:00:00,2026-06-01 00:00:00,89.0,5.0,0,0.0,development,1,3,9.0,9,release,5,Бакалавр,qa,4,Отчётность по остаткам для Ростехнадзора,ZAPADTOP-RTN,1,АО «ЗападТопливо»,топливная розница,9,f
635,245,6,3,2026-05-30 22:00:00,2026-06-04 22:00:00,2026-06-07 14:00:00,2026-06-04 22:00:00,184.0,5.0,1,64.0,development,1,3,9.0,9,release,3,Бакалавр,design,4,Отчётность по остаткам для Ростехнадзора,ZAPADTOP-RTN,1,АО «ЗападТопливо»,топливная розница,9,f
636,245,9,4,2026-06-07 15:00:00,,2026-06-10 08:00:00,2026-06-10 15:00:00,65.0,3.0,0,0.0,development,1,3,9.0,9,release,5,Бакалавр,qa,4,Отчётность по остаткам для Ростехнадзора,ZAPADTOP-RTN,1,АО «ЗападТопливо»,топливная розница,9,f
637,245,6,3,2026-06-10 11:00:00,2026-06-12 11:00:00,2026-06-11 20:00:00,2026-06-12 11:00:00,33.0,2.0,0,0.0,development,1,3,9.0,9,release,3,Бакалавр,design,4,Отчётность по остаткам для Ростехнадзора,ZAPADTOP-RTN,1,АО «ЗападТопливо»,топливная розница,9,f
638,245,9,4,2026-06-12 00:00:00,,2026-06-20 13:00:00,2026-06-17 00:00:00,205.0,5.0,1,85.0,development,1,3,9.0,9,release,5,Бакалавр,qa,4,Отчётность по остаткам для Ростехнадзора,ZAPADTOP-RTN,1,АО «ЗападТопливо»,топливная розница,9,f
639,245,10,9,2026-06-20 14:00:00,2026-06-21 14:00:00,2026-06-21 03:00:00,2026-06-21 14:00:00,13.0,1.0,0,0.0,development,1,3,9.0,9,release,6,Бакалавр,release_manager,4,Отчётность по остаткам для Ростехнадзора,ZAPADTOP-RTN,1,АО «ЗападТопливо»,топливная розница,9,f
640,246,2,1,2026-03-06 12:00:00,2026-03-11 12:00:00,2026-03-10 19:00:00,2026-03-11 12:00:00,103.0,5.0,0,0.0,development,2,3,18.0,4,release,5,Бакалавр,frontend,2,Модуль интеграции с датчиками уровня на АЗС,ZAPADTOP-IOT,1,АО «ЗападТопливо»,топливная розница,9,f
641,246,9,4,2026-03-10 21:00:00,2026-03-12 21:00:00,2026-03-16 04:00:00,2026-03-12 21:00:00,127.0,2.0,1,79.0,development,2,3,18.0,4,release,5,Бакалавр,qa,2,Модуль интеграции с датчиками уровня на АЗС,ZAPADTOP-IOT,1,АО «ЗападТопливо»,топливная розница,9,f
642,246,2,1,2026-03-16 11:00:00,2026-03-21 11:00:00,2026-03-22 18:00:00,2026-03-21 11:00:00,151.0,5.0,1,31.0,development,2,3,18.0,4,release,5,Бакалавр,frontend,2,Модуль интеграции с датчиками уровня на АЗС,ZAPADTOP-IOT,1,АО «ЗападТопливо»,топливная розница,9,f
643,246,9,4,2026-03-22 21:00:00,,2026-03-23 20:00:00,2026-03-25 21:00:00,23.0,3.0,0,0.0,development,2,3,18.0,4,release,5,Бакалавр,qa,2,Модуль интеграции с датчиками уровня на АЗС,ZAPADTOP-IOT,1,АО «ЗападТопливо»,топливная розница,9,f
644,246,2,1,2026-03-23 23:00:00,2026-03-25 23:00:00,2026-03-28 07:00:00,2026-03-25 23:00:00,104.0,2.0,1,56.0,development,2,3,18.0,4,release,5,Бакалавр,frontend,2,Модуль интеграции с датчиками уровня на АЗС,ZAPADTOP-IOT,1,АО «ЗападТопливо»,топливная розница,9,f
645,246,9,4,2026-03-28 09:00:00,,2026-04-05 19:00:00,2026-04-01 09:00:00,202.0,4.0,1,106.0,development,2,3,18.0,4,release,5,Бакалавр,qa,2,Модуль интеграции с датчиками уровня на АЗС,ZAPADTOP-IOT,1,АО «ЗападТопливо»,топливная розница,9,f
646,246,2,1,2026-04-06 02:00:00,2026-04-11 02:00:00,2026-04-08 14:00:00,2026-04-11 02:00:00,60.0,5.0,0,0.0,development,2,3,18.0,4,release,5,Бакалавр,frontend,2,Модуль интеграции с датчиками уровня на АЗС,ZAPADTOP-IOT,1,АО «ЗападТопливо»,топливная розница,9,f
647,246,9,4,2026-04-08 18:00:00,,2026-04-13 05:00:00,2026-04-13 18:00:00,107.0,5.0,0,0.0,development,2,3,18.0,4,release,5,Бакалавр,qa,2,Модуль интеграции с датчиками уровня на АЗС,ZAPADTOP-IOT,1,АО «ЗападТопливо»,топливная розница,9,f
648,246,10,9,2026-04-13 07:00:00,2026-04-14 07:00:00,2026-04-13 19:00:00,2026-04-14 07:00:00,12.0,1.0,0,0.0,development,2,3,18.0,4,release,6,Бакалавр,release_manager,2,Модуль интеграции с датчиками уровня на АЗС,ZAPADTOP-IOT,1,АО «ЗападТопливо»,топливная розница,9,f
650,249,11,2,2025-12-30 00:00:00,2026-01-02 00:00:00,2026-01-04 14:00:00,2026-01-02 00:00:00,134.0,3.0,1,62.0,incident,2,7,21.0,17,release,0,Средне-специальное,backend,8,Портал заявок на доработку от эксплуатации,REGENERGO-REQ,2,ПАО «РегионЭнерго»,энергетика,5,f
651,249,9,4,2026-01-05 10:00:00,2026-01-07 10:00:00,2026-01-09 14:00:00,2026-01-07 10:00:00,100.0,2.0,1,52.0,incident,2,7,21.0,17,release,5,Бакалавр,qa,8,Портал заявок на доработку от эксплуатации,REGENERGO-REQ,2,ПАО «РегионЭнерго»,энергетика,5,f
652,249,11,2,2026-01-09 18:00:00,2026-01-13 18:00:00,2026-01-18 08:00:00,2026-01-13 18:00:00,206.0,4.0,1,110.0,incident,2,7,21.0,17,release,0,Средне-специальное,backend,8,Портал заявок на доработку от эксплуатации,REGENERGO-REQ,2,ПАО «РегионЭнерго»,энергетика,5,f
653,249,9,4,2026-01-18 11:00:00,2026-01-19 11:00:00,2026-01-19 09:00:00,2026-01-19 11:00:00,22.0,1.0,0,0.0,incident,2,7,21.0,17,release,5,Бакалавр,qa,8,Портал заявок на доработку от эксплуатации,REGENERGO-REQ,2,ПАО «РегионЭнерго»,энергетика,5,f
654,249,10,9,2026-01-19 10:00:00,2026-01-20 10:00:00,2026-01-23 16:00:00,2026-01-20 10:00:00,102.0,1.0,1,78.0,incident,2,7,21.0,17,release,6,Бакалавр,release_manager,8,Портал заявок на доработку от эксплуатации,REGENERGO-REQ,2,ПАО «РегионЭнерго»,энергетика,5,f
655,250,6,3,2026-01-05 00:00:00,2026-01-06 00:00:00,2026-01-08 10:00:00,2026-01-06 00:00:00,82.0,1.0,1,58.0,incident,3,6,18.0,3,release,3,Бакалавр,design,2,Модуль интеграции с датчиками уровня на АЗС,ZAPADTOP-IOT,1,АО «ЗападТопливо»,топливная розница,7,f
656,250,15,4,2026-01-08 11:00:00,2026-01-11 11:00:00,2026-01-13 09:00:00,2026-01-11 11:00:00,118.0,3.0,1,46.0,incident,3,6,18.0,3,release,2,Средне-специальное,qa,2,Модуль интеграции с датчиками уровня на АЗС,ZAPADTOP-IOT,1,АО «ЗападТопливо»,топливная розница,7,f
657,250,6,3,2026-01-13 17:00:00,2026-01-16 17:00:00,2026-01-17 12:00:00,2026-01-16 17:00:00,91.0,3.0,1,19.0,incident,3,6,18.0,3,release,3,Бакалавр,design,2,Модуль интеграции с датчиками уровня на АЗС,ZAPADTOP-IOT,1,АО «ЗападТопливо»,топливная розница,7,f
658,250,15,4,2026-01-17 15:00:00,2026-01-20 15:00:00,2026-01-18 14:00:00,2026-01-20 15:00:00,23.0,3.0,0,0.0,incident,3,6,18.0,3,release,2,Средне-специальное,qa,2,Модуль интеграции с датчиками уровня на АЗС,ZAPADTOP-IOT,1,АО «ЗападТопливо»,топливная розница,7,f
659,250,6,3,2026-01-18 18:00:00,2026-01-22 18:00:00,2026-01-23 22:00:00,2026-01-22 18:00:00,124.0,4.0,1,28.0,incident,3,6,18.0,3,release,3,Бакалавр,design,2,Модуль интеграции с датчиками уровня на АЗС,ZAPADTOP-IOT,1,АО «ЗападТопливо»,топливная розница,7,f
660,250,15,4,2026-01-24 02:00:00,2026-01-27 02:00:00,2026-01-30 12:00:00,2026-01-27 02:00:00,154.0,3.0,1,82.0,incident,3,6,18.0,3,release,2,Средне-специальное,qa,2,Модуль интеграции с датчиками уровня на АЗС,ZAPADTOP-IOT,1,АО «ЗападТопливо»,топливная розница,7,f
661,250,14,9,2026-01-30 17:00:00,2026-02-01 17:00:00,2026-02-03 23:00:00,2026-02-01 17:00:00,102.0,2.0,1,54.0,incident,3,6,18.0,3,release,5,Бакалавр,release_manager,2,Модуль интеграции с датчиками уровня на АЗС,ZAPADTOP-IOT,1,АО «ЗападТопливо»,топливная розница,7,f
662,251,2,1,2026-03-05 19:00:00,2026-03-09 19:00:00,2026-03-08 09:00:00,2026-03-09 19:00:00,62.0,4.0,0,0.0,development,2,5,30.0,4,release,5,Бакалавр,frontend,2,Модуль интеграции с датчиками уровня на АЗС,ZAPADTOP-IOT,1,АО «ЗападТопливо»,топливная розница,3,f
663,251,15,4,2026-03-08 11:00:00,,2026-03-13 22:00:00,2026-03-11 11:00:00,131.0,3.0,1,59.0,development,2,5,30.0,4,release,2,Средне-специальное,qa,2,Модуль интеграции с датчиками уровня на АЗС,ZAPADTOP-IOT,1,АО «ЗападТопливо»,топливная розница,3,f
664,251,10,9,2026-03-14 01:00:00,2026-03-15 01:00:00,2026-03-14 19:00:00,2026-03-15 01:00:00,18.0,1.0,0,0.0,development,2,5,30.0,4,release,6,Бакалавр,release_manager,2,Модуль интеграции с датчиками уровня на АЗС,ZAPADTOP-IOT,1,АО «ЗападТопливо»,топливная розница,3,f
665,252,6,3,2026-01-05 17:00:00,2026-01-11 17:00:00,2026-01-16 15:00:00,2026-01-11 17:00:00,262.0,6.0,1,118.0,development,2,12,60.0,5,release,3,Бакалавр,design,3,Личный кабинет оператора заправки,ZAPADTOP-LK,1,АО «ЗападТопливо»,топливная розница,3,f
666,252,15,4,2026-01-16 18:00:00,2026-01-19 18:00:00,2026-01-25 09:00:00,2026-01-19 18:00:00,207.0,3.0,1,135.0,development,2,12,60.0,5,release,2,Средне-специальное,qa,3,Личный кабинет оператора заправки,ZAPADTOP-LK,1,АО «ЗападТопливо»,топливная розница,3,f
667,252,14,9,2026-01-25 13:00:00,2026-01-26 13:00:00,2026-01-26 00:00:00,2026-01-26 13:00:00,11.0,1.0,0,0.0,development,2,12,60.0,5,release,5,Бакалавр,release_manager,3,Личный кабинет оператора заправки,ZAPADTOP-LK,1,АО «ЗападТопливо»,топливная розница,3,f
668,253,6,3,2026-03-07 12:00:00,2026-03-14 12:00:00,2026-03-16 19:00:00,2026-03-14 12:00:00,223.0,7.0,1,55.0,development,1,6,18.0,28,release,3,Бакалавр,design,12,Мобильное приложение для инспекторов АЗС,NEFTEHIM-MOB,3,ООО «НефтехимСервис»,нефтехимия,3,f
669,253,15,4,2026-03-16 22:00:00,,2026-03-23 04:00:00,2026-03-19 22:00:00,150.0,3.0,1,78.0,development,1,6,18.0,28,release,2,Средне-специальное,qa,12,Мобильное приложение для инспекторов АЗС,NEFTEHIM-MOB,3,ООО «НефтехимСервис»,нефтехимия,3,f
670,253,10,9,2026-03-23 08:00:00,2026-03-25 08:00:00,2026-03-24 03:00:00,2026-03-25 08:00:00,19.0,2.0,0,0.0,development,1,6,18.0,28,release,6,Бакалавр,release_manager,12,Мобильное приложение для инспекторов АЗС,NEFTEHIM-MOB,3,ООО «НефтехимСервис»,нефтехимия,3,f
671,254,2,1,2026-01-08 09:00:00,2026-01-13 09:00:00,2026-01-16 00:00:00,2026-01-13 09:00:00,183.0,5.0,1,63.0,development,1,4,16.0,17,release,5,Бакалавр,frontend,8,Портал заявок на доработку от эксплуатации,REGENERGO-REQ,2,ПАО «РегионЭнерго»,энергетика,7,f
672,254,9,4,2026-01-16 04:00:00,,2026-01-23 14:00:00,2026-01-21 04:00:00,178.0,5.0,1,58.0,development,1,4,16.0,17,release,5,Бакалавр,qa,8,Портал заявок на доработку от эксплуатации,REGENERGO-REQ,2,ПАО «РегионЭнерго»,энергетика,7,f
673,254,2,1,2026-01-23 17:00:00,2026-01-26 17:00:00,2026-01-29 15:00:00,2026-01-26 17:00:00,142.0,3.0,1,70.0,development,1,4,16.0,17,release,5,Бакалавр,frontend,8,Портал заявок на доработку от эксплуатации,REGENERGO-REQ,2,ПАО «РегионЭнерго»,энергетика,7,f
674,254,9,4,2026-01-29 19:00:00,2026-02-01 19:00:00,2026-02-02 12:00:00,2026-02-01 19:00:00,89.0,3.0,1,17.0,development,1,4,16.0,17,release,5,Бакалавр,qa,8,Портал заявок на доработку от эксплуатации,REGENERGO-REQ,2,ПАО «РегионЭнерго»,энергетика,7,f
675,254,2,1,2026-02-02 17:00:00,2026-02-07 17:00:00,2026-02-05 03:00:00,2026-02-07 17:00:00,58.0,5.0,0,0.0,development,1,4,16.0,17,release,5,Бакалавр,frontend,8,Портал заявок на доработку от эксплуатации,REGENERGO-REQ,2,ПАО «РегионЭнерго»,энергетика,7,f
676,254,9,4,2026-02-05 04:00:00,,2026-02-13 03:00:00,2026-02-10 04:00:00,191.0,5.0,1,71.0,development,1,4,16.0,17,release,5,Бакалавр,qa,8,Портал заявок на доработку от эксплуатации,REGENERGO-REQ,2,ПАО «РегионЭнерго»,энергетика,7,f
677,254,10,9,2026-02-13 08:00:00,2026-02-14 08:00:00,2026-02-13 19:00:00,2026-02-14 08:00:00,11.0,1.0,0,0.0,development,1,4,16.0,17,release,6,Бакалавр,release_manager,8,Портал заявок на доработку от эксплуатации,REGENERGO-REQ,2,ПАО «РегионЭнерго»,энергетика,7,f
679,256,5,2,2026-03-09 04:00:00,2026-03-11 04:00:00,2026-03-13 20:00:00,2026-03-11 04:00:00,112.0,2.0,1,64.0,incident,2,2,6.0,2,release,2,Средне-специальное,backend,1,ПО учёта остатков топлива на АЗС и электростанциях,ZAPADTOP-FUEL,1,АО «ЗападТопливо»,топливная розница,3,f
680,256,4,4,2026-03-14 00:00:00,,2026-03-20 20:00:00,2026-03-18 00:00:00,164.0,4.0,1,68.0,incident,2,2,6.0,2,release,4,Бакалавр,qa,1,ПО учёта остатков топлива на АЗС и электростанциях,ZAPADTOP-FUEL,1,АО «ЗападТопливо»,топливная розница,3,f
681,256,10,9,2026-03-21 01:00:00,2026-03-22 01:00:00,2026-03-21 17:00:00,2026-03-22 01:00:00,16.0,1.0,0,0.0,incident,2,2,6.0,2,release,6,Бакалавр,release_manager,1,ПО учёта остатков топлива на АЗС и электростанциях,ZAPADTOP-FUEL,1,АО «ЗападТопливо»,топливная розница,3,f
682,257,6,3,2026-01-02 23:00:00,2026-01-04 23:00:00,2026-01-08 04:00:00,2026-01-04 23:00:00,125.0,2.0,1,77.0,incident,5,10,50.0,27,release,3,Бакалавр,design,12,Мобильное приложение для инспекторов АЗС,NEFTEHIM-MOB,3,ООО «НефтехимСервис»,нефтехимия,5,t
683,257,4,4,2026-01-08 07:00:00,,2026-01-16 09:00:00,2026-01-13 07:00:00,194.0,5.0,1,74.0,incident,5,10,50.0,27,release,4,Бакалавр,qa,12,Мобильное приложение для инспекторов АЗС,NEFTEHIM-MOB,3,ООО «НефтехимСервис»,нефтехимия,5,t
684,257,6,3,2026-01-16 12:00:00,2026-01-20 12:00:00,2026-01-22 04:00:00,2026-01-20 12:00:00,136.0,4.0,1,40.0,incident,5,10,50.0,27,release,3,Бакалавр,design,12,Мобильное приложение для инспекторов АЗС,NEFTEHIM-MOB,3,ООО «НефтехимСервис»,нефтехимия,5,t
685,257,4,4,2026-01-22 05:00:00,,2026-01-24 02:00:00,2026-01-27 05:00:00,45.0,5.0,0,0.0,incident,5,10,50.0,27,release,4,Бакалавр,qa,12,Мобильное приложение для инспекторов АЗС,NEFTEHIM-MOB,3,ООО «НефтехимСервис»,нефтехимия,5,t
686,257,10,9,2026-01-24 07:00:00,2026-01-26 07:00:00,2026-01-24 22:00:00,2026-01-26 07:00:00,15.0,2.0,0,0.0,incident,5,10,50.0,27,release,6,Бакалавр,release_manager,12,Мобильное приложение для инспекторов АЗС,NEFTEHIM-MOB,3,ООО «НефтехимСервис»,нефтехимия,5,t
687,258,13,7,2026-01-02 23:00:00,2026-01-03 23:00:00,2026-01-09 18:00:00,2026-01-03 23:00:00,163.0,1.0,1,139.0,incident,2,5,30.0,10,release,3,Средне-специальное,fullstack,5,Учёт топлива на котельных и ТЭЦ,REGENERGO-TEC,2,ПАО «РегионЭнерго»,энергетика,3,f
688,258,4,4,2026-01-09 19:00:00,2026-01-10 19:00:00,2026-01-10 11:00:00,2026-01-10 19:00:00,16.0,1.0,0,0.0,incident,2,5,30.0,10,release,4,Бакалавр,qa,5,Учёт топлива на котельных и ТЭЦ,REGENERGO-TEC,2,ПАО «РегионЭнерго»,энергетика,3,f
689,258,14,9,2026-01-10 15:00:00,2026-01-11 15:00:00,2026-01-11 10:00:00,2026-01-11 15:00:00,19.0,1.0,0,0.0,incident,2,5,30.0,10,release,5,Бакалавр,release_manager,5,Учёт топлива на котельных и ТЭЦ,REGENERGO-TEC,2,ПАО «РегионЭнерго»,энергетика,3,f
690,259,5,2,2026-01-01 17:00:00,2026-01-04 17:00:00,2026-01-04 09:00:00,2026-01-04 17:00:00,64.0,3.0,0,0.0,development,3,9,27.0,11,release,2,Средне-специальное,backend,6,Система мониторинга резервных топливных складов,REGENERGO-SKLAD,2,ПАО «РегионЭнерго»,энергетика,3,f
691,259,9,4,2026-01-04 13:00:00,2026-01-05 13:00:00,2026-01-09 21:00:00,2026-01-05 13:00:00,128.0,1.0,1,104.0,development,3,9,27.0,11,release,5,Бакалавр,qa,6,Система мониторинга резервных топливных складов,REGENERGO-SKLAD,2,ПАО «РегионЭнерго»,энергетика,3,f
692,259,10,9,2026-01-09 22:00:00,2026-01-10 22:00:00,2026-01-13 17:00:00,2026-01-10 22:00:00,91.0,1.0,1,67.0,development,3,9,27.0,11,release,6,Бакалавр,release_manager,6,Система мониторинга резервных топливных складов,REGENERGO-SKLAD,2,ПАО «РегионЭнерго»,энергетика,3,f
693,260,2,1,2026-05-03 00:00:00,2026-05-04 00:00:00,2026-05-03 14:00:00,2026-05-04 00:00:00,14.0,1.0,0,0.0,incident,5,12,72.0,13,release,5,Бакалавр,frontend,6,Система мониторинга резервных топливных складов,REGENERGO-SKLAD,2,ПАО «РегионЭнерго»,энергетика,3,t
694,260,15,4,2026-05-04 03:00:00,2026-05-05 03:00:00,2026-05-08 09:00:00,2026-05-05 03:00:00,102.0,1.0,1,78.0,incident,5,12,72.0,13,release,2,Средне-специальное,qa,6,Система мониторинга резервных топливных складов,REGENERGO-SKLAD,2,ПАО «РегионЭнерго»,энергетика,3,t
695,260,10,9,2026-05-08 15:00:00,2026-05-09 15:00:00,2026-05-08 23:00:00,2026-05-09 15:00:00,8.0,1.0,0,0.0,incident,5,12,72.0,13,release,6,Бакалавр,release_manager,6,Система мониторинга резервных топливных складов,REGENERGO-SKLAD,2,ПАО «РегионЭнерго»,энергетика,3,t
696,261,2,1,2026-03-13 23:00:00,2026-03-17 23:00:00,2026-03-16 09:00:00,2026-03-17 23:00:00,58.0,4.0,0,0.0,development,3,7,28.0,24,being_tested,5,Бакалавр,frontend,10,Сверка остатков при приёмке на нефтебазе,NEFTEHIM-RCV,3,ООО «НефтехимСервис»,нефтехимия,2,f
698,263,8,1,2026-05-08 13:00:00,2026-05-12 13:00:00,2026-05-14 05:00:00,2026-05-12 13:00:00,136.0,4.0,1,40.0,development,3,13,39.0,16,release,1,Средне-специальное,frontend,7,Интеграция с SCADA энергообъектов,REGENERGO-SCADA,2,ПАО «РегионЭнерго»,энергетика,3,f
699,263,15,4,2026-05-14 09:00:00,,2026-05-22 06:00:00,2026-05-19 09:00:00,189.0,5.0,1,69.0,development,3,13,39.0,16,release,2,Средне-специальное,qa,7,Интеграция с SCADA энергообъектов,REGENERGO-SCADA,2,ПАО «РегионЭнерго»,энергетика,3,f
700,263,14,9,2026-05-22 07:00:00,2026-05-24 07:00:00,2026-05-23 01:00:00,2026-05-24 07:00:00,18.0,2.0,0,0.0,development,3,13,39.0,16,release,5,Бакалавр,release_manager,7,Интеграция с SCADA энергообъектов,REGENERGO-SCADA,2,ПАО «РегионЭнерго»,энергетика,3,f
701,264,5,2,2025-12-30 13:00:00,2025-12-31 13:00:00,2026-01-02 17:00:00,2025-12-31 13:00:00,76.0,1.0,1,52.0,incident,3,11,44.0,3,release,2,Средне-специальное,backend,2,Модуль интеграции с датчиками уровня на АЗС,ZAPADTOP-IOT,1,АО «ЗападТопливо»,топливная розница,3,f
702,264,4,4,2026-01-02 19:00:00,,2026-01-10 07:00:00,2026-01-07 19:00:00,180.0,5.0,1,60.0,incident,3,11,44.0,3,release,4,Бакалавр,qa,2,Модуль интеграции с датчиками уровня на АЗС,ZAPADTOP-IOT,1,АО «ЗападТопливо»,топливная розница,3,f
703,264,14,9,2026-01-10 11:00:00,2026-01-11 11:00:00,2026-01-11 02:00:00,2026-01-11 11:00:00,15.0,1.0,0,0.0,incident,3,11,44.0,3,release,5,Бакалавр,release_manager,2,Модуль интеграции с датчиками уровня на АЗС,ZAPADTOP-IOT,1,АО «ЗападТопливо»,топливная розница,3,f
704,265,5,2,2026-01-09 14:00:00,2026-01-13 14:00:00,2026-01-16 07:00:00,2026-01-13 14:00:00,161.0,4.0,1,65.0,development,3,3,9.0,23,release,2,Средне-специальное,backend,10,Сверка остатков при приёмке на нефтебазе,NEFTEHIM-RCV,3,ООО «НефтехимСервис»,нефтехимия,3,f
705,265,4,4,2026-01-16 11:00:00,,2026-01-27 00:00:00,2026-01-21 11:00:00,253.0,5.0,1,133.0,development,3,3,9.0,23,release,4,Бакалавр,qa,10,Сверка остатков при приёмке на нефтебазе,NEFTEHIM-RCV,3,ООО «НефтехимСервис»,нефтехимия,3,f
706,265,10,9,2026-01-27 03:00:00,2026-01-29 03:00:00,2026-01-28 08:00:00,2026-01-29 03:00:00,29.0,2.0,0,0.0,development,3,3,9.0,23,release,6,Бакалавр,release_manager,10,Сверка остатков при приёмке на нефтебазе,NEFTEHIM-RCV,3,ООО «НефтехимСервис»,нефтехимия,3,f
707,266,2,1,2026-05-08 09:00:00,2026-05-17 09:00:00,2026-05-12 18:00:00,2026-05-17 09:00:00,105.0,9.0,0,0.0,development,1,2,8.0,9,release,5,Бакалавр,frontend,4,Отчётность по остаткам для Ростехнадзора,ZAPADTOP-RTN,1,АО «ЗападТопливо»,топливная розница,3,f
708,266,9,4,2026-05-12 21:00:00,,2026-05-18 01:00:00,2026-05-15 21:00:00,124.0,3.0,1,52.0,development,1,2,8.0,9,release,5,Бакалавр,qa,4,Отчётность по остаткам для Ростехнадзора,ZAPADTOP-RTN,1,АО «ЗападТопливо»,топливная розница,3,f
709,266,14,9,2026-05-18 04:00:00,2026-05-19 04:00:00,2026-05-18 22:00:00,2026-05-19 04:00:00,18.0,1.0,0,0.0,development,1,2,8.0,9,release,5,Бакалавр,release_manager,4,Отчётность по остаткам для Ростехнадзора,ZAPADTOP-RTN,1,АО «ЗападТопливо»,топливная розница,3,f
710,267,5,2,2026-03-07 09:00:00,2026-03-08 09:00:00,2026-03-10 05:00:00,2026-03-08 09:00:00,68.0,1.0,1,44.0,incident,2,11,44.0,21,release,2,Средне-специальное,backend,9,Логистика перевозок нефтепродуктов,NEFTEHIM-LOG,3,ООО «НефтехимСервис»,нефтехимия,7,f
711,267,9,4,2026-03-10 06:00:00,2026-03-11 06:00:00,2026-03-11 04:00:00,2026-03-11 06:00:00,22.0,1.0,0,0.0,incident,2,11,44.0,21,release,5,Бакалавр,qa,9,Логистика перевозок нефтепродуктов,NEFTEHIM-LOG,3,ООО «НефтехимСервис»,нефтехимия,7,f
712,267,5,2,2026-03-11 08:00:00,2026-03-15 08:00:00,2026-03-18 02:00:00,2026-03-15 08:00:00,162.0,4.0,1,66.0,incident,2,11,44.0,21,release,2,Средне-специальное,backend,9,Логистика перевозок нефтепродуктов,NEFTEHIM-LOG,3,ООО «НефтехимСервис»,нефтехимия,7,f
713,267,9,4,2026-03-18 04:00:00,2026-03-19 04:00:00,2026-03-22 18:00:00,2026-03-19 04:00:00,110.0,1.0,1,86.0,incident,2,11,44.0,21,release,5,Бакалавр,qa,9,Логистика перевозок нефтепродуктов,NEFTEHIM-LOG,3,ООО «НефтехимСервис»,нефтехимия,7,f
714,267,5,2,2026-03-22 22:00:00,2026-03-24 22:00:00,2026-03-26 06:00:00,2026-03-24 22:00:00,80.0,2.0,1,32.0,incident,2,11,44.0,21,release,2,Средне-специальное,backend,9,Логистика перевозок нефтепродуктов,NEFTEHIM-LOG,3,ООО «НефтехимСервис»,нефтехимия,7,f
715,267,9,4,2026-03-26 07:00:00,,2026-03-29 08:00:00,2026-03-31 07:00:00,73.0,5.0,0,0.0,incident,2,11,44.0,21,release,5,Бакалавр,qa,9,Логистика перевозок нефтепродуктов,NEFTEHIM-LOG,3,ООО «НефтехимСервис»,нефтехимия,7,f
716,267,10,9,2026-03-29 13:00:00,2026-03-30 13:00:00,2026-03-31 17:00:00,2026-03-30 13:00:00,52.0,1.0,1,28.0,incident,2,11,44.0,21,release,6,Бакалавр,release_manager,9,Логистика перевозок нефтепродуктов,NEFTEHIM-LOG,3,ООО «НефтехимСервис»,нефтехимия,7,f
717,268,6,3,2026-01-07 06:00:00,2026-01-10 06:00:00,2026-01-13 00:00:00,2026-01-10 06:00:00,138.0,3.0,1,66.0,incident,1,6,36.0,14,release,3,Бакалавр,design,7,Интеграция с SCADA энергообъектов,REGENERGO-SCADA,2,ПАО «РегионЭнерго»,энергетика,3,f
718,268,15,4,2026-01-13 04:00:00,,2026-01-18 11:00:00,2026-01-16 04:00:00,127.0,3.0,1,55.0,incident,1,6,36.0,14,release,2,Средне-специальное,qa,7,Интеграция с SCADA энергообъектов,REGENERGO-SCADA,2,ПАО «РегионЭнерго»,энергетика,3,f
719,268,10,9,2026-01-18 12:00:00,2026-01-20 12:00:00,2026-01-19 11:00:00,2026-01-20 12:00:00,23.0,2.0,0,0.0,incident,1,6,36.0,14,release,6,Бакалавр,release_manager,7,Интеграция с SCADA энергообъектов,REGENERGO-SCADA,2,ПАО «РегионЭнерго»,энергетика,3,f
720,269,6,3,2026-03-06 14:00:00,2026-03-14 14:00:00,2026-03-13 11:00:00,2026-03-14 14:00:00,165.0,8.0,0,0.0,development,5,12,48.0,26,release,3,Бакалавр,design,11,Аналитика и отчёты для руководства,NEFTEHIM-BI,3,ООО «НефтехимСервис»,нефтехимия,7,t
721,269,9,4,2026-03-13 13:00:00,,2026-03-20 12:00:00,2026-03-18 13:00:00,167.0,5.0,1,47.0,development,5,12,48.0,26,release,5,Бакалавр,qa,11,Аналитика и отчёты для руководства,NEFTEHIM-BI,3,ООО «НефтехимСервис»,нефтехимия,7,t
722,269,6,3,2026-03-20 16:00:00,2026-03-22 16:00:00,2026-03-28 05:00:00,2026-03-22 16:00:00,181.0,2.0,1,133.0,development,5,12,48.0,26,release,3,Бакалавр,design,11,Аналитика и отчёты для руководства,NEFTEHIM-BI,3,ООО «НефтехимСервис»,нефтехимия,7,t
723,269,9,4,2026-03-28 06:00:00,,2026-04-05 02:00:00,2026-04-01 06:00:00,188.0,4.0,1,92.0,development,5,12,48.0,26,release,5,Бакалавр,qa,11,Аналитика и отчёты для руководства,NEFTEHIM-BI,3,ООО «НефтехимСервис»,нефтехимия,7,t
724,269,6,3,2026-04-05 07:00:00,2026-04-08 07:00:00,2026-04-11 14:00:00,2026-04-08 07:00:00,151.0,3.0,1,79.0,development,5,12,48.0,26,release,3,Бакалавр,design,11,Аналитика и отчёты для руководства,NEFTEHIM-BI,3,ООО «НефтехимСервис»,нефтехимия,7,t
725,269,9,4,2026-04-11 18:00:00,2026-04-14 18:00:00,2026-04-15 15:00:00,2026-04-14 18:00:00,93.0,3.0,1,21.0,development,5,12,48.0,26,release,5,Бакалавр,qa,11,Аналитика и отчёты для руководства,NEFTEHIM-BI,3,ООО «НефтехимСервис»,нефтехимия,7,t
726,269,10,9,2026-04-15 20:00:00,2026-04-17 20:00:00,2026-04-16 18:00:00,2026-04-17 20:00:00,22.0,2.0,0,0.0,development,5,12,48.0,26,release,6,Бакалавр,release_manager,11,Аналитика и отчёты для руководства,NEFTEHIM-BI,3,ООО «НефтехимСервис»,нефтехимия,7,t
727,270,1,2,2026-03-05 14:00:00,2026-03-06 14:00:00,2026-03-06 07:00:00,2026-03-06 14:00:00,17.0,1.0,0,0.0,incident,1,7,28.0,21,being_tested,8,Специалист,backend,9,Логистика перевозок нефтепродуктов,NEFTEHIM-LOG,3,ООО «НефтехимСервис»,нефтехимия,2,f
730,272,1,2,2026-01-07 13:00:00,2026-01-14 13:00:00,2026-01-18 15:00:00,2026-01-14 13:00:00,266.0,7.0,1,98.0,development,1,5,25.0,14,release,8,Специалист,backend,7,Интеграция с SCADA энергообъектов,REGENERGO-SCADA,2,ПАО «РегионЭнерго»,энергетика,3,f
731,272,9,4,2026-01-19 14:00:00,,2026-01-25 06:00:00,2026-01-22 14:00:00,136.0,3.0,1,64.0,development,1,5,25.0,14,release,5,Бакалавр,qa,7,Интеграция с SCADA энергообъектов,REGENERGO-SCADA,2,ПАО «РегионЭнерго»,энергетика,3,f
732,272,10,9,2026-01-25 08:00:00,2026-01-26 08:00:00,2026-01-25 19:00:00,2026-01-26 08:00:00,11.0,1.0,0,0.0,development,1,5,25.0,14,release,6,Бакалавр,release_manager,7,Интеграция с SCADA энергообъектов,REGENERGO-SCADA,2,ПАО «РегионЭнерго»,энергетика,3,f
733,273,6,3,2026-05-02 12:00:00,2026-05-05 12:00:00,2026-05-03 15:00:00,2026-05-05 12:00:00,27.0,3.0,0,0.0,incident,1,5,30.0,9,being_tested,3,Бакалавр,design,4,Отчётность по остаткам для Ростехнадзора,ZAPADTOP-RTN,1,АО «ЗападТопливо»,топливная розница,2,f
736,275,3,7,2026-01-05 03:00:00,2026-01-06 03:00:00,2026-01-08 01:00:00,2026-01-06 03:00:00,70.0,1.0,1,46.0,incident,1,10,50.0,1,release,6,Бакалавр,fullstack,1,ПО учёта остатков топлива на АЗС и электростанциях,ZAPADTOP-FUEL,1,АО «ЗападТопливо»,топливная розница,3,f
737,275,15,4,2026-01-08 05:00:00,2026-01-09 05:00:00,2026-01-09 00:00:00,2026-01-09 05:00:00,19.0,1.0,0,0.0,incident,1,10,50.0,1,release,2,Средне-специальное,qa,1,ПО учёта остатков топлива на АЗС и электростанциях,ZAPADTOP-FUEL,1,АО «ЗападТопливо»,топливная розница,3,f
738,275,14,9,2026-01-09 06:00:00,2026-01-10 06:00:00,2026-01-10 04:00:00,2026-01-10 06:00:00,22.0,1.0,0,0.0,incident,1,10,50.0,1,release,5,Бакалавр,release_manager,1,ПО учёта остатков топлива на АЗС и электростанциях,ZAPADTOP-FUEL,1,АО «ЗападТопливо»,топливная розница,3,f
740,277,6,3,2026-01-12 06:00:00,2026-01-15 06:00:00,2026-01-18 09:00:00,2026-01-15 06:00:00,147.0,3.0,1,75.0,incident,3,8,40.0,1,release,3,Бакалавр,design,1,ПО учёта остатков топлива на АЗС и электростанциях,ZAPADTOP-FUEL,1,АО «ЗападТопливо»,топливная розница,3,f
741,277,9,4,2026-01-19 10:00:00,,2026-01-24 14:00:00,2026-01-22 10:00:00,124.0,3.0,1,52.0,incident,3,8,40.0,1,release,5,Бакалавр,qa,1,ПО учёта остатков топлива на АЗС и электростанциях,ZAPADTOP-FUEL,1,АО «ЗападТопливо»,топливная розница,3,f
742,277,10,9,2026-01-24 16:00:00,2026-01-26 16:00:00,2026-01-29 11:00:00,2026-01-26 16:00:00,115.0,2.0,1,67.0,incident,3,8,40.0,1,release,6,Бакалавр,release_manager,1,ПО учёта остатков топлива на АЗС и электростанциях,ZAPADTOP-FUEL,1,АО «ЗападТопливо»,топливная розница,3,f
743,278,2,1,2026-01-04 17:00:00,2026-01-14 17:00:00,2026-01-10 15:00:00,2026-01-14 17:00:00,142.0,10.0,0,0.0,development,2,10,30.0,27,release,5,Бакалавр,frontend,12,Мобильное приложение для инспекторов АЗС,NEFTEHIM-MOB,3,ООО «НефтехимСервис»,нефтехимия,3,f
744,278,4,4,2026-01-10 17:00:00,2026-01-12 17:00:00,2026-01-13 16:00:00,2026-01-12 17:00:00,71.0,2.0,1,23.0,development,2,10,30.0,27,release,4,Бакалавр,qa,12,Мобильное приложение для инспекторов АЗС,NEFTEHIM-MOB,3,ООО «НефтехимСервис»,нефтехимия,3,f
745,278,10,9,2026-01-13 22:00:00,2026-01-14 22:00:00,2026-01-14 10:00:00,2026-01-14 22:00:00,12.0,1.0,0,0.0,development,2,10,30.0,27,release,6,Бакалавр,release_manager,12,Мобильное приложение для инспекторов АЗС,NEFTEHIM-MOB,3,ООО «НефтехимСервис»,нефтехимия,3,f
746,279,2,1,2026-03-02 20:00:00,2026-03-12 20:00:00,2026-03-15 06:00:00,2026-03-12 20:00:00,298.0,10.0,1,58.0,development,3,7,28.0,21,release,5,Бакалавр,frontend,9,Логистика перевозок нефтепродуктов,NEFTEHIM-LOG,3,ООО «НефтехимСервис»,нефтехимия,5,f
747,279,4,4,2026-03-15 09:00:00,2026-03-16 09:00:00,2026-03-15 21:00:00,2026-03-16 09:00:00,12.0,1.0,0,0.0,development,3,7,28.0,21,release,4,Бакалавр,qa,9,Логистика перевозок нефтепродуктов,NEFTEHIM-LOG,3,ООО «НефтехимСервис»,нефтехимия,5,f
748,279,2,1,2026-03-16 02:00:00,2026-03-20 02:00:00,2026-03-19 14:00:00,2026-03-20 02:00:00,84.0,4.0,0,0.0,development,3,7,28.0,21,release,5,Бакалавр,frontend,9,Логистика перевозок нефтепродуктов,NEFTEHIM-LOG,3,ООО «НефтехимСервис»,нефтехимия,5,f
749,279,4,4,2026-03-19 15:00:00,2026-03-21 15:00:00,2026-03-21 00:00:00,2026-03-21 15:00:00,33.0,2.0,0,0.0,development,3,7,28.0,21,release,4,Бакалавр,qa,9,Логистика перевозок нефтепродуктов,NEFTEHIM-LOG,3,ООО «НефтехимСервис»,нефтехимия,5,f
750,279,14,9,2026-03-21 06:00:00,2026-03-23 06:00:00,2026-03-22 18:00:00,2026-03-23 06:00:00,36.0,2.0,0,0.0,development,3,7,28.0,21,release,5,Бакалавр,release_manager,9,Логистика перевозок нефтепродуктов,NEFTEHIM-LOG,3,ООО «НефтехимСервис»,нефтехимия,5,f
751,281,5,2,2026-03-08 12:00:00,2026-03-10 12:00:00,2026-03-12 08:00:00,2026-03-10 12:00:00,92.0,2.0,1,44.0,incident,2,11,33.0,21,release,2,Средне-специальное,backend,9,Логистика перевозок нефтепродуктов,NEFTEHIM-LOG,3,ООО «НефтехимСервис»,нефтехимия,3,f
752,281,15,4,2026-03-12 12:00:00,,2026-03-20 15:00:00,2026-03-17 12:00:00,195.0,5.0,1,75.0,incident,2,11,33.0,21,release,2,Средне-специальное,qa,9,Логистика перевозок нефтепродуктов,NEFTEHIM-LOG,3,ООО «НефтехимСервис»,нефтехимия,3,f
753,281,10,9,2026-03-20 18:00:00,2026-03-21 18:00:00,2026-03-21 01:00:00,2026-03-21 18:00:00,7.0,1.0,0,0.0,incident,2,11,33.0,21,release,6,Бакалавр,release_manager,9,Логистика перевозок нефтепродуктов,NEFTEHIM-LOG,3,ООО «НефтехимСервис»,нефтехимия,3,f
755,283,2,1,2026-05-01 18:00:00,2026-05-02 18:00:00,2026-05-06 08:00:00,2026-05-02 18:00:00,110.0,1.0,1,86.0,incident,2,4,16.0,22,release,5,Бакалавр,frontend,9,Логистика перевозок нефтепродуктов,NEFTEHIM-LOG,3,ООО «НефтехимСервис»,нефтехимия,3,f
756,283,9,4,2026-05-06 11:00:00,2026-05-07 11:00:00,2026-05-09 04:00:00,2026-05-07 11:00:00,65.0,1.0,1,41.0,incident,2,4,16.0,22,release,5,Бакалавр,qa,9,Логистика перевозок нефтепродуктов,NEFTEHIM-LOG,3,ООО «НефтехимСервис»,нефтехимия,3,f
757,283,10,9,2026-05-09 09:00:00,2026-05-10 09:00:00,2026-05-09 18:00:00,2026-05-10 09:00:00,9.0,1.0,0,0.0,incident,2,4,16.0,22,release,6,Бакалавр,release_manager,9,Логистика перевозок нефтепродуктов,NEFTEHIM-LOG,3,ООО «НефтехимСервис»,нефтехимия,3,f
758,284,5,2,2026-01-05 05:00:00,2026-01-15 05:00:00,2026-01-13 19:00:00,2026-01-15 05:00:00,206.0,10.0,0,0.0,development,3,6,30.0,25,being_tested,2,Средне-специальное,backend,11,Аналитика и отчёты для руководства,NEFTEHIM-BI,3,ООО «НефтехимСервис»,нефтехимия,2,f
760,285,5,2,2026-01-07 00:00:00,2026-01-10 00:00:00,2026-01-08 04:00:00,2026-01-10 00:00:00,28.0,3.0,0,0.0,incident,3,9,36.0,14,release,2,Средне-специальное,backend,7,Интеграция с SCADA энергообъектов,REGENERGO-SCADA,2,ПАО «РегионЭнерго»,энергетика,3,f
761,285,4,4,2026-01-08 05:00:00,2026-01-10 05:00:00,2026-01-09 12:00:00,2026-01-10 05:00:00,31.0,2.0,0,0.0,incident,3,9,36.0,14,release,4,Бакалавр,qa,7,Интеграция с SCADA энергообъектов,REGENERGO-SCADA,2,ПАО «РегионЭнерго»,энергетика,3,f
762,285,14,9,2026-01-09 16:00:00,2026-01-10 16:00:00,2026-01-13 11:00:00,2026-01-10 16:00:00,91.0,1.0,1,67.0,incident,3,9,36.0,14,release,5,Бакалавр,release_manager,7,Интеграция с SCADA энергообъектов,REGENERGO-SCADA,2,ПАО «РегионЭнерго»,энергетика,3,f
763,286,6,3,2026-03-05 08:00:00,2026-03-08 08:00:00,2026-03-12 08:00:00,2026-03-08 08:00:00,168.0,3.0,1,96.0,incident,2,4,12.0,26,release,3,Бакалавр,design,11,Аналитика и отчёты для руководства,NEFTEHIM-BI,3,ООО «НефтехимСервис»,нефтехимия,7,f
764,286,4,4,2026-03-12 12:00:00,2026-03-13 12:00:00,2026-03-16 20:00:00,2026-03-13 12:00:00,104.0,1.0,1,80.0,incident,2,4,12.0,26,release,4,Бакалавр,qa,11,Аналитика и отчёты для руководства,NEFTEHIM-BI,3,ООО «НефтехимСервис»,нефтехимия,7,f
765,286,6,3,2026-03-16 22:00:00,2026-03-21 22:00:00,2026-03-20 08:00:00,2026-03-21 22:00:00,82.0,5.0,0,0.0,incident,2,4,12.0,26,release,3,Бакалавр,design,11,Аналитика и отчёты для руководства,NEFTEHIM-BI,3,ООО «НефтехимСервис»,нефтехимия,7,f
766,286,4,4,2026-03-20 11:00:00,2026-03-23 11:00:00,2026-03-25 15:00:00,2026-03-23 11:00:00,124.0,3.0,1,52.0,incident,2,4,12.0,26,release,4,Бакалавр,qa,11,Аналитика и отчёты для руководства,NEFTEHIM-BI,3,ООО «НефтехимСервис»,нефтехимия,7,f
767,286,6,3,2026-03-25 17:00:00,2026-03-29 17:00:00,2026-03-31 05:00:00,2026-03-29 17:00:00,132.0,4.0,1,36.0,incident,2,4,12.0,26,release,3,Бакалавр,design,11,Аналитика и отчёты для руководства,NEFTEHIM-BI,3,ООО «НефтехимСервис»,нефтехимия,7,f
768,286,4,4,2026-03-31 06:00:00,,2026-04-01 22:00:00,2026-04-03 06:00:00,40.0,3.0,0,0.0,incident,2,4,12.0,26,release,4,Бакалавр,qa,11,Аналитика и отчёты для руководства,NEFTEHIM-BI,3,ООО «НефтехимСервис»,нефтехимия,7,f
769,286,10,9,2026-04-02 04:00:00,2026-04-04 04:00:00,2026-04-06 08:00:00,2026-04-04 04:00:00,100.0,2.0,1,52.0,incident,2,4,12.0,26,release,6,Бакалавр,release_manager,11,Аналитика и отчёты для руководства,NEFTEHIM-BI,3,ООО «НефтехимСервис»,нефтехимия,7,f
770,287,11,2,2026-03-03 13:00:00,2026-03-10 13:00:00,2026-03-14 12:00:00,2026-03-10 13:00:00,263.0,7.0,1,95.0,development,1,10,60.0,26,release,0,Средне-специальное,backend,11,Аналитика и отчёты для руководства,NEFTEHIM-BI,3,ООО «НефтехимСервис»,нефтехимия,3,f
771,287,9,4,2026-03-14 16:00:00,2026-03-15 16:00:00,2026-03-18 07:00:00,2026-03-15 16:00:00,87.0,1.0,1,63.0,development,1,10,60.0,26,release,5,Бакалавр,qa,11,Аналитика и отчёты для руководства,NEFTEHIM-BI,3,ООО «НефтехимСервис»,нефтехимия,3,f
772,287,14,9,2026-03-18 09:00:00,2026-03-20 09:00:00,2026-03-19 13:00:00,2026-03-20 09:00:00,28.0,2.0,0,0.0,development,1,10,60.0,26,release,5,Бакалавр,release_manager,11,Аналитика и отчёты для руководства,NEFTEHIM-BI,3,ООО «НефтехимСервис»,нефтехимия,3,f
774,289,6,3,2026-03-12 22:00:00,2026-03-17 22:00:00,2026-03-14 18:00:00,2026-03-17 22:00:00,44.0,5.0,0,0.0,development,1,9,27.0,26,release,3,Бакалавр,design,11,Аналитика и отчёты для руководства,NEFTEHIM-BI,3,ООО «НефтехимСервис»,нефтехимия,3,f
775,289,4,4,2026-03-14 21:00:00,2026-03-15 21:00:00,2026-03-19 12:00:00,2026-03-15 21:00:00,111.0,1.0,1,87.0,development,1,9,27.0,26,release,4,Бакалавр,qa,11,Аналитика и отчёты для руководства,NEFTEHIM-BI,3,ООО «НефтехимСервис»,нефтехимия,3,f
828,313,6,3,2026-03-05 16:00:00,2026-03-11 16:00:00,2026-03-14 23:00:00,2026-03-11 16:00:00,223.0,6.0,1,79.0,development,1,9,36.0,15,release,3,Бакалавр,design,7,Интеграция с SCADA энергообъектов,REGENERGO-SCADA,2,ПАО «РегионЭнерго»,энергетика,3,f
776,289,14,9,2026-03-19 14:00:00,2026-03-21 14:00:00,2026-03-20 05:00:00,2026-03-21 14:00:00,15.0,2.0,0,0.0,development,1,9,27.0,26,release,5,Бакалавр,release_manager,11,Аналитика и отчёты для руководства,NEFTEHIM-BI,3,ООО «НефтехимСервис»,нефтехимия,3,f
778,291,3,7,2026-01-03 05:00:00,2026-01-10 05:00:00,2026-01-08 23:00:00,2026-01-10 05:00:00,138.0,7.0,0,0.0,development,1,9,36.0,5,release,6,Бакалавр,fullstack,3,Личный кабинет оператора заправки,ZAPADTOP-LK,1,АО «ЗападТопливо»,топливная розница,3,f
779,291,15,4,2026-01-09 03:00:00,,2026-01-19 08:00:00,2026-01-14 03:00:00,245.0,5.0,1,125.0,development,1,9,36.0,5,release,2,Средне-специальное,qa,3,Личный кабинет оператора заправки,ZAPADTOP-LK,1,АО «ЗападТопливо»,топливная розница,3,f
780,291,10,9,2026-01-19 09:00:00,2026-01-21 09:00:00,2026-01-20 05:00:00,2026-01-21 09:00:00,20.0,2.0,0,0.0,development,1,9,36.0,5,release,6,Бакалавр,release_manager,3,Личный кабинет оператора заправки,ZAPADTOP-LK,1,АО «ЗападТопливо»,топливная розница,3,f
781,292,8,1,2026-03-03 21:00:00,2026-03-09 21:00:00,2026-03-06 21:00:00,2026-03-09 21:00:00,72.0,6.0,0,0.0,development,2,8,24.0,8,being_tested,1,Средне-специальное,frontend,4,Отчётность по остаткам для Ростехнадзора,ZAPADTOP-RTN,1,АО «ЗападТопливо»,топливная розница,2,f
783,293,2,1,2026-03-10 19:00:00,2026-03-11 19:00:00,2026-03-11 16:00:00,2026-03-11 19:00:00,21.0,1.0,0,0.0,incident,2,3,12.0,8,being_tested,5,Бакалавр,frontend,4,Отчётность по остаткам для Ростехнадзора,ZAPADTOP-RTN,1,АО «ЗападТопливо»,топливная розница,2,f
785,294,8,1,2026-01-02 10:00:00,2026-01-06 10:00:00,2026-01-08 06:00:00,2026-01-06 10:00:00,140.0,4.0,1,44.0,development,2,12,36.0,25,release,1,Средне-специальное,frontend,11,Аналитика и отчёты для руководства,NEFTEHIM-BI,3,ООО «НефтехимСервис»,нефтехимия,3,f
786,294,15,4,2026-01-08 10:00:00,,2026-01-16 09:00:00,2026-01-13 10:00:00,191.0,5.0,1,71.0,development,2,12,36.0,25,release,2,Средне-специальное,qa,11,Аналитика и отчёты для руководства,NEFTEHIM-BI,3,ООО «НефтехимСервис»,нефтехимия,3,f
787,294,14,9,2026-01-16 10:00:00,2026-01-18 10:00:00,2026-01-18 00:00:00,2026-01-18 10:00:00,38.0,2.0,0,0.0,development,2,12,36.0,25,release,5,Бакалавр,release_manager,11,Аналитика и отчёты для руководства,NEFTEHIM-BI,3,ООО «НефтехимСервис»,нефтехимия,3,f
788,295,8,1,2026-03-11 18:00:00,2026-03-14 18:00:00,2026-03-16 03:00:00,2026-03-14 18:00:00,105.0,3.0,1,33.0,development,3,13,78.0,15,release,1,Средне-специальное,frontend,7,Интеграция с SCADA энергообъектов,REGENERGO-SCADA,2,ПАО «РегионЭнерго»,энергетика,9,f
789,295,15,4,2026-03-16 07:00:00,2026-03-17 07:00:00,2026-03-20 09:00:00,2026-03-17 07:00:00,98.0,1.0,1,74.0,development,3,13,78.0,15,release,2,Средне-специальное,qa,7,Интеграция с SCADA энергообъектов,REGENERGO-SCADA,2,ПАО «РегионЭнерго»,энергетика,9,f
790,295,8,1,2026-03-20 15:00:00,2026-03-25 15:00:00,2026-03-28 09:00:00,2026-03-25 15:00:00,186.0,5.0,1,66.0,development,3,13,78.0,15,release,1,Средне-специальное,frontend,7,Интеграция с SCADA энергообъектов,REGENERGO-SCADA,2,ПАО «РегионЭнерго»,энергетика,9,f
791,295,15,4,2026-03-28 10:00:00,2026-03-30 10:00:00,2026-04-01 07:00:00,2026-03-30 10:00:00,93.0,2.0,1,45.0,development,3,13,78.0,15,release,2,Средне-специальное,qa,7,Интеграция с SCADA энергообъектов,REGENERGO-SCADA,2,ПАО «РегионЭнерго»,энергетика,9,f
792,295,8,1,2026-04-01 11:00:00,2026-04-04 11:00:00,2026-04-09 11:00:00,2026-04-04 11:00:00,192.0,3.0,1,120.0,development,3,13,78.0,15,release,1,Средне-специальное,frontend,7,Интеграция с SCADA энергообъектов,REGENERGO-SCADA,2,ПАО «РегионЭнерго»,энергетика,9,f
793,295,15,4,2026-04-09 15:00:00,,2026-04-17 13:00:00,2026-04-14 15:00:00,190.0,5.0,1,70.0,development,3,13,78.0,15,release,2,Средне-специальное,qa,7,Интеграция с SCADA энергообъектов,REGENERGO-SCADA,2,ПАО «РегионЭнерго»,энергетика,9,f
794,295,8,1,2026-04-17 16:00:00,2026-04-20 16:00:00,2026-04-19 04:00:00,2026-04-20 16:00:00,36.0,3.0,0,0.0,development,3,13,78.0,15,release,1,Средне-специальное,frontend,7,Интеграция с SCADA энергообъектов,REGENERGO-SCADA,2,ПАО «РегионЭнерго»,энергетика,9,f
795,295,15,4,2026-04-19 06:00:00,2026-04-22 06:00:00,2026-04-25 18:00:00,2026-04-22 06:00:00,156.0,3.0,1,84.0,development,3,13,78.0,15,release,2,Средне-специальное,qa,7,Интеграция с SCADA энергообъектов,REGENERGO-SCADA,2,ПАО «РегионЭнерго»,энергетика,9,f
796,295,14,9,2026-04-25 22:00:00,2026-04-26 22:00:00,2026-04-26 15:00:00,2026-04-26 22:00:00,17.0,1.0,0,0.0,development,3,13,78.0,15,release,5,Бакалавр,release_manager,7,Интеграция с SCADA энергообъектов,REGENERGO-SCADA,2,ПАО «РегионЭнерго»,энергетика,9,f
797,297,5,2,2026-01-09 21:00:00,2026-01-16 21:00:00,2026-01-16 06:00:00,2026-01-16 21:00:00,153.0,7.0,0,0.0,development,5,7,42.0,10,release,2,Средне-специальное,backend,5,Учёт топлива на котельных и ТЭЦ,REGENERGO-TEC,2,ПАО «РегионЭнерго»,энергетика,3,t
798,297,9,4,2026-01-16 10:00:00,,2026-01-24 15:00:00,2026-01-21 10:00:00,197.0,5.0,1,77.0,development,5,7,42.0,10,release,5,Бакалавр,qa,5,Учёт топлива на котельных и ТЭЦ,REGENERGO-TEC,2,ПАО «РегионЭнерго»,энергетика,3,t
799,297,14,9,2026-01-24 20:00:00,2026-01-26 20:00:00,2026-01-26 14:00:00,2026-01-26 20:00:00,42.0,2.0,0,0.0,development,5,7,42.0,10,release,5,Бакалавр,release_manager,5,Учёт топлива на котельных и ТЭЦ,REGENERGO-TEC,2,ПАО «РегионЭнерго»,энергетика,3,t
800,298,3,7,2026-01-05 01:00:00,2026-01-07 01:00:00,2026-01-06 02:00:00,2026-01-07 01:00:00,25.0,2.0,0,0.0,incident,1,6,24.0,11,release,6,Бакалавр,fullstack,6,Система мониторинга резервных топливных складов,REGENERGO-SKLAD,2,ПАО «РегионЭнерго»,энергетика,3,f
801,298,15,4,2026-01-06 05:00:00,2026-01-09 05:00:00,2026-01-12 01:00:00,2026-01-09 05:00:00,140.0,3.0,1,68.0,incident,1,6,24.0,11,release,2,Средне-специальное,qa,6,Система мониторинга резервных топливных складов,REGENERGO-SKLAD,2,ПАО «РегионЭнерго»,энергетика,3,f
802,298,14,9,2026-01-12 07:00:00,2026-01-14 07:00:00,2026-01-20 01:00:00,2026-01-14 07:00:00,186.0,2.0,1,138.0,incident,1,6,24.0,11,release,5,Бакалавр,release_manager,6,Система мониторинга резервных топливных складов,REGENERGO-SKLAD,2,ПАО «РегионЭнерго»,энергетика,3,f
803,300,1,2,2026-04-30 05:00:00,2026-05-02 05:00:00,2026-05-05 02:00:00,2026-05-02 05:00:00,117.0,2.0,1,69.0,incident,5,1,6.0,16,release,8,Специалист,backend,7,Интеграция с SCADA энергообъектов,REGENERGO-SCADA,2,ПАО «РегионЭнерго»,энергетика,3,t
804,300,4,4,2026-05-05 04:00:00,2026-05-06 04:00:00,2026-05-09 15:00:00,2026-05-06 04:00:00,107.0,1.0,1,83.0,incident,5,1,6.0,16,release,4,Бакалавр,qa,7,Интеграция с SCADA энергообъектов,REGENERGO-SCADA,2,ПАО «РегионЭнерго»,энергетика,3,t
805,300,10,9,2026-05-09 21:00:00,2026-05-10 21:00:00,2026-05-15 04:00:00,2026-05-10 21:00:00,127.0,1.0,1,103.0,incident,5,1,6.0,16,release,6,Бакалавр,release_manager,7,Интеграция с SCADA энергообъектов,REGENERGO-SCADA,2,ПАО «РегионЭнерго»,энергетика,3,t
806,301,6,3,2026-04-30 18:00:00,2026-05-01 18:00:00,2026-05-01 13:00:00,2026-05-01 18:00:00,19.0,1.0,0,0.0,incident,5,9,45.0,19,release,3,Бакалавр,design,8,Портал заявок на доработку от эксплуатации,REGENERGO-REQ,2,ПАО «РегионЭнерго»,энергетика,3,t
807,301,4,4,2026-05-01 16:00:00,,2026-05-10 01:00:00,2026-05-06 16:00:00,201.0,5.0,1,81.0,incident,5,9,45.0,19,release,4,Бакалавр,qa,8,Портал заявок на доработку от эксплуатации,REGENERGO-REQ,2,ПАО «РегионЭнерго»,энергетика,3,t
808,301,10,9,2026-05-10 06:00:00,2026-05-12 06:00:00,2026-05-13 13:00:00,2026-05-12 06:00:00,79.0,2.0,1,31.0,incident,5,9,45.0,19,release,6,Бакалавр,release_manager,8,Портал заявок на доработку от эксплуатации,REGENERGO-REQ,2,ПАО «РегионЭнерго»,энергетика,3,t
809,303,8,1,2026-03-13 20:00:00,2026-03-14 20:00:00,2026-03-14 10:00:00,2026-03-14 20:00:00,14.0,1.0,0,0.0,incident,3,11,33.0,28,being_tested,1,Средне-специальное,frontend,12,Мобильное приложение для инспекторов АЗС,NEFTEHIM-MOB,3,ООО «НефтехимСервис»,нефтехимия,2,f
812,305,13,7,2026-01-03 13:00:00,2026-01-12 13:00:00,2026-01-15 14:00:00,2026-01-12 13:00:00,289.0,9.0,1,73.0,development,5,12,60.0,10,being_tested,3,Средне-специальное,fullstack,5,Учёт топлива на котельных и ТЭЦ,REGENERGO-TEC,2,ПАО «РегионЭнерго»,энергетика,2,t
814,306,1,2,2026-01-02 13:00:00,2026-01-06 13:00:00,2026-01-09 15:00:00,2026-01-06 13:00:00,170.0,4.0,1,74.0,development,5,2,8.0,10,being_tested,8,Специалист,backend,5,Учёт топлива на котельных и ТЭЦ,REGENERGO-TEC,2,ПАО «РегионЭнерго»,энергетика,2,t
817,308,6,3,2026-01-06 07:00:00,2026-01-13 07:00:00,2026-01-11 08:00:00,2026-01-13 07:00:00,121.0,7.0,0,0.0,development,3,4,20.0,17,release,3,Бакалавр,design,8,Портал заявок на доработку от эксплуатации,REGENERGO-REQ,2,ПАО «РегионЭнерго»,энергетика,7,f
818,308,15,4,2026-01-11 11:00:00,,2026-01-16 10:00:00,2026-01-14 11:00:00,119.0,3.0,1,47.0,development,3,4,20.0,17,release,2,Средне-специальное,qa,8,Портал заявок на доработку от эксплуатации,REGENERGO-REQ,2,ПАО «РегионЭнерго»,энергетика,7,f
819,308,6,3,2026-01-16 14:00:00,2026-01-20 14:00:00,2026-01-19 14:00:00,2026-01-20 14:00:00,72.0,4.0,0,0.0,development,3,4,20.0,17,release,3,Бакалавр,design,8,Портал заявок на доработку от эксплуатации,REGENERGO-REQ,2,ПАО «РегионЭнерго»,энергетика,7,f
820,308,15,4,2026-01-19 16:00:00,2026-01-20 16:00:00,2026-01-21 22:00:00,2026-01-20 16:00:00,54.0,1.0,1,30.0,development,3,4,20.0,17,release,2,Средне-специальное,qa,8,Портал заявок на доработку от эксплуатации,REGENERGO-REQ,2,ПАО «РегионЭнерго»,энергетика,7,f
821,308,6,3,2026-01-22 03:00:00,2026-01-24 03:00:00,2026-01-25 15:00:00,2026-01-24 03:00:00,84.0,2.0,1,36.0,development,3,4,20.0,17,release,3,Бакалавр,design,8,Портал заявок на доработку от эксплуатации,REGENERGO-REQ,2,ПАО «РегионЭнерго»,энергетика,7,f
822,308,15,4,2026-01-25 19:00:00,,2026-02-01 21:00:00,2026-01-28 19:00:00,170.0,3.0,1,98.0,development,3,4,20.0,17,release,2,Средне-специальное,qa,8,Портал заявок на доработку от эксплуатации,REGENERGO-REQ,2,ПАО «РегионЭнерго»,энергетика,7,f
823,308,10,9,2026-02-01 23:00:00,2026-02-02 23:00:00,2026-02-02 13:00:00,2026-02-02 23:00:00,14.0,1.0,0,0.0,development,3,4,20.0,17,release,6,Бакалавр,release_manager,8,Портал заявок на доработку от эксплуатации,REGENERGO-REQ,2,ПАО «РегионЭнерго»,энергетика,7,f
825,312,3,7,2026-01-08 04:00:00,2026-01-14 04:00:00,2026-01-10 05:00:00,2026-01-14 04:00:00,49.0,6.0,0,0.0,development,1,13,39.0,10,release,6,Бакалавр,fullstack,5,Учёт топлива на котельных и ТЭЦ,REGENERGO-TEC,2,ПАО «РегионЭнерго»,энергетика,3,f
826,312,9,4,2026-01-10 08:00:00,,2026-01-17 19:00:00,2026-01-14 08:00:00,179.0,4.0,1,83.0,development,1,13,39.0,10,release,5,Бакалавр,qa,5,Учёт топлива на котельных и ТЭЦ,REGENERGO-TEC,2,ПАО «РегионЭнерго»,энергетика,3,f
827,312,10,9,2026-01-17 22:00:00,2026-01-19 22:00:00,2026-01-22 14:00:00,2026-01-19 22:00:00,112.0,2.0,1,64.0,development,1,13,39.0,10,release,6,Бакалавр,release_manager,5,Учёт топлива на котельных и ТЭЦ,REGENERGO-TEC,2,ПАО «РегионЭнерго»,энергетика,3,f
829,313,9,4,2026-03-15 00:00:00,,2026-03-16 08:00:00,2026-03-18 00:00:00,32.0,3.0,0,0.0,development,1,9,36.0,15,release,5,Бакалавр,qa,7,Интеграция с SCADA энергообъектов,REGENERGO-SCADA,2,ПАО «РегионЭнерго»,энергетика,3,f
830,313,14,9,2026-03-16 10:00:00,2026-03-17 10:00:00,2026-03-22 07:00:00,2026-03-17 10:00:00,141.0,1.0,1,117.0,development,1,9,36.0,15,release,5,Бакалавр,release_manager,7,Интеграция с SCADA энергообъектов,REGENERGO-SCADA,2,ПАО «РегионЭнерго»,энергетика,3,f
832,315,8,1,2026-03-03 08:00:00,2026-03-07 08:00:00,2026-03-04 23:00:00,2026-03-07 08:00:00,39.0,4.0,0,0.0,development,4,1,5.0,21,release,1,Средне-специальное,frontend,9,Логистика перевозок нефтепродуктов,NEFTEHIM-LOG,3,ООО «НефтехимСервис»,нефтехимия,3,t
833,315,15,4,2026-03-05 02:00:00,2026-03-08 02:00:00,2026-03-06 21:00:00,2026-03-08 02:00:00,43.0,3.0,0,0.0,development,4,1,5.0,21,release,2,Средне-специальное,qa,9,Логистика перевозок нефтепродуктов,NEFTEHIM-LOG,3,ООО «НефтехимСервис»,нефтехимия,3,t
834,315,10,9,2026-03-06 23:00:00,2026-03-08 23:00:00,2026-03-08 15:00:00,2026-03-08 23:00:00,40.0,2.0,0,0.0,development,4,1,5.0,21,release,6,Бакалавр,release_manager,9,Логистика перевозок нефтепродуктов,NEFTEHIM-LOG,3,ООО «НефтехимСервис»,нефтехимия,3,t
835,316,11,2,2026-01-06 22:00:00,2026-01-07 22:00:00,2026-01-11 22:00:00,2026-01-07 22:00:00,120.0,1.0,1,96.0,incident,1,5,20.0,5,release,0,Средне-специальное,backend,3,Личный кабинет оператора заправки,ZAPADTOP-LK,1,АО «ЗападТопливо»,топливная розница,3,f
836,316,4,4,2026-01-12 21:00:00,,2026-01-18 04:00:00,2026-01-15 21:00:00,127.0,3.0,1,55.0,incident,1,5,20.0,5,release,4,Бакалавр,qa,3,Личный кабинет оператора заправки,ZAPADTOP-LK,1,АО «ЗападТопливо»,топливная розница,3,f
837,316,10,9,2026-01-18 08:00:00,2026-01-19 08:00:00,2026-01-18 16:00:00,2026-01-19 08:00:00,8.0,1.0,0,0.0,incident,1,5,20.0,5,release,6,Бакалавр,release_manager,3,Личный кабинет оператора заправки,ZAPADTOP-LK,1,АО «ЗападТопливо»,топливная розница,3,f
838,317,8,1,2026-05-08 17:00:00,2026-05-11 17:00:00,2026-05-09 18:00:00,2026-05-11 17:00:00,25.0,3.0,0,0.0,incident,2,6,18.0,16,release,1,Средне-специальное,frontend,7,Интеграция с SCADA энергообъектов,REGENERGO-SCADA,2,ПАО «РегионЭнерго»,энергетика,3,f
839,317,9,4,2026-05-09 22:00:00,,2026-05-17 10:00:00,2026-05-13 22:00:00,180.0,4.0,1,84.0,incident,2,6,18.0,16,release,5,Бакалавр,qa,7,Интеграция с SCADA энергообъектов,REGENERGO-SCADA,2,ПАО «РегионЭнерго»,энергетика,3,f
840,317,10,9,2026-05-17 11:00:00,2026-05-19 11:00:00,2026-05-23 12:00:00,2026-05-19 11:00:00,145.0,2.0,1,97.0,incident,2,6,18.0,16,release,6,Бакалавр,release_manager,7,Интеграция с SCADA энергообъектов,REGENERGO-SCADA,2,ПАО «РегионЭнерго»,энергетика,3,f
841,318,5,2,2026-01-06 09:00:00,2026-01-08 09:00:00,2026-01-08 21:00:00,2026-01-08 09:00:00,60.0,2.0,1,12.0,incident,1,11,55.0,14,release,2,Средне-специальное,backend,7,Интеграция с SCADA энергообъектов,REGENERGO-SCADA,2,ПАО «РегионЭнерго»,энергетика,3,f
842,318,15,4,2026-01-09 00:00:00,2026-01-11 00:00:00,2026-01-14 22:00:00,2026-01-11 00:00:00,142.0,2.0,1,94.0,incident,1,11,55.0,14,release,2,Средне-специальное,qa,7,Интеграция с SCADA энергообъектов,REGENERGO-SCADA,2,ПАО «РегионЭнерго»,энергетика,3,f
843,318,10,9,2026-01-15 02:00:00,2026-01-16 02:00:00,2026-01-18 23:00:00,2026-01-16 02:00:00,93.0,1.0,1,69.0,incident,1,11,55.0,14,release,6,Бакалавр,release_manager,7,Интеграция с SCADA энергообъектов,REGENERGO-SCADA,2,ПАО «РегионЭнерго»,энергетика,3,f
844,319,3,7,2026-01-01 03:00:00,2026-01-04 03:00:00,2026-01-03 08:00:00,2026-01-04 03:00:00,53.0,3.0,0,0.0,development,2,8,24.0,11,release,6,Бакалавр,fullstack,6,Система мониторинга резервных топливных складов,REGENERGO-SKLAD,2,ПАО «РегионЭнерго»,энергетика,3,f
845,319,4,4,2026-01-03 11:00:00,,2026-01-07 15:00:00,2026-01-07 11:00:00,100.0,4.0,1,4.0,development,2,8,24.0,11,release,4,Бакалавр,qa,6,Система мониторинга резервных топливных складов,REGENERGO-SKLAD,2,ПАО «РегионЭнерго»,энергетика,3,f
846,319,14,9,2026-01-07 16:00:00,2026-01-09 16:00:00,2026-01-08 17:00:00,2026-01-09 16:00:00,25.0,2.0,0,0.0,development,2,8,24.0,11,release,5,Бакалавр,release_manager,6,Система мониторинга резервных топливных складов,REGENERGO-SKLAD,2,ПАО «РегионЭнерго»,энергетика,3,f
847,320,2,1,2026-01-03 00:00:00,2026-01-11 00:00:00,2026-01-09 23:00:00,2026-01-11 00:00:00,167.0,8.0,0,0.0,development,1,6,18.0,20,release,5,Бакалавр,frontend,9,Логистика перевозок нефтепродуктов,NEFTEHIM-LOG,3,ООО «НефтехимСервис»,нефтехимия,3,f
848,320,4,4,2026-01-10 01:00:00,,2026-01-17 23:00:00,2026-01-14 01:00:00,190.0,4.0,1,94.0,development,1,6,18.0,20,release,4,Бакалавр,qa,9,Логистика перевозок нефтепродуктов,NEFTEHIM-LOG,3,ООО «НефтехимСервис»,нефтехимия,3,f
849,320,14,9,2026-01-18 01:00:00,2026-01-19 01:00:00,2026-01-18 09:00:00,2026-01-19 01:00:00,8.0,1.0,0,0.0,development,1,6,18.0,20,release,5,Бакалавр,release_manager,9,Логистика перевозок нефтепродуктов,NEFTEHIM-LOG,3,ООО «НефтехимСервис»,нефтехимия,3,f
852,323,13,7,2026-05-07 17:00:00,2026-05-15 17:00:00,2026-05-19 05:00:00,2026-05-15 17:00:00,276.0,8.0,1,84.0,development,2,13,39.0,13,release,3,Средне-специальное,fullstack,6,Система мониторинга резервных топливных складов,REGENERGO-SKLAD,2,ПАО «РегионЭнерго»,энергетика,3,f
853,323,9,4,2026-05-19 07:00:00,2026-05-22 07:00:00,2026-05-20 14:00:00,2026-05-22 07:00:00,31.0,3.0,0,0.0,development,2,13,39.0,13,release,5,Бакалавр,qa,6,Система мониторинга резервных топливных складов,REGENERGO-SKLAD,2,ПАО «РегионЭнерго»,энергетика,3,f
854,323,10,9,2026-05-20 20:00:00,2026-05-22 20:00:00,2026-05-26 09:00:00,2026-05-22 20:00:00,133.0,2.0,1,85.0,development,2,13,39.0,13,release,6,Бакалавр,release_manager,6,Система мониторинга резервных топливных складов,REGENERGO-SKLAD,2,ПАО «РегионЭнерго»,энергетика,3,f
855,324,5,2,2026-01-09 19:00:00,2026-01-15 19:00:00,2026-01-13 01:00:00,2026-01-15 19:00:00,78.0,6.0,0,0.0,development,1,8,24.0,23,release,2,Средне-специальное,backend,10,Сверка остатков при приёмке на нефтебазе,NEFTEHIM-RCV,3,ООО «НефтехимСервис»,нефтехимия,3,f
856,324,9,4,2026-01-13 02:00:00,,2026-01-15 01:00:00,2026-01-16 02:00:00,47.0,3.0,0,0.0,development,1,8,24.0,23,release,5,Бакалавр,qa,10,Сверка остатков при приёмке на нефтебазе,NEFTEHIM-RCV,3,ООО «НефтехимСервис»,нефтехимия,3,f
857,324,14,9,2026-01-15 03:00:00,2026-01-17 03:00:00,2026-01-15 20:00:00,2026-01-17 03:00:00,17.0,2.0,0,0.0,development,1,8,24.0,23,release,5,Бакалавр,release_manager,10,Сверка остатков при приёмке на нефтебазе,NEFTEHIM-RCV,3,ООО «НефтехимСервис»,нефтехимия,3,f
859,329,13,7,2026-01-04 10:00:00,2026-01-11 10:00:00,2026-01-07 02:00:00,2026-01-11 10:00:00,64.0,7.0,0,0.0,development,5,9,45.0,3,release,3,Средне-специальное,fullstack,2,Модуль интеграции с датчиками уровня на АЗС,ZAPADTOP-IOT,1,АО «ЗападТопливо»,топливная розница,3,t
860,329,15,4,2026-01-07 19:00:00,2026-01-10 19:00:00,2026-01-15 12:00:00,2026-01-10 19:00:00,185.0,3.0,1,113.0,development,5,9,45.0,3,release,2,Средне-специальное,qa,2,Модуль интеграции с датчиками уровня на АЗС,ZAPADTOP-IOT,1,АО «ЗападТопливо»,топливная розница,3,t
861,329,14,9,2026-01-15 16:00:00,2026-01-17 16:00:00,2026-01-21 04:00:00,2026-01-17 16:00:00,132.0,2.0,1,84.0,development,5,9,45.0,3,release,5,Бакалавр,release_manager,2,Модуль интеграции с датчиками уровня на АЗС,ZAPADTOP-IOT,1,АО «ЗападТопливо»,топливная розница,3,t
862,330,13,7,2026-03-07 21:00:00,2026-03-14 21:00:00,2026-03-13 07:00:00,2026-03-14 21:00:00,130.0,7.0,0,0.0,development,1,12,60.0,28,release,3,Средне-специальное,fullstack,12,Мобильное приложение для инспекторов АЗС,NEFTEHIM-MOB,3,ООО «НефтехимСервис»,нефтехимия,3,f
863,330,4,4,2026-03-13 11:00:00,2026-03-15 11:00:00,2026-03-15 05:00:00,2026-03-15 11:00:00,42.0,2.0,0,0.0,development,1,12,60.0,28,release,4,Бакалавр,qa,12,Мобильное приложение для инспекторов АЗС,NEFTEHIM-MOB,3,ООО «НефтехимСервис»,нефтехимия,3,f
864,330,10,9,2026-03-15 07:00:00,2026-03-17 07:00:00,2026-03-17 03:00:00,2026-03-17 07:00:00,44.0,2.0,0,0.0,development,1,12,60.0,28,release,6,Бакалавр,release_manager,12,Мобильное приложение для инспекторов АЗС,NEFTEHIM-MOB,3,ООО «НефтехимСервис»,нефтехимия,3,f
865,331,11,2,2026-03-06 18:00:00,2026-03-09 18:00:00,2026-03-12 09:00:00,2026-03-09 18:00:00,135.0,3.0,1,63.0,incident,2,13,65.0,15,release,0,Средне-специальное,backend,7,Интеграция с SCADA энергообъектов,REGENERGO-SCADA,2,ПАО «РегионЭнерго»,энергетика,3,f
866,331,15,4,2026-03-12 13:00:00,2026-03-14 13:00:00,2026-03-18 11:00:00,2026-03-14 13:00:00,142.0,2.0,1,94.0,incident,2,13,65.0,15,release,2,Средне-специальное,qa,7,Интеграция с SCADA энергообъектов,REGENERGO-SCADA,2,ПАО «РегионЭнерго»,энергетика,3,f
867,331,14,9,2026-03-18 12:00:00,2026-03-20 12:00:00,2026-03-19 04:00:00,2026-03-20 12:00:00,16.0,2.0,0,0.0,incident,2,13,65.0,15,release,5,Бакалавр,release_manager,7,Интеграция с SCADA энергообъектов,REGENERGO-SCADA,2,ПАО «РегионЭнерго»,энергетика,3,f
870,335,3,7,2026-03-04 07:00:00,2026-03-08 07:00:00,2026-03-07 02:00:00,2026-03-08 07:00:00,67.0,4.0,0,0.0,development,5,2,10.0,26,release,6,Бакалавр,fullstack,11,Аналитика и отчёты для руководства,NEFTEHIM-BI,3,ООО «НефтехимСервис»,нефтехимия,3,t
871,335,4,4,2026-03-07 06:00:00,2026-03-08 06:00:00,2026-03-13 02:00:00,2026-03-08 06:00:00,140.0,1.0,1,116.0,development,5,2,10.0,26,release,4,Бакалавр,qa,11,Аналитика и отчёты для руководства,NEFTEHIM-BI,3,ООО «НефтехимСервис»,нефтехимия,3,t
872,335,10,9,2026-03-13 08:00:00,2026-03-14 08:00:00,2026-03-13 17:00:00,2026-03-14 08:00:00,9.0,1.0,0,0.0,development,5,2,10.0,26,release,6,Бакалавр,release_manager,11,Аналитика и отчёты для руководства,NEFTEHIM-BI,3,ООО «НефтехимСервис»,нефтехимия,3,t
875,339,8,1,2026-05-06 01:00:00,2026-05-10 01:00:00,2026-05-08 12:00:00,2026-05-10 01:00:00,59.0,4.0,0,0.0,development,3,7,28.0,13,release,1,Средне-специальное,frontend,6,Система мониторинга резервных топливных складов,REGENERGO-SKLAD,2,ПАО «РегионЭнерго»,энергетика,3,f
876,339,15,4,2026-05-08 13:00:00,,2026-05-18 04:00:00,2026-05-13 13:00:00,231.0,5.0,1,111.0,development,3,7,28.0,13,release,2,Средне-специальное,qa,6,Система мониторинга резервных топливных складов,REGENERGO-SKLAD,2,ПАО «РегионЭнерго»,энергетика,3,f
877,339,10,9,2026-05-18 05:00:00,2026-05-19 05:00:00,2026-05-18 13:00:00,2026-05-19 05:00:00,8.0,1.0,0,0.0,development,3,7,28.0,13,release,6,Бакалавр,release_manager,6,Система мониторинга резервных топливных складов,REGENERGO-SKLAD,2,ПАО «РегионЭнерго»,энергетика,3,f
878,340,3,7,2026-01-03 11:00:00,2026-01-10 11:00:00,2026-01-07 22:00:00,2026-01-10 11:00:00,107.0,7.0,0,0.0,development,1,5,30.0,27,release,6,Бакалавр,fullstack,12,Мобильное приложение для инспекторов АЗС,NEFTEHIM-MOB,3,ООО «НефтехимСервис»,нефтехимия,3,f
879,340,4,4,2026-01-07 23:00:00,,2026-01-12 02:00:00,2026-01-12 23:00:00,99.0,5.0,0,0.0,development,1,5,30.0,27,release,4,Бакалавр,qa,12,Мобильное приложение для инспекторов АЗС,NEFTEHIM-MOB,3,ООО «НефтехимСервис»,нефтехимия,3,f
880,340,10,9,2026-01-12 07:00:00,2026-01-13 07:00:00,2026-01-13 05:00:00,2026-01-13 07:00:00,22.0,1.0,0,0.0,development,1,5,30.0,27,release,6,Бакалавр,release_manager,12,Мобильное приложение для инспекторов АЗС,NEFTEHIM-MOB,3,ООО «НефтехимСервис»,нефтехимия,3,f
882,342,8,1,2026-01-06 11:00:00,2026-01-07 11:00:00,2026-01-07 04:00:00,2026-01-07 11:00:00,17.0,1.0,0,0.0,incident,2,10,30.0,25,release,1,Средне-специальное,frontend,11,Аналитика и отчёты для руководства,NEFTEHIM-BI,3,ООО «НефтехимСервис»,нефтехимия,3,f
883,342,15,4,2026-01-07 08:00:00,2026-01-09 08:00:00,2026-01-11 20:00:00,2026-01-09 08:00:00,108.0,2.0,1,60.0,incident,2,10,30.0,25,release,2,Средне-специальное,qa,11,Аналитика и отчёты для руководства,NEFTEHIM-BI,3,ООО «НефтехимСервис»,нефтехимия,3,f
884,342,10,9,2026-01-12 01:00:00,2026-01-13 01:00:00,2026-01-12 08:00:00,2026-01-13 01:00:00,7.0,1.0,0,0.0,incident,2,10,30.0,25,release,6,Бакалавр,release_manager,11,Аналитика и отчёты для руководства,NEFTEHIM-BI,3,ООО «НефтехимСервис»,нефтехимия,3,f
885,344,13,7,2026-01-04 15:00:00,2026-01-06 15:00:00,2026-01-10 04:00:00,2026-01-06 15:00:00,133.0,2.0,1,85.0,incident,3,7,35.0,7,release,3,Средне-специальное,fullstack,4,Отчётность по остаткам для Ростехнадзора,ZAPADTOP-RTN,1,АО «ЗападТопливо»,топливная розница,9,f
886,344,4,4,2026-01-10 07:00:00,,2026-01-19 21:00:00,2026-01-14 07:00:00,230.0,4.0,1,134.0,incident,3,7,35.0,7,release,4,Бакалавр,qa,4,Отчётность по остаткам для Ростехнадзора,ZAPADTOP-RTN,1,АО «ЗападТопливо»,топливная розница,9,f
887,344,13,7,2026-01-20 03:00:00,2026-01-24 03:00:00,2026-01-26 16:00:00,2026-01-24 03:00:00,157.0,4.0,1,61.0,incident,3,7,35.0,7,release,3,Средне-специальное,fullstack,4,Отчётность по остаткам для Ростехнадзора,ZAPADTOP-RTN,1,АО «ЗападТопливо»,топливная розница,9,f
888,344,4,4,2026-01-26 20:00:00,,2026-02-02 06:00:00,2026-01-29 20:00:00,154.0,3.0,1,82.0,incident,3,7,35.0,7,release,4,Бакалавр,qa,4,Отчётность по остаткам для Ростехнадзора,ZAPADTOP-RTN,1,АО «ЗападТопливо»,топливная розница,9,f
889,344,13,7,2026-02-02 14:00:00,2026-02-04 14:00:00,2026-02-07 05:00:00,2026-02-04 14:00:00,111.0,2.0,1,63.0,incident,3,7,35.0,7,release,3,Средне-специальное,fullstack,4,Отчётность по остаткам для Ростехнадзора,ZAPADTOP-RTN,1,АО «ЗападТопливо»,топливная розница,9,f
890,344,4,4,2026-02-07 07:00:00,2026-02-10 07:00:00,2026-02-08 05:00:00,2026-02-10 07:00:00,22.0,3.0,0,0.0,incident,3,7,35.0,7,release,4,Бакалавр,qa,4,Отчётность по остаткам для Ростехнадзора,ZAPADTOP-RTN,1,АО «ЗападТопливо»,топливная розница,9,f
891,344,13,7,2026-02-08 11:00:00,2026-02-10 11:00:00,2026-02-13 15:00:00,2026-02-10 11:00:00,124.0,2.0,1,76.0,incident,3,7,35.0,7,release,3,Средне-специальное,fullstack,4,Отчётность по остаткам для Ростехнадзора,ZAPADTOP-RTN,1,АО «ЗападТопливо»,топливная розница,9,f
892,344,4,4,2026-02-13 17:00:00,2026-02-14 17:00:00,2026-02-14 02:00:00,2026-02-14 17:00:00,9.0,1.0,0,0.0,incident,3,7,35.0,7,release,4,Бакалавр,qa,4,Отчётность по остаткам для Ростехнадзора,ZAPADTOP-RTN,1,АО «ЗападТопливо»,топливная розница,9,f
893,344,10,9,2026-02-14 06:00:00,2026-02-15 06:00:00,2026-02-15 03:00:00,2026-02-15 06:00:00,21.0,1.0,0,0.0,incident,3,7,35.0,7,release,6,Бакалавр,release_manager,4,Отчётность по остаткам для Ростехнадзора,ZAPADTOP-RTN,1,АО «ЗападТопливо»,топливная розница,9,f
894,345,13,7,2026-03-02 16:00:00,2026-03-05 16:00:00,2026-03-06 11:00:00,2026-03-05 16:00:00,91.0,3.0,1,19.0,development,2,6,18.0,8,being_tested,3,Средне-специальное,fullstack,4,Отчётность по остаткам для Ростехнадзора,ZAPADTOP-RTN,1,АО «ЗападТопливо»,топливная розница,2,f
896,346,13,7,2026-04-29 15:00:00,2026-04-30 15:00:00,2026-04-30 23:00:00,2026-04-30 15:00:00,32.0,1.0,1,8.0,incident,3,11,55.0,22,release,3,Средне-специальное,fullstack,9,Логистика перевозок нефтепродуктов,NEFTEHIM-LOG,3,ООО «НефтехимСервис»,нефтехимия,3,f
897,346,9,4,2026-05-01 00:00:00,2026-05-04 00:00:00,2026-05-09 18:00:00,2026-05-04 00:00:00,210.0,3.0,1,138.0,incident,3,11,55.0,22,release,5,Бакалавр,qa,9,Логистика перевозок нефтепродуктов,NEFTEHIM-LOG,3,ООО «НефтехимСервис»,нефтехимия,3,f
898,346,14,9,2026-05-09 19:00:00,2026-05-11 19:00:00,2026-05-17 14:00:00,2026-05-11 19:00:00,187.0,2.0,1,139.0,incident,3,11,55.0,22,release,5,Бакалавр,release_manager,9,Логистика перевозок нефтепродуктов,NEFTEHIM-LOG,3,ООО «НефтехимСервис»,нефтехимия,3,f
899,347,6,3,2025-12-30 19:00:00,2026-01-05 19:00:00,2026-01-08 17:00:00,2026-01-05 19:00:00,214.0,6.0,1,70.0,development,3,11,44.0,14,release,3,Бакалавр,design,7,Интеграция с SCADA энергообъектов,REGENERGO-SCADA,2,ПАО «РегионЭнерго»,энергетика,3,f
900,347,4,4,2026-01-08 19:00:00,,2026-01-14 18:00:00,2026-01-13 19:00:00,143.0,5.0,1,23.0,development,3,11,44.0,14,release,4,Бакалавр,qa,7,Интеграция с SCADA энергообъектов,REGENERGO-SCADA,2,ПАО «РегионЭнерго»,энергетика,3,f
901,347,14,9,2026-01-14 20:00:00,2026-01-15 20:00:00,2026-01-15 07:00:00,2026-01-15 20:00:00,11.0,1.0,0,0.0,development,3,11,44.0,14,release,5,Бакалавр,release_manager,7,Интеграция с SCADA энергообъектов,REGENERGO-SCADA,2,ПАО «РегионЭнерго»,энергетика,3,f
902,348,5,2,2026-03-08 04:00:00,2026-03-14 04:00:00,2026-03-12 21:00:00,2026-03-14 04:00:00,113.0,6.0,0,0.0,development,2,7,35.0,24,being_tested,2,Средне-специальное,backend,10,Сверка остатков при приёмке на нефтебазе,NEFTEHIM-RCV,3,ООО «НефтехимСервис»,нефтехимия,2,f
904,349,8,1,2026-01-04 16:00:00,2026-01-05 16:00:00,2026-01-05 14:00:00,2026-01-05 16:00:00,22.0,1.0,0,0.0,incident,2,6,18.0,20,release,1,Средне-специальное,frontend,9,Логистика перевозок нефтепродуктов,NEFTEHIM-LOG,3,ООО «НефтехимСервис»,нефтехимия,3,f
905,349,9,4,2026-01-05 18:00:00,2026-01-06 18:00:00,2026-01-09 12:00:00,2026-01-06 18:00:00,90.0,1.0,1,66.0,incident,2,6,18.0,20,release,5,Бакалавр,qa,9,Логистика перевозок нефтепродуктов,NEFTEHIM-LOG,3,ООО «НефтехимСервис»,нефтехимия,3,f
906,349,10,9,2026-01-09 16:00:00,2026-01-11 16:00:00,2026-01-11 03:00:00,2026-01-11 16:00:00,35.0,2.0,0,0.0,incident,2,6,18.0,20,release,6,Бакалавр,release_manager,9,Логистика перевозок нефтепродуктов,NEFTEHIM-LOG,3,ООО «НефтехимСервис»,нефтехимия,3,f
908,352,1,2,2026-01-01 13:00:00,2026-01-07 13:00:00,2026-01-04 13:00:00,2026-01-07 13:00:00,72.0,6.0,0,0.0,development,2,4,16.0,3,release,8,Специалист,backend,2,Модуль интеграции с датчиками уровня на АЗС,ZAPADTOP-IOT,1,АО «ЗападТопливо»,топливная розница,5,f
909,352,9,4,2026-01-04 15:00:00,,2026-01-07 20:00:00,2026-01-07 15:00:00,77.0,3.0,1,5.0,development,2,4,16.0,3,release,5,Бакалавр,qa,2,Модуль интеграции с датчиками уровня на АЗС,ZAPADTOP-IOT,1,АО «ЗападТопливо»,топливная розница,5,f
910,352,1,2,2026-01-08 04:00:00,2026-01-13 04:00:00,2026-01-12 17:00:00,2026-01-13 04:00:00,109.0,5.0,0,0.0,development,2,4,16.0,3,release,8,Специалист,backend,2,Модуль интеграции с датчиками уровня на АЗС,ZAPADTOP-IOT,1,АО «ЗападТопливо»,топливная розница,5,f
911,352,9,4,2026-01-12 21:00:00,2026-01-14 21:00:00,2026-01-19 21:00:00,2026-01-14 21:00:00,168.0,2.0,1,120.0,development,2,4,16.0,3,release,5,Бакалавр,qa,2,Модуль интеграции с датчиками уровня на АЗС,ZAPADTOP-IOT,1,АО «ЗападТопливо»,топливная розница,5,f
912,352,14,9,2026-01-20 03:00:00,2026-01-22 03:00:00,2026-01-21 18:00:00,2026-01-22 03:00:00,39.0,2.0,0,0.0,development,2,4,16.0,3,release,5,Бакалавр,release_manager,2,Модуль интеграции с датчиками уровня на АЗС,ZAPADTOP-IOT,1,АО «ЗападТопливо»,топливная розница,5,f
913,353,1,2,2026-03-12 12:00:00,2026-03-15 12:00:00,2026-03-14 09:00:00,2026-03-15 12:00:00,45.0,3.0,0,0.0,development,2,12,48.0,8,release,8,Специалист,backend,4,Отчётность по остаткам для Ростехнадзора,ZAPADTOP-RTN,1,АО «ЗападТопливо»,топливная розница,3,f
914,353,15,4,2026-03-14 11:00:00,,2026-03-21 00:00:00,2026-03-18 11:00:00,157.0,4.0,1,61.0,development,2,12,48.0,8,release,2,Средне-специальное,qa,4,Отчётность по остаткам для Ростехнадзора,ZAPADTOP-RTN,1,АО «ЗападТопливо»,топливная розница,3,f
915,353,10,9,2026-03-21 03:00:00,2026-03-22 03:00:00,2026-03-21 21:00:00,2026-03-22 03:00:00,18.0,1.0,0,0.0,development,2,12,48.0,8,release,6,Бакалавр,release_manager,4,Отчётность по остаткам для Ростехнадзора,ZAPADTOP-RTN,1,АО «ЗападТопливо»,топливная розница,3,f
916,354,1,2,2026-03-06 04:00:00,2026-03-09 04:00:00,2026-03-10 22:00:00,2026-03-09 04:00:00,114.0,3.0,1,42.0,incident,1,9,27.0,2,release,8,Специалист,backend,1,ПО учёта остатков топлива на АЗС и электростанциях,ZAPADTOP-FUEL,1,АО «ЗападТопливо»,топливная розница,9,f
917,354,15,4,2026-03-11 02:00:00,,2026-03-14 03:00:00,2026-03-16 02:00:00,73.0,5.0,0,0.0,incident,1,9,27.0,2,release,2,Средне-специальное,qa,1,ПО учёта остатков топлива на АЗС и электростанциях,ZAPADTOP-FUEL,1,АО «ЗападТопливо»,топливная розница,9,f
918,354,1,2,2026-03-14 07:00:00,2026-03-18 07:00:00,2026-03-23 08:00:00,2026-03-18 07:00:00,217.0,4.0,1,121.0,incident,1,9,27.0,2,release,8,Специалист,backend,1,ПО учёта остатков топлива на АЗС и электростанциях,ZAPADTOP-FUEL,1,АО «ЗападТопливо»,топливная розница,9,f
919,354,15,4,2026-03-23 12:00:00,2026-03-24 12:00:00,2026-03-29 16:00:00,2026-03-24 12:00:00,148.0,1.0,1,124.0,incident,1,9,27.0,2,release,2,Средне-специальное,qa,1,ПО учёта остатков топлива на АЗС и электростанциях,ZAPADTOP-FUEL,1,АО «ЗападТопливо»,топливная розница,9,f
920,354,1,2,2026-03-29 19:00:00,2026-03-31 19:00:00,2026-04-04 16:00:00,2026-03-31 19:00:00,141.0,2.0,1,93.0,incident,1,9,27.0,2,release,8,Специалист,backend,1,ПО учёта остатков топлива на АЗС и электростанциях,ZAPADTOP-FUEL,1,АО «ЗападТопливо»,топливная розница,9,f
921,354,15,4,2026-04-04 18:00:00,2026-04-05 18:00:00,2026-04-10 11:00:00,2026-04-05 18:00:00,137.0,1.0,1,113.0,incident,1,9,27.0,2,release,2,Средне-специальное,qa,1,ПО учёта остатков топлива на АЗС и электростанциях,ZAPADTOP-FUEL,1,АО «ЗападТопливо»,топливная розница,9,f
922,354,1,2,2026-04-10 15:00:00,2026-04-13 15:00:00,2026-04-16 21:00:00,2026-04-13 15:00:00,150.0,3.0,1,78.0,incident,1,9,27.0,2,release,8,Специалист,backend,1,ПО учёта остатков топлива на АЗС и электростанциях,ZAPADTOP-FUEL,1,АО «ЗападТопливо»,топливная розница,9,f
923,354,15,4,2026-04-16 22:00:00,,2026-04-25 07:00:00,2026-04-21 22:00:00,201.0,5.0,1,81.0,incident,1,9,27.0,2,release,2,Средне-специальное,qa,1,ПО учёта остатков топлива на АЗС и электростанциях,ZAPADTOP-FUEL,1,АО «ЗападТопливо»,топливная розница,9,f
924,354,10,9,2026-04-25 11:00:00,2026-04-26 11:00:00,2026-04-26 04:00:00,2026-04-26 11:00:00,17.0,1.0,0,0.0,incident,1,9,27.0,2,release,6,Бакалавр,release_manager,1,ПО учёта остатков топлива на АЗС и электростанциях,ZAPADTOP-FUEL,1,АО «ЗападТопливо»,топливная розница,9,f
925,355,13,7,2026-01-06 14:00:00,2026-01-12 14:00:00,2026-01-08 12:00:00,2026-01-12 14:00:00,46.0,6.0,0,0.0,development,1,7,35.0,27,release,3,Средне-специальное,fullstack,12,Мобильное приложение для инспекторов АЗС,NEFTEHIM-MOB,3,ООО «НефтехимСервис»,нефтехимия,5,f
926,355,15,4,2026-01-08 14:00:00,2026-01-10 14:00:00,2026-01-13 08:00:00,2026-01-10 14:00:00,114.0,2.0,1,66.0,development,1,7,35.0,27,release,2,Средне-специальное,qa,12,Мобильное приложение для инспекторов АЗС,NEFTEHIM-MOB,3,ООО «НефтехимСервис»,нефтехимия,5,f
927,355,13,7,2026-01-13 14:00:00,2026-01-16 14:00:00,2026-01-16 03:00:00,2026-01-16 14:00:00,61.0,3.0,0,0.0,development,1,7,35.0,27,release,3,Средне-специальное,fullstack,12,Мобильное приложение для инспекторов АЗС,NEFTEHIM-MOB,3,ООО «НефтехимСервис»,нефтехимия,5,f
928,355,15,4,2026-01-16 04:00:00,,2026-01-23 17:00:00,2026-01-21 04:00:00,181.0,5.0,1,61.0,development,1,7,35.0,27,release,2,Средне-специальное,qa,12,Мобильное приложение для инспекторов АЗС,NEFTEHIM-MOB,3,ООО «НефтехимСервис»,нефтехимия,5,f
929,355,14,9,2026-01-23 18:00:00,2026-01-24 18:00:00,2026-01-24 05:00:00,2026-01-24 18:00:00,11.0,1.0,0,0.0,development,1,7,35.0,27,release,5,Бакалавр,release_manager,12,Мобильное приложение для инспекторов АЗС,NEFTEHIM-MOB,3,ООО «НефтехимСервис»,нефтехимия,5,f
930,356,6,3,2026-05-07 12:00:00,2026-05-08 12:00:00,2026-05-08 03:00:00,2026-05-08 12:00:00,15.0,1.0,0,0.0,incident,3,3,12.0,16,release,3,Бакалавр,design,7,Интеграция с SCADA энергообъектов,REGENERGO-SCADA,2,ПАО «РегионЭнерго»,энергетика,3,f
931,356,9,4,2026-05-08 04:00:00,,2026-05-10 20:00:00,2026-05-13 04:00:00,64.0,5.0,0,0.0,incident,3,3,12.0,16,release,5,Бакалавр,qa,7,Интеграция с SCADA энергообъектов,REGENERGO-SCADA,2,ПАО «РегионЭнерго»,энергетика,3,f
932,356,10,9,2026-05-11 01:00:00,2026-05-12 01:00:00,2026-05-11 12:00:00,2026-05-12 01:00:00,11.0,1.0,0,0.0,incident,3,3,12.0,16,release,6,Бакалавр,release_manager,7,Интеграция с SCADA энергообъектов,REGENERGO-SCADA,2,ПАО «РегионЭнерго»,энергетика,3,f
933,357,6,3,2025-12-31 23:00:00,2026-01-03 23:00:00,2026-01-05 14:00:00,2026-01-03 23:00:00,111.0,3.0,1,39.0,incident,3,1,4.0,10,release,3,Бакалавр,design,5,Учёт топлива на котельных и ТЭЦ,REGENERGO-TEC,2,ПАО «РегионЭнерго»,энергетика,3,f
934,357,9,4,2026-01-05 18:00:00,2026-01-07 18:00:00,2026-01-12 03:00:00,2026-01-07 18:00:00,153.0,2.0,1,105.0,incident,3,1,4.0,10,release,5,Бакалавр,qa,5,Учёт топлива на котельных и ТЭЦ,REGENERGO-TEC,2,ПАО «РегионЭнерго»,энергетика,3,f
935,357,14,9,2026-01-12 05:00:00,2026-01-13 05:00:00,2026-01-17 10:00:00,2026-01-13 05:00:00,125.0,1.0,1,101.0,incident,3,1,4.0,10,release,5,Бакалавр,release_manager,5,Учёт топлива на котельных и ТЭЦ,REGENERGO-TEC,2,ПАО «РегионЭнерго»,энергетика,3,f
936,358,8,1,2026-03-08 10:00:00,2026-03-17 10:00:00,2026-03-20 18:00:00,2026-03-17 10:00:00,296.0,9.0,1,80.0,development,1,12,60.0,24,release,1,Средне-специальное,frontend,10,Сверка остатков при приёмке на нефтебазе,NEFTEHIM-RCV,3,ООО «НефтехимСервис»,нефтехимия,3,f
937,358,15,4,2026-03-20 21:00:00,2026-03-22 21:00:00,2026-03-24 14:00:00,2026-03-22 21:00:00,89.0,2.0,1,41.0,development,1,12,60.0,24,release,2,Средне-специальное,qa,10,Сверка остатков при приёмке на нефтебазе,NEFTEHIM-RCV,3,ООО «НефтехимСервис»,нефтехимия,3,f
938,358,14,9,2026-03-24 16:00:00,2026-03-26 16:00:00,2026-03-25 19:00:00,2026-03-26 16:00:00,27.0,2.0,0,0.0,development,1,12,60.0,24,release,5,Бакалавр,release_manager,10,Сверка остатков при приёмке на нефтебазе,NEFTEHIM-RCV,3,ООО «НефтехимСервис»,нефтехимия,3,f
939,359,3,7,2026-01-03 12:00:00,2026-01-06 12:00:00,2026-01-04 17:00:00,2026-01-06 12:00:00,29.0,3.0,0,0.0,incident,2,1,6.0,7,release,6,Бакалавр,fullstack,4,Отчётность по остаткам для Ростехнадзора,ZAPADTOP-RTN,1,АО «ЗападТопливо»,топливная розница,3,f
940,359,9,4,2026-01-04 18:00:00,,2026-01-08 04:00:00,2026-01-07 18:00:00,82.0,3.0,1,10.0,incident,2,1,6.0,7,release,5,Бакалавр,qa,4,Отчётность по остаткам для Ростехнадзора,ZAPADTOP-RTN,1,АО «ЗападТопливо»,топливная розница,3,f
941,359,14,9,2026-01-08 09:00:00,2026-01-10 09:00:00,2026-01-12 07:00:00,2026-01-10 09:00:00,94.0,2.0,1,46.0,incident,2,1,6.0,7,release,5,Бакалавр,release_manager,4,Отчётность по остаткам для Ростехнадзора,ZAPADTOP-RTN,1,АО «ЗападТопливо»,топливная розница,3,f
942,360,2,1,2026-01-08 11:00:00,2026-01-15 11:00:00,2026-01-13 09:00:00,2026-01-15 11:00:00,118.0,7.0,0,0.0,development,2,1,5.0,3,being_tested,5,Бакалавр,frontend,2,Модуль интеграции с датчиками уровня на АЗС,ZAPADTOP-IOT,1,АО «ЗападТопливо»,топливная розница,2,f
944,361,13,7,2026-01-08 03:00:00,2026-01-09 03:00:00,2026-01-08 11:00:00,2026-01-09 03:00:00,8.0,1.0,0,0.0,incident,2,5,15.0,23,release,3,Средне-специальное,fullstack,10,Сверка остатков при приёмке на нефтебазе,NEFTEHIM-RCV,3,ООО «НефтехимСервис»,нефтехимия,3,f
945,361,4,4,2026-01-08 13:00:00,2026-01-09 13:00:00,2026-01-12 07:00:00,2026-01-09 13:00:00,90.0,1.0,1,66.0,incident,2,5,15.0,23,release,4,Бакалавр,qa,10,Сверка остатков при приёмке на нефтебазе,NEFTEHIM-RCV,3,ООО «НефтехимСервис»,нефтехимия,3,f
946,361,14,9,2026-01-12 11:00:00,2026-01-13 11:00:00,2026-01-13 06:00:00,2026-01-13 11:00:00,19.0,1.0,0,0.0,incident,2,5,15.0,23,release,5,Бакалавр,release_manager,10,Сверка остатков при приёмке на нефтебазе,NEFTEHIM-RCV,3,ООО «НефтехимСервис»,нефтехимия,3,f
947,362,3,7,2026-05-02 06:00:00,2026-05-09 06:00:00,2026-05-05 19:00:00,2026-05-09 06:00:00,85.0,7.0,0,0.0,development,4,9,27.0,16,release,6,Бакалавр,fullstack,7,Интеграция с SCADA энергообъектов,REGENERGO-SCADA,2,ПАО «РегионЭнерго»,энергетика,3,t
948,362,9,4,2026-05-05 22:00:00,2026-05-07 22:00:00,2026-05-11 17:00:00,2026-05-07 22:00:00,139.0,2.0,1,91.0,development,4,9,27.0,16,release,5,Бакалавр,qa,7,Интеграция с SCADA энергообъектов,REGENERGO-SCADA,2,ПАО «РегионЭнерго»,энергетика,3,t
949,362,14,9,2026-05-11 22:00:00,2026-05-12 22:00:00,2026-05-12 05:00:00,2026-05-12 22:00:00,7.0,1.0,0,0.0,development,4,9,27.0,16,release,5,Бакалавр,release_manager,7,Интеграция с SCADA энергообъектов,REGENERGO-SCADA,2,ПАО «РегионЭнерго»,энергетика,3,t
950,364,6,3,2026-03-04 19:00:00,2026-03-13 19:00:00,2026-03-17 09:00:00,2026-03-13 19:00:00,302.0,9.0,1,86.0,development,1,6,36.0,21,release,3,Бакалавр,design,9,Логистика перевозок нефтепродуктов,NEFTEHIM-LOG,3,ООО «НефтехимСервис»,нефтехимия,3,f
951,364,15,4,2026-03-17 12:00:00,2026-03-19 12:00:00,2026-03-25 05:00:00,2026-03-19 12:00:00,185.0,2.0,1,137.0,development,1,6,36.0,21,release,2,Средне-специальное,qa,9,Логистика перевозок нефтепродуктов,NEFTEHIM-LOG,3,ООО «НефтехимСервис»,нефтехимия,3,f
952,364,10,9,2026-03-25 08:00:00,2026-03-26 08:00:00,2026-03-26 05:00:00,2026-03-26 08:00:00,21.0,1.0,0,0.0,development,1,6,36.0,21,release,6,Бакалавр,release_manager,9,Логистика перевозок нефтепродуктов,NEFTEHIM-LOG,3,ООО «НефтехимСервис»,нефтехимия,3,f
953,365,6,3,2026-03-12 12:00:00,2026-03-15 12:00:00,2026-03-16 23:00:00,2026-03-15 12:00:00,107.0,3.0,1,35.0,development,1,6,36.0,8,release,3,Бакалавр,design,4,Отчётность по остаткам для Ростехнадзора,ZAPADTOP-RTN,1,АО «ЗападТопливо»,топливная розница,9,f
954,365,9,4,2026-03-17 02:00:00,,2026-03-25 18:00:00,2026-03-20 02:00:00,208.0,3.0,1,136.0,development,1,6,36.0,8,release,5,Бакалавр,qa,4,Отчётность по остаткам для Ростехнадзора,ZAPADTOP-RTN,1,АО «ЗападТопливо»,топливная розница,9,f
955,365,6,3,2026-03-25 21:00:00,2026-03-30 21:00:00,2026-04-02 20:00:00,2026-03-30 21:00:00,191.0,5.0,1,71.0,development,1,6,36.0,8,release,3,Бакалавр,design,4,Отчётность по остаткам для Ростехнадзора,ZAPADTOP-RTN,1,АО «ЗападТопливо»,топливная розница,9,f
956,365,9,4,2026-04-02 21:00:00,,2026-04-11 15:00:00,2026-04-07 21:00:00,210.0,5.0,1,90.0,development,1,6,36.0,8,release,5,Бакалавр,qa,4,Отчётность по остаткам для Ростехнадзора,ZAPADTOP-RTN,1,АО «ЗападТопливо»,топливная розница,9,f
957,365,6,3,2026-04-11 22:00:00,2026-04-13 22:00:00,2026-04-16 17:00:00,2026-04-13 22:00:00,115.0,2.0,1,67.0,development,1,6,36.0,8,release,3,Бакалавр,design,4,Отчётность по остаткам для Ростехнадзора,ZAPADTOP-RTN,1,АО «ЗападТопливо»,топливная розница,9,f
958,365,9,4,2026-04-16 18:00:00,,2026-04-21 22:00:00,2026-04-21 18:00:00,124.0,5.0,1,4.0,development,1,6,36.0,8,release,5,Бакалавр,qa,4,Отчётность по остаткам для Ростехнадзора,ZAPADTOP-RTN,1,АО «ЗападТопливо»,топливная розница,9,f
959,365,6,3,2026-04-22 05:00:00,2026-04-27 05:00:00,2026-05-01 17:00:00,2026-04-27 05:00:00,228.0,5.0,1,108.0,development,1,6,36.0,8,release,3,Бакалавр,design,4,Отчётность по остаткам для Ростехнадзора,ZAPADTOP-RTN,1,АО «ЗападТопливо»,топливная розница,9,f
960,365,9,4,2026-05-01 20:00:00,,2026-05-10 02:00:00,2026-05-06 20:00:00,198.0,5.0,1,78.0,development,1,6,36.0,8,release,5,Бакалавр,qa,4,Отчётность по остаткам для Ростехнадзора,ZAPADTOP-RTN,1,АО «ЗападТопливо»,топливная розница,9,f
961,365,14,9,2026-05-10 07:00:00,2026-05-11 07:00:00,2026-05-10 20:00:00,2026-05-11 07:00:00,13.0,1.0,0,0.0,development,1,6,36.0,8,release,5,Бакалавр,release_manager,4,Отчётность по остаткам для Ростехнадзора,ZAPADTOP-RTN,1,АО «ЗападТопливо»,топливная розница,9,f
962,366,3,7,2026-03-12 18:00:00,2026-03-18 18:00:00,2026-03-15 10:00:00,2026-03-18 18:00:00,64.0,6.0,0,0.0,development,2,6,30.0,12,release,6,Бакалавр,fullstack,6,Система мониторинга резервных топливных складов,REGENERGO-SKLAD,2,ПАО «РегионЭнерго»,энергетика,3,f
963,366,9,4,2026-03-15 12:00:00,,2026-03-22 07:00:00,2026-03-18 12:00:00,163.0,3.0,1,91.0,development,2,6,30.0,12,release,5,Бакалавр,qa,6,Система мониторинга резервных топливных складов,REGENERGO-SKLAD,2,ПАО «РегионЭнерго»,энергетика,3,f
964,366,10,9,2026-03-22 09:00:00,2026-03-24 09:00:00,2026-03-23 00:00:00,2026-03-24 09:00:00,15.0,2.0,0,0.0,development,2,6,30.0,12,release,6,Бакалавр,release_manager,6,Система мониторинга резервных топливных складов,REGENERGO-SKLAD,2,ПАО «РегионЭнерго»,энергетика,3,f
965,367,13,7,2026-05-08 20:00:00,2026-05-11 20:00:00,2026-05-10 18:00:00,2026-05-11 20:00:00,46.0,3.0,0,0.0,incident,3,5,30.0,13,release,3,Средне-специальное,fullstack,6,Система мониторинга резервных топливных складов,REGENERGO-SKLAD,2,ПАО «РегионЭнерго»,энергетика,9,f
966,367,9,4,2026-05-10 20:00:00,2026-05-12 20:00:00,2026-05-13 08:00:00,2026-05-12 20:00:00,60.0,2.0,1,12.0,incident,3,5,30.0,13,release,5,Бакалавр,qa,6,Система мониторинга резервных топливных складов,REGENERGO-SKLAD,2,ПАО «РегионЭнерго»,энергетика,9,f
967,367,13,7,2026-05-13 10:00:00,2026-05-15 10:00:00,2026-05-19 02:00:00,2026-05-15 10:00:00,136.0,2.0,1,88.0,incident,3,5,30.0,13,release,3,Средне-специальное,fullstack,6,Система мониторинга резервных топливных складов,REGENERGO-SKLAD,2,ПАО «РегионЭнерго»,энергетика,9,f
968,367,9,4,2026-05-19 04:00:00,,2026-05-25 05:00:00,2026-05-22 04:00:00,145.0,3.0,1,73.0,incident,3,5,30.0,13,release,5,Бакалавр,qa,6,Система мониторинга резервных топливных складов,REGENERGO-SKLAD,2,ПАО «РегионЭнерго»,энергетика,9,f
969,367,13,7,2026-05-25 10:00:00,2026-05-29 10:00:00,2026-05-28 21:00:00,2026-05-29 10:00:00,83.0,4.0,0,0.0,incident,3,5,30.0,13,release,3,Средне-специальное,fullstack,6,Система мониторинга резервных топливных складов,REGENERGO-SKLAD,2,ПАО «РегионЭнерго»,энергетика,9,f
970,367,9,4,2026-05-28 23:00:00,2026-05-30 23:00:00,2026-06-03 17:00:00,2026-05-30 23:00:00,138.0,2.0,1,90.0,incident,3,5,30.0,13,release,5,Бакалавр,qa,6,Система мониторинга резервных топливных складов,REGENERGO-SKLAD,2,ПАО «РегионЭнерго»,энергетика,9,f
971,367,13,7,2026-06-03 22:00:00,2026-06-07 22:00:00,2026-06-09 23:00:00,2026-06-07 22:00:00,145.0,4.0,1,49.0,incident,3,5,30.0,13,release,3,Средне-специальное,fullstack,6,Система мониторинга резервных топливных складов,REGENERGO-SKLAD,2,ПАО «РегионЭнерго»,энергетика,9,f
972,367,9,4,2026-06-10 03:00:00,2026-06-13 03:00:00,2026-06-15 13:00:00,2026-06-13 03:00:00,130.0,3.0,1,58.0,incident,3,5,30.0,13,release,5,Бакалавр,qa,6,Система мониторинга резервных топливных складов,REGENERGO-SKLAD,2,ПАО «РегионЭнерго»,энергетика,9,f
973,367,14,9,2026-06-15 15:00:00,2026-06-17 15:00:00,2026-06-16 22:00:00,2026-06-17 15:00:00,31.0,2.0,0,0.0,incident,3,5,30.0,13,release,5,Бакалавр,release_manager,6,Система мониторинга резервных топливных складов,REGENERGO-SKLAD,2,ПАО «РегионЭнерго»,энергетика,9,f
974,369,13,7,2026-03-04 01:00:00,2026-03-08 01:00:00,2026-03-11 14:00:00,2026-03-08 01:00:00,181.0,4.0,1,85.0,development,1,13,39.0,24,release,3,Средне-специальное,fullstack,10,Сверка остатков при приёмке на нефтебазе,NEFTEHIM-RCV,3,ООО «НефтехимСервис»,нефтехимия,3,f
975,369,15,4,2026-03-11 15:00:00,,2026-03-18 01:00:00,2026-03-16 15:00:00,154.0,5.0,1,34.0,development,1,13,39.0,24,release,2,Средне-специальное,qa,10,Сверка остатков при приёмке на нефтебазе,NEFTEHIM-RCV,3,ООО «НефтехимСервис»,нефтехимия,3,f
976,369,14,9,2026-03-18 03:00:00,2026-03-19 03:00:00,2026-03-18 14:00:00,2026-03-19 03:00:00,11.0,1.0,0,0.0,development,1,13,39.0,24,release,5,Бакалавр,release_manager,10,Сверка остатков при приёмке на нефтебазе,NEFTEHIM-RCV,3,ООО «НефтехимСервис»,нефтехимия,3,f
977,370,11,2,2026-01-11 01:00:00,2026-01-19 01:00:00,2026-01-14 10:00:00,2026-01-19 01:00:00,81.0,8.0,0,0.0,development,1,7,35.0,10,release,0,Средне-специальное,backend,5,Учёт топлива на котельных и ТЭЦ,REGENERGO-TEC,2,ПАО «РегионЭнерго»,энергетика,3,f
978,370,15,4,2026-01-14 11:00:00,,2026-01-19 19:00:00,2026-01-19 11:00:00,128.0,5.0,1,8.0,development,1,7,35.0,10,release,2,Средне-специальное,qa,5,Учёт топлива на котельных и ТЭЦ,REGENERGO-TEC,2,ПАО «РегионЭнерго»,энергетика,3,f
979,370,14,9,2026-01-20 00:00:00,2026-01-22 00:00:00,2026-01-21 12:00:00,2026-01-22 00:00:00,36.0,2.0,0,0.0,development,1,7,35.0,10,release,5,Бакалавр,release_manager,5,Учёт топлива на котельных и ТЭЦ,REGENERGO-TEC,2,ПАО «РегионЭнерго»,энергетика,3,f
980,371,13,7,2026-03-09 02:00:00,2026-03-15 02:00:00,2026-03-19 05:00:00,2026-03-15 02:00:00,243.0,6.0,1,99.0,development,3,1,3.0,28,release,3,Средне-специальное,fullstack,12,Мобильное приложение для инспекторов АЗС,NEFTEHIM-MOB,3,ООО «НефтехимСервис»,нефтехимия,3,f
981,371,4,4,2026-03-19 09:00:00,,2026-03-28 09:00:00,2026-03-24 09:00:00,216.0,5.0,1,96.0,development,3,1,3.0,28,release,4,Бакалавр,qa,12,Мобильное приложение для инспекторов АЗС,NEFTEHIM-MOB,3,ООО «НефтехимСервис»,нефтехимия,3,f
982,371,14,9,2026-03-28 15:00:00,2026-03-30 15:00:00,2026-04-01 00:00:00,2026-03-30 15:00:00,81.0,2.0,1,33.0,development,3,1,3.0,28,release,5,Бакалавр,release_manager,12,Мобильное приложение для инспекторов АЗС,NEFTEHIM-MOB,3,ООО «НефтехимСервис»,нефтехимия,3,f
983,372,2,1,2026-03-09 06:00:00,2026-03-18 06:00:00,2026-03-14 12:00:00,2026-03-18 06:00:00,126.0,9.0,0,0.0,development,3,12,48.0,28,release,5,Бакалавр,frontend,12,Мобильное приложение для инспекторов АЗС,NEFTEHIM-MOB,3,ООО «НефтехимСервис»,нефтехимия,3,f
984,372,4,4,2026-03-14 13:00:00,,2026-03-20 03:00:00,2026-03-18 13:00:00,134.0,4.0,1,38.0,development,3,12,48.0,28,release,4,Бакалавр,qa,12,Мобильное приложение для инспекторов АЗС,NEFTEHIM-MOB,3,ООО «НефтехимСервис»,нефтехимия,3,f
985,372,14,9,2026-03-20 07:00:00,2026-03-22 07:00:00,2026-03-21 10:00:00,2026-03-22 07:00:00,27.0,2.0,0,0.0,development,3,12,48.0,28,release,5,Бакалавр,release_manager,12,Мобильное приложение для инспекторов АЗС,NEFTEHIM-MOB,3,ООО «НефтехимСервис»,нефтехимия,3,f
986,373,2,1,2026-04-27 05:00:00,2026-04-30 05:00:00,2026-04-29 17:00:00,2026-04-30 05:00:00,60.0,3.0,0,0.0,incident,3,2,8.0,13,release,5,Бакалавр,frontend,6,Система мониторинга резервных топливных складов,REGENERGO-SKLAD,2,ПАО «РегионЭнерго»,энергетика,7,f
987,373,9,4,2026-04-29 18:00:00,,2026-05-01 14:00:00,2026-05-04 18:00:00,44.0,5.0,0,0.0,incident,3,2,8.0,13,release,5,Бакалавр,qa,6,Система мониторинга резервных топливных складов,REGENERGO-SKLAD,2,ПАО «РегионЭнерго»,энергетика,7,f
988,373,2,1,2026-05-01 16:00:00,2026-05-04 16:00:00,2026-05-02 14:00:00,2026-05-04 16:00:00,22.0,3.0,0,0.0,incident,3,2,8.0,13,release,5,Бакалавр,frontend,6,Система мониторинга резервных топливных складов,REGENERGO-SKLAD,2,ПАО «РегионЭнерго»,энергетика,7,f
989,373,9,4,2026-05-02 16:00:00,2026-05-05 16:00:00,2026-05-08 12:00:00,2026-05-05 16:00:00,140.0,3.0,1,68.0,incident,3,2,8.0,13,release,5,Бакалавр,qa,6,Система мониторинга резервных топливных складов,REGENERGO-SKLAD,2,ПАО «РегионЭнерго»,энергетика,7,f
990,373,2,1,2026-05-08 18:00:00,2026-05-12 18:00:00,2026-05-13 17:00:00,2026-05-12 18:00:00,119.0,4.0,1,23.0,incident,3,2,8.0,13,release,5,Бакалавр,frontend,6,Система мониторинга резервных топливных складов,REGENERGO-SKLAD,2,ПАО «РегионЭнерго»,энергетика,7,f
991,373,9,4,2026-05-13 21:00:00,2026-05-15 21:00:00,2026-05-20 21:00:00,2026-05-15 21:00:00,168.0,2.0,1,120.0,incident,3,2,8.0,13,release,5,Бакалавр,qa,6,Система мониторинга резервных топливных складов,REGENERGO-SKLAD,2,ПАО «РегионЭнерго»,энергетика,7,f
992,373,14,9,2026-05-21 00:00:00,2026-05-22 00:00:00,2026-05-21 22:00:00,2026-05-22 00:00:00,22.0,1.0,0,0.0,incident,3,2,8.0,13,release,5,Бакалавр,release_manager,6,Система мониторинга резервных топливных складов,REGENERGO-SKLAD,2,ПАО «РегионЭнерго»,энергетика,7,f
993,374,6,3,2026-01-03 05:00:00,2026-01-10 05:00:00,2026-01-12 14:00:00,2026-01-10 05:00:00,225.0,7.0,1,57.0,development,1,1,6.0,27,release,3,Бакалавр,design,12,Мобильное приложение для инспекторов АЗС,NEFTEHIM-MOB,3,ООО «НефтехимСервис»,нефтехимия,9,f
994,374,4,4,2026-01-12 17:00:00,2026-01-13 17:00:00,2026-01-13 12:00:00,2026-01-13 17:00:00,19.0,1.0,0,0.0,development,1,1,6.0,27,release,4,Бакалавр,qa,12,Мобильное приложение для инспекторов АЗС,NEFTEHIM-MOB,3,ООО «НефтехимСервис»,нефтехимия,9,f
995,374,6,3,2026-01-13 17:00:00,2026-01-16 17:00:00,2026-01-15 20:00:00,2026-01-16 17:00:00,51.0,3.0,0,0.0,development,1,1,6.0,27,release,3,Бакалавр,design,12,Мобильное приложение для инспекторов АЗС,NEFTEHIM-MOB,3,ООО «НефтехимСервис»,нефтехимия,9,f
996,374,4,4,2026-01-15 23:00:00,,2026-01-18 04:00:00,2026-01-20 23:00:00,53.0,5.0,0,0.0,development,1,1,6.0,27,release,4,Бакалавр,qa,12,Мобильное приложение для инспекторов АЗС,NEFTEHIM-MOB,3,ООО «НефтехимСервис»,нефтехимия,9,f
997,374,6,3,2026-01-18 07:00:00,2026-01-20 07:00:00,2026-01-19 15:00:00,2026-01-20 07:00:00,32.0,2.0,0,0.0,development,1,1,6.0,27,release,3,Бакалавр,design,12,Мобильное приложение для инспекторов АЗС,NEFTEHIM-MOB,3,ООО «НефтехимСервис»,нефтехимия,9,f
998,374,4,4,2026-01-19 19:00:00,,2026-01-26 15:00:00,2026-01-22 19:00:00,164.0,3.0,1,92.0,development,1,1,6.0,27,release,4,Бакалавр,qa,12,Мобильное приложение для инспекторов АЗС,NEFTEHIM-MOB,3,ООО «НефтехимСервис»,нефтехимия,9,f
999,374,6,3,2026-01-26 23:00:00,2026-01-28 23:00:00,2026-01-30 07:00:00,2026-01-28 23:00:00,80.0,2.0,1,32.0,development,1,1,6.0,27,release,3,Бакалавр,design,12,Мобильное приложение для инспекторов АЗС,NEFTEHIM-MOB,3,ООО «НефтехимСервис»,нефтехимия,9,f
1000,374,4,4,2026-01-30 09:00:00,,2026-02-08 01:00:00,2026-02-04 09:00:00,208.0,5.0,1,88.0,development,1,1,6.0,27,release,4,Бакалавр,qa,12,Мобильное приложение для инспекторов АЗС,NEFTEHIM-MOB,3,ООО «НефтехимСервис»,нефтехимия,9,f
1001,374,14,9,2026-02-08 03:00:00,2026-02-09 03:00:00,2026-02-08 11:00:00,2026-02-09 03:00:00,8.0,1.0,0,0.0,development,1,1,6.0,27,release,5,Бакалавр,release_manager,12,Мобильное приложение для инспекторов АЗС,NEFTEHIM-MOB,3,ООО «НефтехимСервис»,нефтехимия,9,f
1002,375,3,7,2026-03-13 00:00:00,2026-03-14 00:00:00,2026-03-13 20:00:00,2026-03-14 00:00:00,20.0,1.0,0,0.0,incident,4,5,20.0,4,release,6,Бакалавр,fullstack,2,Модуль интеграции с датчиками уровня на АЗС,ZAPADTOP-IOT,1,АО «ЗападТопливо»,топливная розница,3,t
1003,375,9,4,2026-03-14 18:00:00,2026-03-16 18:00:00,2026-03-17 21:00:00,2026-03-16 18:00:00,75.0,2.0,1,27.0,incident,4,5,20.0,4,release,5,Бакалавр,qa,2,Модуль интеграции с датчиками уровня на АЗС,ZAPADTOP-IOT,1,АО «ЗападТопливо»,топливная розница,3,t
1004,375,14,9,2026-03-18 02:00:00,2026-03-19 02:00:00,2026-03-18 16:00:00,2026-03-19 02:00:00,14.0,1.0,0,0.0,incident,4,5,20.0,4,release,5,Бакалавр,release_manager,2,Модуль интеграции с датчиками уровня на АЗС,ZAPADTOP-IOT,1,АО «ЗападТопливо»,топливная розница,3,t
1007,378,13,7,2026-01-02 02:00:00,2026-01-09 02:00:00,2026-01-06 06:00:00,2026-01-09 02:00:00,100.0,7.0,0,0.0,development,4,11,33.0,5,release,3,Средне-специальное,fullstack,3,Личный кабинет оператора заправки,ZAPADTOP-LK,1,АО «ЗападТопливо»,топливная розница,3,t
1008,378,9,4,2026-01-06 10:00:00,2026-01-08 10:00:00,2026-01-07 03:00:00,2026-01-08 10:00:00,17.0,2.0,0,0.0,development,4,11,33.0,5,release,5,Бакалавр,qa,3,Личный кабинет оператора заправки,ZAPADTOP-LK,1,АО «ЗападТопливо»,топливная розница,3,t
1009,378,10,9,2026-01-07 05:00:00,2026-01-09 05:00:00,2026-01-08 01:00:00,2026-01-09 05:00:00,20.0,2.0,0,0.0,development,4,11,33.0,5,release,6,Бакалавр,release_manager,3,Личный кабинет оператора заправки,ZAPADTOP-LK,1,АО «ЗападТопливо»,топливная розница,3,t
1010,379,3,7,2026-01-01 08:00:00,2026-01-07 08:00:00,2026-01-08 10:00:00,2026-01-07 08:00:00,170.0,6.0,1,26.0,development,2,13,39.0,7,release,6,Бакалавр,fullstack,4,Отчётность по остаткам для Ростехнадзора,ZAPADTOP-RTN,1,АО «ЗападТопливо»,топливная розница,3,f
1011,379,15,4,2026-01-08 13:00:00,2026-01-10 13:00:00,2026-01-10 04:00:00,2026-01-10 13:00:00,39.0,2.0,0,0.0,development,2,13,39.0,7,release,2,Средне-специальное,qa,4,Отчётность по остаткам для Ростехнадзора,ZAPADTOP-RTN,1,АО «ЗападТопливо»,топливная розница,3,f
1012,379,14,9,2026-01-10 08:00:00,2026-01-11 08:00:00,2026-01-15 07:00:00,2026-01-11 08:00:00,119.0,1.0,1,95.0,development,2,13,39.0,7,release,5,Бакалавр,release_manager,4,Отчётность по остаткам для Ростехнадзора,ZAPADTOP-RTN,1,АО «ЗападТопливо»,топливная розница,3,f
1013,381,3,7,2026-01-02 05:00:00,2026-01-05 05:00:00,2026-01-04 12:00:00,2026-01-05 05:00:00,55.0,3.0,0,0.0,incident,4,8,24.0,14,release,6,Бакалавр,fullstack,7,Интеграция с SCADA энергообъектов,REGENERGO-SCADA,2,ПАО «РегионЭнерго»,энергетика,3,t
1014,381,9,4,2026-01-04 15:00:00,2026-01-05 15:00:00,2026-01-04 23:00:00,2026-01-05 15:00:00,8.0,1.0,0,0.0,incident,4,8,24.0,14,release,5,Бакалавр,qa,7,Интеграция с SCADA энергообъектов,REGENERGO-SCADA,2,ПАО «РегионЭнерго»,энергетика,3,t
1015,381,14,9,2026-01-05 03:00:00,2026-01-07 03:00:00,2026-01-09 23:00:00,2026-01-07 03:00:00,116.0,2.0,1,68.0,incident,4,8,24.0,14,release,5,Бакалавр,release_manager,7,Интеграция с SCADA энергообъектов,REGENERGO-SCADA,2,ПАО «РегионЭнерго»,энергетика,3,t
1016,382,3,7,2026-01-03 18:00:00,2026-01-09 18:00:00,2026-01-11 06:00:00,2026-01-09 18:00:00,180.0,6.0,1,36.0,development,1,3,12.0,14,being_tested,6,Бакалавр,fullstack,7,Интеграция с SCADA энергообъектов,REGENERGO-SCADA,2,ПАО «РегионЭнерго»,энергетика,2,f
1019,385,6,3,2026-03-11 17:00:00,2026-03-21 17:00:00,2026-03-23 17:00:00,2026-03-21 17:00:00,288.0,10.0,1,48.0,development,2,2,12.0,15,release,3,Бакалавр,design,7,Интеграция с SCADA энергообъектов,REGENERGO-SCADA,2,ПАО «РегионЭнерго»,энергетика,3,f
1020,385,9,4,2026-03-23 21:00:00,,2026-03-31 11:00:00,2026-03-26 21:00:00,182.0,3.0,1,110.0,development,2,2,12.0,15,release,5,Бакалавр,qa,7,Интеграция с SCADA энергообъектов,REGENERGO-SCADA,2,ПАО «РегионЭнерго»,энергетика,3,f
1021,385,14,9,2026-03-31 17:00:00,2026-04-02 17:00:00,2026-04-02 12:00:00,2026-04-02 17:00:00,43.0,2.0,0,0.0,development,2,2,12.0,15,release,5,Бакалавр,release_manager,7,Интеграция с SCADA энергообъектов,REGENERGO-SCADA,2,ПАО «РегионЭнерго»,энергетика,3,f
1022,386,6,3,2025-12-31 07:00:00,2026-01-03 07:00:00,2026-01-02 22:00:00,2026-01-03 07:00:00,63.0,3.0,0,0.0,development,5,12,48.0,7,release,3,Бакалавр,design,4,Отчётность по остаткам для Ростехнадзора,ZAPADTOP-RTN,1,АО «ЗападТопливо»,топливная розница,3,t
1023,386,9,4,2026-01-03 01:00:00,,2026-01-09 12:00:00,2026-01-07 01:00:00,155.0,4.0,1,59.0,development,5,12,48.0,7,release,5,Бакалавр,qa,4,Отчётность по остаткам для Ростехнадзора,ZAPADTOP-RTN,1,АО «ЗападТопливо»,топливная розница,3,t
1024,386,14,9,2026-01-09 17:00:00,2026-01-11 17:00:00,2026-01-11 02:00:00,2026-01-11 17:00:00,33.0,2.0,0,0.0,development,5,12,48.0,7,release,5,Бакалавр,release_manager,4,Отчётность по остаткам для Ростехнадзора,ZAPADTOP-RTN,1,АО «ЗападТопливо»,топливная розница,3,t
1028,391,3,7,2026-04-29 17:00:00,2026-05-06 17:00:00,2026-05-05 21:00:00,2026-05-06 17:00:00,148.0,7.0,0,0.0,development,2,4,12.0,16,being_tested,6,Бакалавр,fullstack,7,Интеграция с SCADA энергообъектов,REGENERGO-SCADA,2,ПАО «РегионЭнерго»,энергетика,2,f
1030,392,8,1,2026-03-09 08:00:00,2026-03-12 08:00:00,2026-03-14 01:00:00,2026-03-12 08:00:00,113.0,3.0,1,41.0,development,2,7,42.0,4,being_tested,1,Средне-специальное,frontend,2,Модуль интеграции с датчиками уровня на АЗС,ZAPADTOP-IOT,1,АО «ЗападТопливо»,топливная розница,2,f
1032,393,6,3,2026-01-06 06:00:00,2026-01-09 06:00:00,2026-01-13 16:00:00,2026-01-09 06:00:00,178.0,3.0,1,106.0,incident,5,13,78.0,27,being_tested,3,Бакалавр,design,12,Мобильное приложение для инспекторов АЗС,NEFTEHIM-MOB,3,ООО «НефтехимСервис»,нефтехимия,2,t
1034,394,2,1,2026-01-06 12:00:00,2026-01-07 12:00:00,2026-01-10 12:00:00,2026-01-07 12:00:00,96.0,1.0,1,72.0,incident,2,1,6.0,10,release,5,Бакалавр,frontend,5,Учёт топлива на котельных и ТЭЦ,REGENERGO-TEC,2,ПАО «РегионЭнерго»,энергетика,3,f
1035,394,4,4,2026-01-10 13:00:00,,2026-01-15 16:00:00,2026-01-14 13:00:00,123.0,4.0,1,27.0,incident,2,1,6.0,10,release,4,Бакалавр,qa,5,Учёт топлива на котельных и ТЭЦ,REGENERGO-TEC,2,ПАО «РегионЭнерго»,энергетика,3,f
1036,394,14,9,2026-01-15 22:00:00,2026-01-16 22:00:00,2026-01-16 11:00:00,2026-01-16 22:00:00,13.0,1.0,0,0.0,incident,2,1,6.0,10,release,5,Бакалавр,release_manager,5,Учёт топлива на котельных и ТЭЦ,REGENERGO-TEC,2,ПАО «РегионЭнерго»,энергетика,3,f
1037,395,13,7,2026-03-08 22:00:00,2026-03-14 22:00:00,2026-03-10 23:00:00,2026-03-14 22:00:00,49.0,6.0,0,0.0,development,1,11,44.0,26,being_tested,3,Средне-специальное,fullstack,11,Аналитика и отчёты для руководства,NEFTEHIM-BI,3,ООО «НефтехимСервис»,нефтехимия,2,f
1039,396,1,2,2026-01-09 08:00:00,2026-01-13 08:00:00,2026-01-11 18:00:00,2026-01-13 08:00:00,58.0,4.0,0,0.0,development,3,12,36.0,27,release,8,Специалист,backend,12,Мобильное приложение для инспекторов АЗС,NEFTEHIM-MOB,3,ООО «НефтехимСервис»,нефтехимия,3,f
1040,396,9,4,2026-01-11 22:00:00,,2026-01-18 21:00:00,2026-01-14 22:00:00,167.0,3.0,1,95.0,development,3,12,36.0,27,release,5,Бакалавр,qa,12,Мобильное приложение для инспекторов АЗС,NEFTEHIM-MOB,3,ООО «НефтехимСервис»,нефтехимия,3,f
1041,396,10,9,2026-01-19 00:00:00,2026-01-20 00:00:00,2026-01-19 07:00:00,2026-01-20 00:00:00,7.0,1.0,0,0.0,development,3,12,36.0,27,release,6,Бакалавр,release_manager,12,Мобильное приложение для инспекторов АЗС,NEFTEHIM-MOB,3,ООО «НефтехимСервис»,нефтехимия,3,f
1042,398,3,7,2026-03-05 19:00:00,2026-03-07 19:00:00,2026-03-11 07:00:00,2026-03-07 19:00:00,132.0,2.0,1,84.0,incident,2,13,52.0,21,release,6,Бакалавр,fullstack,9,Логистика перевозок нефтепродуктов,NEFTEHIM-LOG,3,ООО «НефтехимСервис»,нефтехимия,5,f
1043,398,4,4,2026-03-11 08:00:00,2026-03-13 08:00:00,2026-03-16 18:00:00,2026-03-13 08:00:00,130.0,2.0,1,82.0,incident,2,13,52.0,21,release,4,Бакалавр,qa,9,Логистика перевозок нефтепродуктов,NEFTEHIM-LOG,3,ООО «НефтехимСервис»,нефтехимия,5,f
1044,398,3,7,2026-03-17 01:00:00,2026-03-21 01:00:00,2026-03-25 12:00:00,2026-03-21 01:00:00,203.0,4.0,1,107.0,incident,2,13,52.0,21,release,6,Бакалавр,fullstack,9,Логистика перевозок нефтепродуктов,NEFTEHIM-LOG,3,ООО «НефтехимСервис»,нефтехимия,5,f
1045,398,4,4,2026-03-25 16:00:00,2026-03-28 16:00:00,2026-03-30 03:00:00,2026-03-28 16:00:00,107.0,3.0,1,35.0,incident,2,13,52.0,21,release,4,Бакалавр,qa,9,Логистика перевозок нефтепродуктов,NEFTEHIM-LOG,3,ООО «НефтехимСервис»,нефтехимия,5,f
1046,398,10,9,2026-03-30 08:00:00,2026-03-31 08:00:00,2026-04-03 13:00:00,2026-03-31 08:00:00,101.0,1.0,1,77.0,incident,2,13,52.0,21,release,6,Бакалавр,release_manager,9,Логистика перевозок нефтепродуктов,NEFTEHIM-LOG,3,ООО «НефтехимСервис»,нефтехимия,5,f
1047,400,3,7,2026-01-04 14:00:00,2026-01-14 14:00:00,2026-01-09 02:00:00,2026-01-14 14:00:00,108.0,10.0,0,0.0,development,1,1,3.0,10,being_tested,6,Бакалавр,fullstack,5,Учёт топлива на котельных и ТЭЦ,REGENERGO-TEC,2,ПАО «РегионЭнерго»,энергетика,2,f
1050,403,6,3,2026-01-06 05:00:00,2026-01-13 05:00:00,2026-01-17 23:00:00,2026-01-13 05:00:00,282.0,7.0,1,114.0,development,4,6,24.0,10,release,3,Бакалавр,design,5,Учёт топлива на котельных и ТЭЦ,REGENERGO-TEC,2,ПАО «РегионЭнерго»,энергетика,3,t
1051,403,15,4,2026-01-18 02:00:00,,2026-01-20 08:00:00,2026-01-21 02:00:00,54.0,3.0,0,0.0,development,4,6,24.0,10,release,2,Средне-специальное,qa,5,Учёт топлива на котельных и ТЭЦ,REGENERGO-TEC,2,ПАО «РегионЭнерго»,энергетика,3,t
1052,403,14,9,2026-01-20 13:00:00,2026-01-21 13:00:00,2026-01-22 13:00:00,2026-01-21 13:00:00,48.0,1.0,1,24.0,development,4,6,24.0,10,release,5,Бакалавр,release_manager,5,Учёт топлива на котельных и ТЭЦ,REGENERGO-TEC,2,ПАО «РегионЭнерго»,энергетика,3,t
1053,404,3,7,2026-04-29 23:00:00,2026-04-30 23:00:00,2026-05-05 07:00:00,2026-04-30 23:00:00,128.0,1.0,1,104.0,incident,3,5,25.0,13,release,6,Бакалавр,fullstack,6,Система мониторинга резервных топливных складов,REGENERGO-SKLAD,2,ПАО «РегионЭнерго»,энергетика,3,f
1054,404,9,4,2026-05-05 11:00:00,2026-05-08 11:00:00,2026-05-08 23:00:00,2026-05-08 11:00:00,84.0,3.0,1,12.0,incident,3,5,25.0,13,release,5,Бакалавр,qa,6,Система мониторинга резервных топливных складов,REGENERGO-SKLAD,2,ПАО «РегионЭнерго»,энергетика,3,f
1055,404,14,9,2026-05-09 03:00:00,2026-05-11 03:00:00,2026-05-10 15:00:00,2026-05-11 03:00:00,36.0,2.0,0,0.0,incident,3,5,25.0,13,release,5,Бакалавр,release_manager,6,Система мониторинга резервных топливных складов,REGENERGO-SKLAD,2,ПАО «РегионЭнерго»,энергетика,3,f
1057,408,2,1,2026-03-03 20:00:00,2026-03-08 20:00:00,2026-03-06 23:00:00,2026-03-08 20:00:00,75.0,5.0,0,0.0,development,1,8,24.0,28,being_tested,5,Бакалавр,frontend,12,Мобильное приложение для инспекторов АЗС,NEFTEHIM-MOB,3,ООО «НефтехимСервис»,нефтехимия,2,f
1059,409,3,7,2026-04-28 11:00:00,2026-05-01 11:00:00,2026-05-02 16:00:00,2026-05-01 11:00:00,101.0,3.0,1,29.0,development,3,2,10.0,9,release,6,Бакалавр,fullstack,4,Отчётность по остаткам для Ростехнадзора,ZAPADTOP-RTN,1,АО «ЗападТопливо»,топливная розница,9,f
1060,409,9,4,2026-05-02 20:00:00,2026-05-05 20:00:00,2026-05-08 08:00:00,2026-05-05 20:00:00,132.0,3.0,1,60.0,development,3,2,10.0,9,release,5,Бакалавр,qa,4,Отчётность по остаткам для Ростехнадзора,ZAPADTOP-RTN,1,АО «ЗападТопливо»,топливная розница,9,f
1061,409,3,7,2026-05-08 16:00:00,2026-05-13 16:00:00,2026-05-11 07:00:00,2026-05-13 16:00:00,63.0,5.0,0,0.0,development,3,2,10.0,9,release,6,Бакалавр,fullstack,4,Отчётность по остаткам для Ростехнадзора,ZAPADTOP-RTN,1,АО «ЗападТопливо»,топливная розница,9,f
1062,409,9,4,2026-05-11 10:00:00,2026-05-13 10:00:00,2026-05-16 19:00:00,2026-05-13 10:00:00,129.0,2.0,1,81.0,development,3,2,10.0,9,release,5,Бакалавр,qa,4,Отчётность по остаткам для Ростехнадзора,ZAPADTOP-RTN,1,АО «ЗападТопливо»,топливная розница,9,f
1063,409,3,7,2026-05-17 00:00:00,2026-05-19 00:00:00,2026-05-21 14:00:00,2026-05-19 00:00:00,110.0,2.0,1,62.0,development,3,2,10.0,9,release,6,Бакалавр,fullstack,4,Отчётность по остаткам для Ростехнадзора,ZAPADTOP-RTN,1,АО «ЗападТопливо»,топливная розница,9,f
1064,409,9,4,2026-05-21 15:00:00,2026-05-24 15:00:00,2026-05-25 13:00:00,2026-05-24 15:00:00,94.0,3.0,1,22.0,development,3,2,10.0,9,release,5,Бакалавр,qa,4,Отчётность по остаткам для Ростехнадзора,ZAPADTOP-RTN,1,АО «ЗападТопливо»,топливная розница,9,f
1065,409,3,7,2026-05-25 17:00:00,2026-05-29 17:00:00,2026-05-27 15:00:00,2026-05-29 17:00:00,46.0,4.0,0,0.0,development,3,2,10.0,9,release,6,Бакалавр,fullstack,4,Отчётность по остаткам для Ростехнадзора,ZAPADTOP-RTN,1,АО «ЗападТопливо»,топливная розница,9,f
1066,409,9,4,2026-05-27 16:00:00,,2026-06-03 09:00:00,2026-06-01 16:00:00,161.0,5.0,1,41.0,development,3,2,10.0,9,release,5,Бакалавр,qa,4,Отчётность по остаткам для Ростехнадзора,ZAPADTOP-RTN,1,АО «ЗападТопливо»,топливная розница,9,f
1067,409,14,9,2026-06-03 14:00:00,2026-06-04 14:00:00,2026-06-07 22:00:00,2026-06-04 14:00:00,104.0,1.0,1,80.0,development,3,2,10.0,9,release,5,Бакалавр,release_manager,4,Отчётность по остаткам для Ростехнадзора,ZAPADTOP-RTN,1,АО «ЗападТопливо»,топливная розница,9,f
1068,410,11,2,2026-03-06 08:00:00,2026-03-13 08:00:00,2026-03-17 08:00:00,2026-03-13 08:00:00,264.0,7.0,1,96.0,development,1,5,30.0,15,release,0,Средне-специальное,backend,7,Интеграция с SCADA энергообъектов,REGENERGO-SCADA,2,ПАО «РегионЭнерго»,энергетика,3,f
1069,410,9,4,2026-03-17 09:00:00,,2026-03-22 01:00:00,2026-03-20 09:00:00,112.0,3.0,1,40.0,development,1,5,30.0,15,release,5,Бакалавр,qa,7,Интеграция с SCADA энергообъектов,REGENERGO-SCADA,2,ПАО «РегионЭнерго»,энергетика,3,f
1070,410,14,9,2026-03-22 05:00:00,2026-03-24 05:00:00,2026-03-27 03:00:00,2026-03-24 05:00:00,118.0,2.0,1,70.0,development,1,5,30.0,15,release,5,Бакалавр,release_manager,7,Интеграция с SCADA энергообъектов,REGENERGO-SCADA,2,ПАО «РегионЭнерго»,энергетика,3,f
1072,412,2,1,2026-01-12 20:00:00,2026-01-13 20:00:00,2026-01-17 01:00:00,2026-01-13 20:00:00,101.0,1.0,1,77.0,incident,4,12,48.0,3,release,5,Бакалавр,frontend,2,Модуль интеграции с датчиками уровня на АЗС,ZAPADTOP-IOT,1,АО «ЗападТопливо»,топливная розница,3,t
1073,412,4,4,2026-01-17 03:00:00,,2026-01-21 22:00:00,2026-01-21 03:00:00,115.0,4.0,1,19.0,incident,4,12,48.0,3,release,4,Бакалавр,qa,2,Модуль интеграции с датчиками уровня на АЗС,ZAPADTOP-IOT,1,АО «ЗападТопливо»,топливная розница,3,t
1074,412,14,9,2026-01-22 02:00:00,2026-01-24 02:00:00,2026-01-25 11:00:00,2026-01-24 02:00:00,81.0,2.0,1,33.0,incident,4,12,48.0,3,release,5,Бакалавр,release_manager,2,Модуль интеграции с датчиками уровня на АЗС,ZAPADTOP-IOT,1,АО «ЗападТопливо»,топливная розница,3,t
1075,414,8,1,2026-03-08 05:00:00,2026-03-10 05:00:00,2026-03-12 14:00:00,2026-03-10 05:00:00,105.0,2.0,1,57.0,incident,3,13,78.0,24,release,1,Средне-специальное,frontend,10,Сверка остатков при приёмке на нефтебазе,NEFTEHIM-RCV,3,ООО «НефтехимСервис»,нефтехимия,3,f
1076,414,4,4,2026-03-12 15:00:00,,2026-03-20 20:00:00,2026-03-17 15:00:00,197.0,5.0,1,77.0,incident,3,13,78.0,24,release,4,Бакалавр,qa,10,Сверка остатков при приёмке на нефтебазе,NEFTEHIM-RCV,3,ООО «НефтехимСервис»,нефтехимия,3,f
1077,414,14,9,2026-03-21 00:00:00,2026-03-22 00:00:00,2026-03-21 17:00:00,2026-03-22 00:00:00,17.0,1.0,0,0.0,incident,3,13,78.0,24,release,5,Бакалавр,release_manager,10,Сверка остатков при приёмке на нефтебазе,NEFTEHIM-RCV,3,ООО «НефтехимСервис»,нефтехимия,3,f
1078,415,5,2,2026-01-07 12:00:00,2026-01-14 12:00:00,2026-01-17 21:00:00,2026-01-14 12:00:00,249.0,7.0,1,81.0,development,1,1,4.0,11,release,2,Средне-специальное,backend,6,Система мониторинга резервных топливных складов,REGENERGO-SKLAD,2,ПАО «РегионЭнерго»,энергетика,5,f
1079,415,9,4,2026-01-18 00:00:00,2026-01-21 00:00:00,2026-01-19 12:00:00,2026-01-21 00:00:00,36.0,3.0,0,0.0,development,1,1,4.0,11,release,5,Бакалавр,qa,6,Система мониторинга резервных топливных складов,REGENERGO-SKLAD,2,ПАО «РегионЭнерго»,энергетика,5,f
1080,415,5,2,2026-01-19 20:00:00,2026-01-24 20:00:00,2026-01-25 01:00:00,2026-01-24 20:00:00,125.0,5.0,1,5.0,development,1,1,4.0,11,release,2,Средне-специальное,backend,6,Система мониторинга резервных топливных складов,REGENERGO-SKLAD,2,ПАО «РегионЭнерго»,энергетика,5,f
1081,415,9,4,2026-01-25 05:00:00,,2026-01-30 14:00:00,2026-01-28 05:00:00,129.0,3.0,1,57.0,development,1,1,4.0,11,release,5,Бакалавр,qa,6,Система мониторинга резервных топливных складов,REGENERGO-SKLAD,2,ПАО «РегионЭнерго»,энергетика,5,f
1082,415,14,9,2026-01-30 15:00:00,2026-01-31 15:00:00,2026-01-31 10:00:00,2026-01-31 15:00:00,19.0,1.0,0,0.0,development,1,1,4.0,11,release,5,Бакалавр,release_manager,6,Система мониторинга резервных топливных складов,REGENERGO-SKLAD,2,ПАО «РегионЭнерго»,энергетика,5,f
1083,416,3,7,2026-01-03 19:00:00,2026-01-06 19:00:00,2026-01-10 03:00:00,2026-01-06 19:00:00,152.0,3.0,1,80.0,incident,2,4,24.0,23,release,6,Бакалавр,fullstack,10,Сверка остатков при приёмке на нефтебазе,NEFTEHIM-RCV,3,ООО «НефтехимСервис»,нефтехимия,3,f
1084,416,9,4,2026-01-10 06:00:00,2026-01-11 06:00:00,2026-01-10 16:00:00,2026-01-11 06:00:00,10.0,1.0,0,0.0,incident,2,4,24.0,23,release,5,Бакалавр,qa,10,Сверка остатков при приёмке на нефтебазе,NEFTEHIM-RCV,3,ООО «НефтехимСервис»,нефтехимия,3,f
1085,416,14,9,2026-01-10 21:00:00,2026-01-11 21:00:00,2026-01-11 04:00:00,2026-01-11 21:00:00,7.0,1.0,0,0.0,incident,2,4,24.0,23,release,5,Бакалавр,release_manager,10,Сверка остатков при приёмке на нефтебазе,NEFTEHIM-RCV,3,ООО «НефтехимСервис»,нефтехимия,3,f
1086,417,6,3,2026-01-07 13:00:00,2026-01-08 13:00:00,2026-01-09 23:00:00,2026-01-08 13:00:00,58.0,1.0,1,34.0,incident,3,10,30.0,10,release,3,Бакалавр,design,5,Учёт топлива на котельных и ТЭЦ,REGENERGO-TEC,2,ПАО «РегионЭнерго»,энергетика,7,f
1087,417,9,4,2026-01-10 01:00:00,2026-01-12 01:00:00,2026-01-15 07:00:00,2026-01-12 01:00:00,126.0,2.0,1,78.0,incident,3,10,30.0,10,release,5,Бакалавр,qa,5,Учёт топлива на котельных и ТЭЦ,REGENERGO-TEC,2,ПАО «РегионЭнерго»,энергетика,7,f
1088,417,6,3,2026-01-15 10:00:00,2026-01-18 10:00:00,2026-01-23 15:00:00,2026-01-18 10:00:00,197.0,3.0,1,125.0,incident,3,10,30.0,10,release,3,Бакалавр,design,5,Учёт топлива на котельных и ТЭЦ,REGENERGO-TEC,2,ПАО «РегионЭнерго»,энергетика,7,f
1089,417,9,4,2026-01-23 17:00:00,2026-01-24 17:00:00,2026-01-28 18:00:00,2026-01-24 17:00:00,121.0,1.0,1,97.0,incident,3,10,30.0,10,release,5,Бакалавр,qa,5,Учёт топлива на котельных и ТЭЦ,REGENERGO-TEC,2,ПАО «РегионЭнерго»,энергетика,7,f
1090,417,6,3,2026-01-29 02:00:00,2026-02-03 02:00:00,2026-02-06 17:00:00,2026-02-03 02:00:00,207.0,5.0,1,87.0,incident,3,10,30.0,10,release,3,Бакалавр,design,5,Учёт топлива на котельных и ТЭЦ,REGENERGO-TEC,2,ПАО «РегионЭнерго»,энергетика,7,f
1091,417,9,4,2026-02-06 21:00:00,,2026-02-09 01:00:00,2026-02-11 21:00:00,52.0,5.0,0,0.0,incident,3,10,30.0,10,release,5,Бакалавр,qa,5,Учёт топлива на котельных и ТЭЦ,REGENERGO-TEC,2,ПАО «РегионЭнерго»,энергетика,7,f
1092,417,10,9,2026-02-09 04:00:00,2026-02-10 04:00:00,2026-02-09 14:00:00,2026-02-10 04:00:00,10.0,1.0,0,0.0,incident,3,10,30.0,10,release,6,Бакалавр,release_manager,5,Учёт топлива на котельных и ТЭЦ,REGENERGO-TEC,2,ПАО «РегионЭнерго»,энергетика,7,f
1093,418,6,3,2026-01-09 19:00:00,2026-01-15 19:00:00,2026-01-20 07:00:00,2026-01-15 19:00:00,252.0,6.0,1,108.0,development,3,13,65.0,25,release,3,Бакалавр,design,11,Аналитика и отчёты для руководства,NEFTEHIM-BI,3,ООО «НефтехимСервис»,нефтехимия,3,f
1094,418,4,4,2026-01-20 10:00:00,,2026-01-23 03:00:00,2026-01-23 10:00:00,65.0,3.0,0,0.0,development,3,13,65.0,25,release,4,Бакалавр,qa,11,Аналитика и отчёты для руководства,NEFTEHIM-BI,3,ООО «НефтехимСервис»,нефтехимия,3,f
1095,418,14,9,2026-01-23 06:00:00,2026-01-25 06:00:00,2026-01-27 22:00:00,2026-01-25 06:00:00,112.0,2.0,1,64.0,development,3,13,65.0,25,release,5,Бакалавр,release_manager,11,Аналитика и отчёты для руководства,NEFTEHIM-BI,3,ООО «НефтехимСервис»,нефтехимия,3,f
1098,421,5,2,2026-01-05 12:00:00,2026-01-10 12:00:00,2026-01-07 13:00:00,2026-01-10 12:00:00,49.0,5.0,0,0.0,development,2,11,66.0,20,release,2,Средне-специальное,backend,9,Логистика перевозок нефтепродуктов,NEFTEHIM-LOG,3,ООО «НефтехимСервис»,нефтехимия,3,f
1099,421,15,4,2026-01-07 16:00:00,2026-01-08 16:00:00,2026-01-14 12:00:00,2026-01-08 16:00:00,164.0,1.0,1,140.0,development,2,11,66.0,20,release,2,Средне-специальное,qa,9,Логистика перевозок нефтепродуктов,NEFTEHIM-LOG,3,ООО «НефтехимСервис»,нефтехимия,3,f
1100,421,10,9,2026-01-14 15:00:00,2026-01-15 15:00:00,2026-01-18 04:00:00,2026-01-15 15:00:00,85.0,1.0,1,61.0,development,2,11,66.0,20,release,6,Бакалавр,release_manager,9,Логистика перевозок нефтепродуктов,NEFTEHIM-LOG,3,ООО «НефтехимСервис»,нефтехимия,3,f
1101,422,6,3,2026-01-05 11:00:00,2026-01-15 11:00:00,2026-01-17 17:00:00,2026-01-15 11:00:00,294.0,10.0,1,54.0,development,3,12,36.0,5,being_tested,3,Бакалавр,design,3,Личный кабинет оператора заправки,ZAPADTOP-LK,1,АО «ЗападТопливо»,топливная розница,2,f
1103,424,11,2,2026-03-04 01:00:00,2026-03-10 01:00:00,2026-03-08 03:00:00,2026-03-10 01:00:00,98.0,6.0,0,0.0,development,2,9,36.0,12,release,0,Средне-специальное,backend,6,Система мониторинга резервных топливных складов,REGENERGO-SKLAD,2,ПАО «РегионЭнерго»,энергетика,3,f
1104,424,15,4,2026-03-08 04:00:00,2026-03-09 04:00:00,2026-03-13 19:00:00,2026-03-09 04:00:00,135.0,1.0,1,111.0,development,2,9,36.0,12,release,2,Средне-специальное,qa,6,Система мониторинга резервных топливных складов,REGENERGO-SKLAD,2,ПАО «РегионЭнерго»,энергетика,3,f
1105,424,14,9,2026-03-13 21:00:00,2026-03-14 21:00:00,2026-03-14 09:00:00,2026-03-14 21:00:00,12.0,1.0,0,0.0,development,2,9,36.0,12,release,5,Бакалавр,release_manager,6,Система мониторинга резервных топливных складов,REGENERGO-SKLAD,2,ПАО «РегионЭнерго»,энергетика,3,f
1107,426,13,7,2026-01-06 05:00:00,2026-01-09 05:00:00,2026-01-07 12:00:00,2026-01-09 05:00:00,31.0,3.0,0,0.0,incident,1,7,42.0,14,release,3,Средне-специальное,fullstack,7,Интеграция с SCADA энергообъектов,REGENERGO-SCADA,2,ПАО «РегионЭнерго»,энергетика,3,f
1108,426,15,4,2026-01-07 16:00:00,2026-01-08 16:00:00,2026-01-11 11:00:00,2026-01-08 16:00:00,91.0,1.0,1,67.0,incident,1,7,42.0,14,release,2,Средне-специальное,qa,7,Интеграция с SCADA энергообъектов,REGENERGO-SCADA,2,ПАО «РегионЭнерго»,энергетика,3,f
1109,426,10,9,2026-01-11 13:00:00,2026-01-13 13:00:00,2026-01-19 07:00:00,2026-01-13 13:00:00,186.0,2.0,1,138.0,incident,1,7,42.0,14,release,6,Бакалавр,release_manager,7,Интеграция с SCADA энергообъектов,REGENERGO-SCADA,2,ПАО «РегионЭнерго»,энергетика,3,f
1110,427,6,3,2026-03-13 17:00:00,2026-03-21 17:00:00,2026-03-20 02:00:00,2026-03-21 17:00:00,153.0,8.0,0,0.0,development,2,6,18.0,15,release,3,Бакалавр,design,7,Интеграция с SCADA энергообъектов,REGENERGO-SCADA,2,ПАО «РегионЭнерго»,энергетика,3,f
1111,427,9,4,2026-03-20 05:00:00,2026-03-23 05:00:00,2026-03-23 12:00:00,2026-03-23 05:00:00,79.0,3.0,1,7.0,development,2,6,18.0,15,release,5,Бакалавр,qa,7,Интеграция с SCADA энергообъектов,REGENERGO-SCADA,2,ПАО «РегионЭнерго»,энергетика,3,f
1112,427,10,9,2026-03-23 18:00:00,2026-03-25 18:00:00,2026-03-25 02:00:00,2026-03-25 18:00:00,32.0,2.0,0,0.0,development,2,6,18.0,15,release,6,Бакалавр,release_manager,7,Интеграция с SCADA энергообъектов,REGENERGO-SCADA,2,ПАО «РегионЭнерго»,энергетика,3,f
1113,428,13,7,2026-01-07 18:00:00,2026-01-12 18:00:00,2026-01-10 12:00:00,2026-01-12 18:00:00,66.0,5.0,0,0.0,development,3,12,48.0,11,being_tested,3,Средне-специальное,fullstack,6,Система мониторинга резервных топливных складов,REGENERGO-SKLAD,2,ПАО «РегионЭнерго»,энергетика,2,f
1115,429,6,3,2026-03-09 03:00:00,2026-03-19 03:00:00,2026-03-15 17:00:00,2026-03-19 03:00:00,158.0,10.0,0,0.0,development,1,8,40.0,18,being_tested,3,Бакалавр,design,8,Портал заявок на доработку от эксплуатации,REGENERGO-REQ,2,ПАО «РегионЭнерго»,энергетика,2,f
1117,430,5,2,2026-03-05 16:00:00,2026-03-11 16:00:00,2026-03-08 13:00:00,2026-03-11 16:00:00,69.0,6.0,0,0.0,development,3,12,36.0,28,release,2,Средне-специальное,backend,12,Мобильное приложение для инспекторов АЗС,NEFTEHIM-MOB,3,ООО «НефтехимСервис»,нефтехимия,7,f
1118,430,4,4,2026-03-08 14:00:00,,2026-03-15 07:00:00,2026-03-11 14:00:00,161.0,3.0,1,89.0,development,3,12,36.0,28,release,4,Бакалавр,qa,12,Мобильное приложение для инспекторов АЗС,NEFTEHIM-MOB,3,ООО «НефтехимСервис»,нефтехимия,7,f
1119,430,5,2,2026-03-15 10:00:00,2026-03-18 10:00:00,2026-03-17 07:00:00,2026-03-18 10:00:00,45.0,3.0,0,0.0,development,3,12,36.0,28,release,2,Средне-специальное,backend,12,Мобильное приложение для инспекторов АЗС,NEFTEHIM-MOB,3,ООО «НефтехимСервис»,нефтехимия,7,f
1120,430,4,4,2026-03-17 09:00:00,,2026-03-21 00:00:00,2026-03-20 09:00:00,87.0,3.0,1,15.0,development,3,12,36.0,28,release,4,Бакалавр,qa,12,Мобильное приложение для инспекторов АЗС,NEFTEHIM-MOB,3,ООО «НефтехимСервис»,нефтехимия,7,f
1121,430,5,2,2026-03-21 03:00:00,2026-03-23 03:00:00,2026-03-26 17:00:00,2026-03-23 03:00:00,134.0,2.0,1,86.0,development,3,12,36.0,28,release,2,Средне-специальное,backend,12,Мобильное приложение для инспекторов АЗС,NEFTEHIM-MOB,3,ООО «НефтехимСервис»,нефтехимия,7,f
1122,430,4,4,2026-03-26 18:00:00,,2026-03-30 00:00:00,2026-03-31 18:00:00,78.0,5.0,0,0.0,development,3,12,36.0,28,release,4,Бакалавр,qa,12,Мобильное приложение для инспекторов АЗС,NEFTEHIM-MOB,3,ООО «НефтехимСервис»,нефтехимия,7,f
1123,430,10,9,2026-03-30 02:00:00,2026-03-31 02:00:00,2026-03-30 19:00:00,2026-03-31 02:00:00,17.0,1.0,0,0.0,development,3,12,36.0,28,release,6,Бакалавр,release_manager,12,Мобильное приложение для инспекторов АЗС,NEFTEHIM-MOB,3,ООО «НефтехимСервис»,нефтехимия,7,f
1126,433,11,2,2026-01-03 07:00:00,2026-01-06 07:00:00,2026-01-08 04:00:00,2026-01-06 07:00:00,117.0,3.0,1,45.0,development,3,13,52.0,14,release,0,Средне-специальное,backend,7,Интеграция с SCADA энергообъектов,REGENERGO-SCADA,2,ПАО «РегионЭнерго»,энергетика,9,f
1127,433,15,4,2026-01-08 07:00:00,2026-01-09 07:00:00,2026-01-11 08:00:00,2026-01-09 07:00:00,73.0,1.0,1,49.0,development,3,13,52.0,14,release,2,Средне-специальное,qa,7,Интеграция с SCADA энергообъектов,REGENERGO-SCADA,2,ПАО «РегионЭнерго»,энергетика,9,f
1128,433,11,2,2026-01-11 13:00:00,2026-01-16 13:00:00,2026-01-22 05:00:00,2026-01-16 13:00:00,256.0,5.0,1,136.0,development,3,13,52.0,14,release,0,Средне-специальное,backend,7,Интеграция с SCADA энергообъектов,REGENERGO-SCADA,2,ПАО «РегионЭнерго»,энергетика,9,f
1129,433,15,4,2026-01-22 07:00:00,2026-01-23 07:00:00,2026-01-28 20:00:00,2026-01-23 07:00:00,157.0,1.0,1,133.0,development,3,13,52.0,14,release,2,Средне-специальное,qa,7,Интеграция с SCADA энергообъектов,REGENERGO-SCADA,2,ПАО «РегионЭнерго»,энергетика,9,f
1130,433,11,2,2026-01-28 22:00:00,2026-02-02 22:00:00,2026-02-03 11:00:00,2026-02-02 22:00:00,133.0,5.0,1,13.0,development,3,13,52.0,14,release,0,Средне-специальное,backend,7,Интеграция с SCADA энергообъектов,REGENERGO-SCADA,2,ПАО «РегионЭнерго»,энергетика,9,f
1131,433,15,4,2026-02-03 15:00:00,,2026-02-09 03:00:00,2026-02-06 15:00:00,132.0,3.0,1,60.0,development,3,13,52.0,14,release,2,Средне-специальное,qa,7,Интеграция с SCADA энергообъектов,REGENERGO-SCADA,2,ПАО «РегионЭнерго»,энергетика,9,f
1132,433,11,2,2026-02-09 10:00:00,2026-02-11 10:00:00,2026-02-14 10:00:00,2026-02-11 10:00:00,120.0,2.0,1,72.0,development,3,13,52.0,14,release,0,Средне-специальное,backend,7,Интеграция с SCADA энергообъектов,REGENERGO-SCADA,2,ПАО «РегионЭнерго»,энергетика,9,f
1133,433,15,4,2026-02-14 12:00:00,2026-02-16 12:00:00,2026-02-16 04:00:00,2026-02-16 12:00:00,40.0,2.0,0,0.0,development,3,13,52.0,14,release,2,Средне-специальное,qa,7,Интеграция с SCADA энергообъектов,REGENERGO-SCADA,2,ПАО «РегионЭнерго»,энергетика,9,f
1134,433,14,9,2026-02-16 08:00:00,2026-02-17 08:00:00,2026-02-18 03:00:00,2026-02-17 08:00:00,43.0,1.0,1,19.0,development,3,13,52.0,14,release,5,Бакалавр,release_manager,7,Интеграция с SCADA энергообъектов,REGENERGO-SCADA,2,ПАО «РегионЭнерго»,энергетика,9,f
1135,436,13,7,2026-01-04 05:00:00,2026-01-05 05:00:00,2026-01-11 02:00:00,2026-01-05 05:00:00,165.0,1.0,1,141.0,incident,3,2,6.0,27,being_tested,3,Средне-специальное,fullstack,12,Мобильное приложение для инспекторов АЗС,NEFTEHIM-MOB,3,ООО «НефтехимСервис»,нефтехимия,2,f
1137,437,8,1,2026-01-10 15:00:00,2026-01-18 15:00:00,2026-01-16 04:00:00,2026-01-18 15:00:00,133.0,8.0,0,0.0,development,2,4,12.0,5,release,1,Средне-специальное,frontend,3,Личный кабинет оператора заправки,ZAPADTOP-LK,1,АО «ЗападТопливо»,топливная розница,3,f
1138,437,15,4,2026-01-16 06:00:00,,2026-01-18 04:00:00,2026-01-21 06:00:00,46.0,5.0,0,0.0,development,2,4,12.0,5,release,2,Средне-специальное,qa,3,Личный кабинет оператора заправки,ZAPADTOP-LK,1,АО «ЗападТопливо»,топливная розница,3,f
1139,437,14,9,2026-01-18 05:00:00,2026-01-20 05:00:00,2026-01-19 12:00:00,2026-01-20 05:00:00,31.0,2.0,0,0.0,development,2,4,12.0,5,release,5,Бакалавр,release_manager,3,Личный кабинет оператора заправки,ZAPADTOP-LK,1,АО «ЗападТопливо»,топливная розница,3,f
1140,438,3,7,2026-01-03 00:00:00,2026-01-06 00:00:00,2026-01-11 13:00:00,2026-01-06 00:00:00,205.0,3.0,1,133.0,incident,2,7,28.0,3,release,6,Бакалавр,fullstack,2,Модуль интеграции с датчиками уровня на АЗС,ZAPADTOP-IOT,1,АО «ЗападТопливо»,топливная розница,3,f
1141,438,4,4,2026-01-11 15:00:00,,2026-01-16 11:00:00,2026-01-14 15:00:00,116.0,3.0,1,44.0,incident,2,7,28.0,3,release,4,Бакалавр,qa,2,Модуль интеграции с датчиками уровня на АЗС,ZAPADTOP-IOT,1,АО «ЗападТопливо»,топливная розница,3,f
1142,438,14,9,2026-01-16 14:00:00,2026-01-17 14:00:00,2026-01-17 06:00:00,2026-01-17 14:00:00,16.0,1.0,0,0.0,incident,2,7,28.0,3,release,5,Бакалавр,release_manager,2,Модуль интеграции с датчиками уровня на АЗС,ZAPADTOP-IOT,1,АО «ЗападТопливо»,топливная розница,3,f
1145,441,6,3,2026-04-30 20:00:00,2026-05-09 20:00:00,2026-05-04 15:00:00,2026-05-09 20:00:00,91.0,9.0,0,0.0,development,2,2,10.0,22,release,3,Бакалавр,design,9,Логистика перевозок нефтепродуктов,NEFTEHIM-LOG,3,ООО «НефтехимСервис»,нефтехимия,7,f
1146,441,9,4,2026-05-04 19:00:00,2026-05-07 19:00:00,2026-05-12 11:00:00,2026-05-07 19:00:00,184.0,3.0,1,112.0,development,2,2,10.0,22,release,5,Бакалавр,qa,9,Логистика перевозок нефтепродуктов,NEFTEHIM-LOG,3,ООО «НефтехимСервис»,нефтехимия,7,f
1147,441,6,3,2026-05-12 16:00:00,2026-05-16 16:00:00,2026-05-18 11:00:00,2026-05-16 16:00:00,139.0,4.0,1,43.0,development,2,2,10.0,22,release,3,Бакалавр,design,9,Логистика перевозок нефтепродуктов,NEFTEHIM-LOG,3,ООО «НефтехимСервис»,нефтехимия,7,f
1148,441,9,4,2026-05-18 14:00:00,,2026-05-20 12:00:00,2026-05-21 14:00:00,46.0,3.0,0,0.0,development,2,2,10.0,22,release,5,Бакалавр,qa,9,Логистика перевозок нефтепродуктов,NEFTEHIM-LOG,3,ООО «НефтехимСервис»,нефтехимия,7,f
1149,441,6,3,2026-05-20 20:00:00,2026-05-23 20:00:00,2026-05-22 17:00:00,2026-05-23 20:00:00,45.0,3.0,0,0.0,development,2,2,10.0,22,release,3,Бакалавр,design,9,Логистика перевозок нефтепродуктов,NEFTEHIM-LOG,3,ООО «НефтехимСервис»,нефтехимия,7,f
1150,441,9,4,2026-05-22 20:00:00,,2026-05-28 09:00:00,2026-05-27 20:00:00,133.0,5.0,1,13.0,development,2,2,10.0,22,release,5,Бакалавр,qa,9,Логистика перевозок нефтепродуктов,NEFTEHIM-LOG,3,ООО «НефтехимСервис»,нефтехимия,7,f
1151,441,14,9,2026-05-28 13:00:00,2026-05-29 13:00:00,2026-05-29 06:00:00,2026-05-29 13:00:00,17.0,1.0,0,0.0,development,2,2,10.0,22,release,5,Бакалавр,release_manager,9,Логистика перевозок нефтепродуктов,NEFTEHIM-LOG,3,ООО «НефтехимСервис»,нефтехимия,7,f
1152,442,2,1,2026-01-03 00:00:00,2026-01-04 00:00:00,2026-01-03 20:00:00,2026-01-04 00:00:00,20.0,1.0,0,0.0,incident,2,2,12.0,17,release,5,Бакалавр,frontend,8,Портал заявок на доработку от эксплуатации,REGENERGO-REQ,2,ПАО «РегионЭнерго»,энергетика,3,f
1153,442,15,4,2026-01-03 21:00:00,2026-01-04 21:00:00,2026-01-04 14:00:00,2026-01-04 21:00:00,17.0,1.0,0,0.0,incident,2,2,12.0,17,release,2,Средне-специальное,qa,8,Портал заявок на доработку от эксплуатации,REGENERGO-REQ,2,ПАО «РегионЭнерго»,энергетика,3,f
1154,442,10,9,2026-01-04 15:00:00,2026-01-06 15:00:00,2026-01-05 08:00:00,2026-01-06 15:00:00,17.0,2.0,0,0.0,incident,2,2,12.0,17,release,6,Бакалавр,release_manager,8,Портал заявок на доработку от эксплуатации,REGENERGO-REQ,2,ПАО «РегионЭнерго»,энергетика,3,f
1155,443,13,7,2026-03-11 20:00:00,2026-03-20 20:00:00,2026-03-18 09:00:00,2026-03-20 20:00:00,157.0,9.0,0,0.0,development,4,12,48.0,12,release,3,Средне-специальное,fullstack,6,Система мониторинга резервных топливных складов,REGENERGO-SKLAD,2,ПАО «РегионЭнерго»,энергетика,3,t
1156,443,15,4,2026-03-18 13:00:00,,2026-03-26 02:00:00,2026-03-23 13:00:00,181.0,5.0,1,61.0,development,4,12,48.0,12,release,2,Средне-специальное,qa,6,Система мониторинга резервных топливных складов,REGENERGO-SKLAD,2,ПАО «РегионЭнерго»,энергетика,3,t
1157,443,14,9,2026-03-26 04:00:00,2026-03-27 04:00:00,2026-03-26 17:00:00,2026-03-27 04:00:00,13.0,1.0,0,0.0,development,4,12,48.0,12,release,5,Бакалавр,release_manager,6,Система мониторинга резервных топливных складов,REGENERGO-SKLAD,2,ПАО «РегионЭнерго»,энергетика,3,t
1158,444,2,1,2026-03-11 11:00:00,2026-03-19 11:00:00,2026-03-15 06:00:00,2026-03-19 11:00:00,91.0,8.0,0,0.0,development,1,6,18.0,26,release,5,Бакалавр,frontend,11,Аналитика и отчёты для руководства,NEFTEHIM-BI,3,ООО «НефтехимСервис»,нефтехимия,9,f
1159,444,4,4,2026-03-15 09:00:00,2026-03-17 09:00:00,2026-03-21 08:00:00,2026-03-17 09:00:00,143.0,2.0,1,95.0,development,1,6,18.0,26,release,4,Бакалавр,qa,11,Аналитика и отчёты для руководства,NEFTEHIM-BI,3,ООО «НефтехимСервис»,нефтехимия,9,f
1160,444,2,1,2026-03-21 14:00:00,2026-03-25 14:00:00,2026-03-29 23:00:00,2026-03-25 14:00:00,201.0,4.0,1,105.0,development,1,6,18.0,26,release,5,Бакалавр,frontend,11,Аналитика и отчёты для руководства,NEFTEHIM-BI,3,ООО «НефтехимСервис»,нефтехимия,9,f
1161,444,4,4,2026-03-30 01:00:00,2026-03-31 01:00:00,2026-04-01 20:00:00,2026-03-31 01:00:00,67.0,1.0,1,43.0,development,1,6,18.0,26,release,4,Бакалавр,qa,11,Аналитика и отчёты для руководства,NEFTEHIM-BI,3,ООО «НефтехимСервис»,нефтехимия,9,f
1162,444,2,1,2026-04-02 00:00:00,2026-04-04 00:00:00,2026-04-05 22:00:00,2026-04-04 00:00:00,94.0,2.0,1,46.0,development,1,6,18.0,26,release,5,Бакалавр,frontend,11,Аналитика и отчёты для руководства,NEFTEHIM-BI,3,ООО «НефтехимСервис»,нефтехимия,9,f
1163,444,4,4,2026-04-06 01:00:00,,2026-04-07 04:00:00,2026-04-09 01:00:00,27.0,3.0,0,0.0,development,1,6,18.0,26,release,4,Бакалавр,qa,11,Аналитика и отчёты для руководства,NEFTEHIM-BI,3,ООО «НефтехимСервис»,нефтехимия,9,f
1164,444,2,1,2026-04-07 12:00:00,2026-04-12 12:00:00,2026-04-14 12:00:00,2026-04-12 12:00:00,168.0,5.0,1,48.0,development,1,6,18.0,26,release,5,Бакалавр,frontend,11,Аналитика и отчёты для руководства,NEFTEHIM-BI,3,ООО «НефтехимСервис»,нефтехимия,9,f
1165,444,4,4,2026-04-14 14:00:00,2026-04-16 14:00:00,2026-04-19 21:00:00,2026-04-16 14:00:00,127.0,2.0,1,79.0,development,1,6,18.0,26,release,4,Бакалавр,qa,11,Аналитика и отчёты для руководства,NEFTEHIM-BI,3,ООО «НефтехимСервис»,нефтехимия,9,f
1166,444,14,9,2026-04-20 03:00:00,2026-04-21 03:00:00,2026-04-24 14:00:00,2026-04-21 03:00:00,107.0,1.0,1,83.0,development,1,6,18.0,26,release,5,Бакалавр,release_manager,11,Аналитика и отчёты для руководства,NEFTEHIM-BI,3,ООО «НефтехимСервис»,нефтехимия,9,f
1169,447,2,1,2026-01-08 18:00:00,2026-01-10 18:00:00,2026-01-09 18:00:00,2026-01-10 18:00:00,24.0,2.0,0,0.0,incident,3,4,24.0,25,release,5,Бакалавр,frontend,11,Аналитика и отчёты для руководства,NEFTEHIM-BI,3,ООО «НефтехимСервис»,нефтехимия,3,f
1170,447,15,4,2026-01-09 19:00:00,,2026-01-18 23:00:00,2026-01-14 19:00:00,220.0,5.0,1,100.0,incident,3,4,24.0,25,release,2,Средне-специальное,qa,11,Аналитика и отчёты для руководства,NEFTEHIM-BI,3,ООО «НефтехимСервис»,нефтехимия,3,f
1171,447,10,9,2026-01-19 01:00:00,2026-01-20 01:00:00,2026-01-24 15:00:00,2026-01-20 01:00:00,134.0,1.0,1,110.0,incident,3,4,24.0,25,release,6,Бакалавр,release_manager,11,Аналитика и отчёты для руководства,NEFTEHIM-BI,3,ООО «НефтехимСервис»,нефтехимия,3,f
1172,449,11,2,2026-01-08 12:00:00,2026-01-17 12:00:00,2026-01-16 17:00:00,2026-01-17 12:00:00,197.0,9.0,0,0.0,development,1,1,3.0,23,release,0,Средне-специальное,backend,10,Сверка остатков при приёмке на нефтебазе,NEFTEHIM-RCV,3,ООО «НефтехимСервис»,нефтехимия,3,f
1173,449,15,4,2026-01-16 18:00:00,,2026-01-22 22:00:00,2026-01-21 18:00:00,148.0,5.0,1,28.0,development,1,1,3.0,23,release,2,Средне-специальное,qa,10,Сверка остатков при приёмке на нефтебазе,NEFTEHIM-RCV,3,ООО «НефтехимСервис»,нефтехимия,3,f
1174,449,10,9,2026-01-23 00:00:00,2026-01-24 00:00:00,2026-01-23 20:00:00,2026-01-24 00:00:00,20.0,1.0,0,0.0,development,1,1,3.0,23,release,6,Бакалавр,release_manager,10,Сверка остатков при приёмке на нефтебазе,NEFTEHIM-RCV,3,ООО «НефтехимСервис»,нефтехимия,3,f
1176,451,13,7,2026-03-12 04:00:00,2026-03-21 04:00:00,2026-03-21 14:00:00,2026-03-21 04:00:00,226.0,9.0,1,10.0,development,2,13,78.0,8,release,3,Средне-специальное,fullstack,4,Отчётность по остаткам для Ростехнадзора,ZAPADTOP-RTN,1,АО «ЗападТопливо»,топливная розница,9,f
1177,451,9,4,2026-03-22 04:00:00,2026-03-23 04:00:00,2026-03-26 04:00:00,2026-03-23 04:00:00,96.0,1.0,1,72.0,development,2,13,78.0,8,release,5,Бакалавр,qa,4,Отчётность по остаткам для Ростехнадзора,ZAPADTOP-RTN,1,АО «ЗападТопливо»,топливная розница,9,f
1178,451,13,7,2026-03-26 10:00:00,2026-03-29 10:00:00,2026-03-31 03:00:00,2026-03-29 10:00:00,113.0,3.0,1,41.0,development,2,13,78.0,8,release,3,Средне-специальное,fullstack,4,Отчётность по остаткам для Ростехнадзора,ZAPADTOP-RTN,1,АО «ЗападТопливо»,топливная розница,9,f
1179,451,9,4,2026-03-31 07:00:00,2026-04-03 07:00:00,2026-04-08 23:00:00,2026-04-03 07:00:00,208.0,3.0,1,136.0,development,2,13,78.0,8,release,5,Бакалавр,qa,4,Отчётность по остаткам для Ростехнадзора,ZAPADTOP-RTN,1,АО «ЗападТопливо»,топливная розница,9,f
1180,451,13,7,2026-04-09 07:00:00,2026-04-12 07:00:00,2026-04-14 11:00:00,2026-04-12 07:00:00,124.0,3.0,1,52.0,development,2,13,78.0,8,release,3,Средне-специальное,fullstack,4,Отчётность по остаткам для Ростехнадзора,ZAPADTOP-RTN,1,АО «ЗападТопливо»,топливная розница,9,f
1181,451,9,4,2026-04-14 12:00:00,,2026-04-20 22:00:00,2026-04-17 12:00:00,154.0,3.0,1,82.0,development,2,13,78.0,8,release,5,Бакалавр,qa,4,Отчётность по остаткам для Ростехнадзора,ZAPADTOP-RTN,1,АО «ЗападТопливо»,топливная розница,9,f
1182,451,13,7,2026-04-21 04:00:00,2026-04-24 04:00:00,2026-04-22 18:00:00,2026-04-24 04:00:00,38.0,3.0,0,0.0,development,2,13,78.0,8,release,3,Средне-специальное,fullstack,4,Отчётность по остаткам для Ростехнадзора,ZAPADTOP-RTN,1,АО «ЗападТопливо»,топливная розница,9,f
1183,451,9,4,2026-04-22 21:00:00,,2026-05-01 09:00:00,2026-04-27 21:00:00,204.0,5.0,1,84.0,development,2,13,78.0,8,release,5,Бакалавр,qa,4,Отчётность по остаткам для Ростехнадзора,ZAPADTOP-RTN,1,АО «ЗападТопливо»,топливная розница,9,f
1184,451,10,9,2026-05-01 14:00:00,2026-05-03 14:00:00,2026-05-06 17:00:00,2026-05-03 14:00:00,123.0,2.0,1,75.0,development,2,13,78.0,8,release,6,Бакалавр,release_manager,4,Отчётность по остаткам для Ростехнадзора,ZAPADTOP-RTN,1,АО «ЗападТопливо»,топливная розница,9,f
1185,452,6,3,2026-03-05 23:00:00,2026-03-08 23:00:00,2026-03-10 23:00:00,2026-03-08 23:00:00,120.0,3.0,1,48.0,development,3,10,50.0,15,release,3,Бакалавр,design,7,Интеграция с SCADA энергообъектов,REGENERGO-SCADA,2,ПАО «РегионЭнерго»,энергетика,3,f
1186,452,15,4,2026-03-11 03:00:00,,2026-03-13 23:00:00,2026-03-16 03:00:00,68.0,5.0,0,0.0,development,3,10,50.0,15,release,2,Средне-специальное,qa,7,Интеграция с SCADA энергообъектов,REGENERGO-SCADA,2,ПАО «РегионЭнерго»,энергетика,3,f
1187,452,14,9,2026-03-14 05:00:00,2026-03-15 05:00:00,2026-03-14 20:00:00,2026-03-15 05:00:00,15.0,1.0,0,0.0,development,3,10,50.0,15,release,5,Бакалавр,release_manager,7,Интеграция с SCADA энергообъектов,REGENERGO-SCADA,2,ПАО «РегионЭнерго»,энергетика,3,f
1188,453,8,1,2026-03-05 11:00:00,2026-03-08 11:00:00,2026-03-10 18:00:00,2026-03-08 11:00:00,127.0,3.0,1,55.0,incident,5,1,3.0,6,release,1,Средне-специальное,frontend,3,Личный кабинет оператора заправки,ZAPADTOP-LK,1,АО «ЗападТопливо»,топливная розница,3,t
1189,453,9,4,2026-03-10 20:00:00,,2026-03-12 15:00:00,2026-03-13 20:00:00,43.0,3.0,0,0.0,incident,5,1,3.0,6,release,5,Бакалавр,qa,3,Личный кабинет оператора заправки,ZAPADTOP-LK,1,АО «ЗападТопливо»,топливная розница,3,t
1190,453,10,9,2026-03-12 16:00:00,2026-03-13 16:00:00,2026-03-14 14:00:00,2026-03-13 16:00:00,46.0,1.0,1,22.0,incident,5,1,3.0,6,release,6,Бакалавр,release_manager,3,Личный кабинет оператора заправки,ZAPADTOP-LK,1,АО «ЗападТопливо»,топливная розница,3,t
1191,454,5,2,2026-01-03 20:00:00,2026-01-05 20:00:00,2026-01-04 18:00:00,2026-01-05 20:00:00,22.0,2.0,0,0.0,incident,2,8,40.0,3,release,2,Средне-специальное,backend,2,Модуль интеграции с датчиками уровня на АЗС,ZAPADTOP-IOT,1,АО «ЗападТопливо»,топливная розница,3,f
1192,454,15,4,2026-01-04 21:00:00,2026-01-06 21:00:00,2026-01-11 14:00:00,2026-01-06 21:00:00,161.0,2.0,1,113.0,incident,2,8,40.0,3,release,2,Средне-специальное,qa,2,Модуль интеграции с датчиками уровня на АЗС,ZAPADTOP-IOT,1,АО «ЗападТопливо»,топливная розница,3,f
1193,454,10,9,2026-01-11 17:00:00,2026-01-13 17:00:00,2026-01-12 07:00:00,2026-01-13 17:00:00,14.0,2.0,0,0.0,incident,2,8,40.0,3,release,6,Бакалавр,release_manager,2,Модуль интеграции с датчиками уровня на АЗС,ZAPADTOP-IOT,1,АО «ЗападТопливо»,топливная розница,3,f
1194,456,3,7,2026-03-04 09:00:00,2026-03-11 09:00:00,2026-03-17 01:00:00,2026-03-11 09:00:00,304.0,7.0,1,136.0,development,2,5,20.0,26,release,6,Бакалавр,fullstack,11,Аналитика и отчёты для руководства,NEFTEHIM-BI,3,ООО «НефтехимСервис»,нефтехимия,5,f
1195,456,15,4,2026-03-17 05:00:00,2026-03-19 05:00:00,2026-03-21 12:00:00,2026-03-19 05:00:00,103.0,2.0,1,55.0,development,2,5,20.0,26,release,2,Средне-специальное,qa,11,Аналитика и отчёты для руководства,NEFTEHIM-BI,3,ООО «НефтехимСервис»,нефтехимия,5,f
1196,456,3,7,2026-03-21 15:00:00,2026-03-23 15:00:00,2026-03-28 03:00:00,2026-03-23 15:00:00,156.0,2.0,1,108.0,development,2,5,20.0,26,release,6,Бакалавр,fullstack,11,Аналитика и отчёты для руководства,NEFTEHIM-BI,3,ООО «НефтехимСервис»,нефтехимия,5,f
1197,456,15,4,2026-03-28 07:00:00,,2026-04-03 19:00:00,2026-04-01 07:00:00,156.0,4.0,1,60.0,development,2,5,20.0,26,release,2,Средне-специальное,qa,11,Аналитика и отчёты для руководства,NEFTEHIM-BI,3,ООО «НефтехимСервис»,нефтехимия,5,f
1198,456,14,9,2026-04-03 23:00:00,2026-04-04 23:00:00,2026-04-07 10:00:00,2026-04-04 23:00:00,83.0,1.0,1,59.0,development,2,5,20.0,26,release,5,Бакалавр,release_manager,11,Аналитика и отчёты для руководства,NEFTEHIM-BI,3,ООО «НефтехимСервис»,нефтехимия,5,f
1200,459,1,2,2026-05-04 06:00:00,2026-05-10 06:00:00,2026-05-07 02:00:00,2026-05-10 06:00:00,68.0,6.0,0,0.0,development,5,13,39.0,22,release,8,Специалист,backend,9,Логистика перевозок нефтепродуктов,NEFTEHIM-LOG,3,ООО «НефтехимСервис»,нефтехимия,5,t
1201,459,4,4,2026-05-07 05:00:00,2026-05-08 05:00:00,2026-05-11 18:00:00,2026-05-08 05:00:00,109.0,1.0,1,85.0,development,5,13,39.0,22,release,4,Бакалавр,qa,9,Логистика перевозок нефтепродуктов,NEFTEHIM-LOG,3,ООО «НефтехимСервис»,нефтехимия,5,t
1202,459,1,2,2026-05-12 02:00:00,2026-05-17 02:00:00,2026-05-14 21:00:00,2026-05-17 02:00:00,67.0,5.0,0,0.0,development,5,13,39.0,22,release,8,Специалист,backend,9,Логистика перевозок нефтепродуктов,NEFTEHIM-LOG,3,ООО «НефтехимСервис»,нефтехимия,5,t
1203,459,4,4,2026-05-14 22:00:00,2026-05-17 22:00:00,2026-05-22 00:00:00,2026-05-17 22:00:00,170.0,3.0,1,98.0,development,5,13,39.0,22,release,4,Бакалавр,qa,9,Логистика перевозок нефтепродуктов,NEFTEHIM-LOG,3,ООО «НефтехимСервис»,нефтехимия,5,t
1204,459,14,9,2026-05-22 02:00:00,2026-05-23 02:00:00,2026-05-22 16:00:00,2026-05-23 02:00:00,14.0,1.0,0,0.0,development,5,13,39.0,22,release,5,Бакалавр,release_manager,9,Логистика перевозок нефтепродуктов,NEFTEHIM-LOG,3,ООО «НефтехимСервис»,нефтехимия,5,t
1205,460,5,2,2026-01-05 01:00:00,2026-01-12 01:00:00,2026-01-10 18:00:00,2026-01-12 01:00:00,137.0,7.0,0,0.0,development,3,4,12.0,11,release,2,Средне-специальное,backend,6,Система мониторинга резервных топливных складов,REGENERGO-SKLAD,2,ПАО «РегионЭнерго»,энергетика,3,f
1206,460,15,4,2026-01-10 19:00:00,2026-01-12 19:00:00,2026-01-12 10:00:00,2026-01-12 19:00:00,39.0,2.0,0,0.0,development,3,4,12.0,11,release,2,Средне-специальное,qa,6,Система мониторинга резервных топливных складов,REGENERGO-SKLAD,2,ПАО «РегионЭнерго»,энергетика,3,f
1207,460,10,9,2026-01-12 14:00:00,2026-01-14 14:00:00,2026-01-14 05:00:00,2026-01-14 14:00:00,39.0,2.0,0,0.0,development,3,4,12.0,11,release,6,Бакалавр,release_manager,6,Система мониторинга резервных топливных складов,REGENERGO-SKLAD,2,ПАО «РегионЭнерго»,энергетика,3,f
1208,461,3,7,2026-01-05 11:00:00,2026-01-07 11:00:00,2026-01-06 17:00:00,2026-01-07 11:00:00,30.0,2.0,0,0.0,incident,2,1,5.0,23,release,6,Бакалавр,fullstack,10,Сверка остатков при приёмке на нефтебазе,NEFTEHIM-RCV,3,ООО «НефтехимСервис»,нефтехимия,3,f
1209,461,9,4,2026-01-06 18:00:00,,2026-01-09 05:00:00,2026-01-09 18:00:00,59.0,3.0,0,0.0,incident,2,1,5.0,23,release,5,Бакалавр,qa,10,Сверка остатков при приёмке на нефтебазе,NEFTEHIM-RCV,3,ООО «НефтехимСервис»,нефтехимия,3,f
1210,461,14,9,2026-01-09 09:00:00,2026-01-11 09:00:00,2026-01-10 04:00:00,2026-01-11 09:00:00,19.0,2.0,0,0.0,incident,2,1,5.0,23,release,5,Бакалавр,release_manager,10,Сверка остатков при приёмке на нефтебазе,NEFTEHIM-RCV,3,ООО «НефтехимСервис»,нефтехимия,3,f
1211,462,13,7,2025-12-30 17:00:00,2026-01-05 17:00:00,2026-01-04 18:00:00,2026-01-05 17:00:00,121.0,6.0,0,0.0,development,3,8,24.0,10,being_tested,3,Средне-специальное,fullstack,5,Учёт топлива на котельных и ТЭЦ,REGENERGO-TEC,2,ПАО «РегионЭнерго»,энергетика,2,f
1214,465,6,3,2026-01-01 08:00:00,2026-01-03 08:00:00,2026-01-02 20:00:00,2026-01-03 08:00:00,36.0,2.0,0,0.0,incident,3,1,3.0,3,release,3,Бакалавр,design,2,Модуль интеграции с датчиками уровня на АЗС,ZAPADTOP-IOT,1,АО «ЗападТопливо»,топливная розница,3,f
1215,465,4,4,2026-01-02 23:00:00,2026-01-04 23:00:00,2026-01-07 14:00:00,2026-01-04 23:00:00,111.0,2.0,1,63.0,incident,3,1,3.0,3,release,4,Бакалавр,qa,2,Модуль интеграции с датчиками уровня на АЗС,ZAPADTOP-IOT,1,АО «ЗападТопливо»,топливная розница,3,f
1216,465,14,9,2026-01-07 15:00:00,2026-01-08 15:00:00,2026-01-13 09:00:00,2026-01-08 15:00:00,138.0,1.0,1,114.0,incident,3,1,3.0,3,release,5,Бакалавр,release_manager,2,Модуль интеграции с датчиками уровня на АЗС,ZAPADTOP-IOT,1,АО «ЗападТопливо»,топливная розница,3,f
1218,467,1,2,2026-05-03 06:00:00,2026-05-10 06:00:00,2026-05-08 04:00:00,2026-05-10 06:00:00,118.0,7.0,0,0.0,development,4,7,42.0,19,release,8,Специалист,backend,8,Портал заявок на доработку от эксплуатации,REGENERGO-REQ,2,ПАО «РегионЭнерго»,энергетика,3,t
1219,467,4,4,2026-05-08 05:00:00,2026-05-11 05:00:00,2026-05-15 19:00:00,2026-05-11 05:00:00,182.0,3.0,1,110.0,development,4,7,42.0,19,release,4,Бакалавр,qa,8,Портал заявок на доработку от эксплуатации,REGENERGO-REQ,2,ПАО «РегионЭнерго»,энергетика,3,t
1220,467,10,9,2026-05-15 21:00:00,2026-05-16 21:00:00,2026-05-21 09:00:00,2026-05-16 21:00:00,132.0,1.0,1,108.0,development,4,7,42.0,19,release,6,Бакалавр,release_manager,8,Портал заявок на доработку от эксплуатации,REGENERGO-REQ,2,ПАО «РегионЭнерго»,энергетика,3,t
1222,469,6,3,2026-05-04 07:00:00,2026-05-07 07:00:00,2026-05-05 12:00:00,2026-05-07 07:00:00,29.0,3.0,0,0.0,development,3,4,20.0,9,release,3,Бакалавр,design,4,Отчётность по остаткам для Ростехнадзора,ZAPADTOP-RTN,1,АО «ЗападТопливо»,топливная розница,3,f
1223,469,4,4,2026-05-05 15:00:00,,2026-05-12 13:00:00,2026-05-08 15:00:00,166.0,3.0,1,94.0,development,3,4,20.0,9,release,4,Бакалавр,qa,4,Отчётность по остаткам для Ростехнадзора,ZAPADTOP-RTN,1,АО «ЗападТопливо»,топливная розница,3,f
1224,469,14,9,2026-05-12 17:00:00,2026-05-14 17:00:00,2026-05-14 05:00:00,2026-05-14 17:00:00,36.0,2.0,0,0.0,development,3,4,20.0,9,release,5,Бакалавр,release_manager,4,Отчётность по остаткам для Ростехнадзора,ZAPADTOP-RTN,1,АО «ЗападТопливо»,топливная розница,3,f
1225,470,11,2,2026-03-12 14:00:00,2026-03-18 14:00:00,2026-03-16 02:00:00,2026-03-18 14:00:00,84.0,6.0,0,0.0,development,1,10,30.0,2,release,0,Средне-специальное,backend,1,ПО учёта остатков топлива на АЗС и электростанциях,ZAPADTOP-FUEL,1,АО «ЗападТопливо»,топливная розница,3,f
1226,470,9,4,2026-03-16 03:00:00,,2026-03-23 16:00:00,2026-03-19 03:00:00,181.0,3.0,1,109.0,development,1,10,30.0,2,release,5,Бакалавр,qa,1,ПО учёта остатков топлива на АЗС и электростанциях,ZAPADTOP-FUEL,1,АО «ЗападТопливо»,топливная розница,3,f
1227,470,14,9,2026-03-23 19:00:00,2026-03-25 19:00:00,2026-03-25 04:00:00,2026-03-25 19:00:00,33.0,2.0,0,0.0,development,1,10,30.0,2,release,5,Бакалавр,release_manager,1,ПО учёта остатков топлива на АЗС и электростанциях,ZAPADTOP-FUEL,1,АО «ЗападТопливо»,топливная розница,3,f
1229,473,5,2,2025-12-31 19:00:00,2026-01-01 19:00:00,2026-01-05 05:00:00,2026-01-01 19:00:00,106.0,1.0,1,82.0,incident,2,12,48.0,11,release,2,Средне-специальное,backend,6,Система мониторинга резервных топливных складов,REGENERGO-SKLAD,2,ПАО «РегионЭнерго»,энергетика,3,f
1230,473,9,4,2026-01-05 09:00:00,,2026-01-06 22:00:00,2026-01-08 09:00:00,37.0,3.0,0,0.0,incident,2,12,48.0,11,release,5,Бакалавр,qa,6,Система мониторинга резервных топливных складов,REGENERGO-SKLAD,2,ПАО «РегионЭнерго»,энергетика,3,f
1231,473,10,9,2026-01-07 01:00:00,2026-01-08 01:00:00,2026-01-07 18:00:00,2026-01-08 01:00:00,17.0,1.0,0,0.0,incident,2,12,48.0,11,release,6,Бакалавр,release_manager,6,Система мониторинга резервных топливных складов,REGENERGO-SKLAD,2,ПАО «РегионЭнерго»,энергетика,3,f
1232,474,5,2,2026-01-01 05:00:00,2026-01-10 05:00:00,2026-01-13 14:00:00,2026-01-10 05:00:00,297.0,9.0,1,81.0,development,2,9,45.0,23,release,2,Средне-специальное,backend,10,Сверка остатков при приёмке на нефтебазе,NEFTEHIM-RCV,3,ООО «НефтехимСервис»,нефтехимия,7,f
1233,474,15,4,2026-01-13 16:00:00,,2026-01-18 00:00:00,2026-01-16 16:00:00,104.0,3.0,1,32.0,development,2,9,45.0,23,release,2,Средне-специальное,qa,10,Сверка остатков при приёмке на нефтебазе,NEFTEHIM-RCV,3,ООО «НефтехимСервис»,нефтехимия,7,f
1234,474,5,2,2026-01-18 07:00:00,2026-01-20 07:00:00,2026-01-18 23:00:00,2026-01-20 07:00:00,16.0,2.0,0,0.0,development,2,9,45.0,23,release,2,Средне-специальное,backend,10,Сверка остатков при приёмке на нефтебазе,NEFTEHIM-RCV,3,ООО «НефтехимСервис»,нефтехимия,7,f
1235,474,15,4,2026-01-19 00:00:00,,2026-01-24 12:00:00,2026-01-22 00:00:00,132.0,3.0,1,60.0,development,2,9,45.0,23,release,2,Средне-специальное,qa,10,Сверка остатков при приёмке на нефтебазе,NEFTEHIM-RCV,3,ООО «НефтехимСервис»,нефтехимия,7,f
1236,474,5,2,2026-01-24 20:00:00,2026-01-28 20:00:00,2026-01-27 20:00:00,2026-01-28 20:00:00,72.0,4.0,0,0.0,development,2,9,45.0,23,release,2,Средне-специальное,backend,10,Сверка остатков при приёмке на нефтебазе,NEFTEHIM-RCV,3,ООО «НефтехимСервис»,нефтехимия,7,f
1237,474,15,4,2026-01-27 22:00:00,2026-01-29 22:00:00,2026-01-30 07:00:00,2026-01-29 22:00:00,57.0,2.0,1,9.0,development,2,9,45.0,23,release,2,Средне-специальное,qa,10,Сверка остатков при приёмке на нефтебазе,NEFTEHIM-RCV,3,ООО «НефтехимСервис»,нефтехимия,7,f
1238,474,14,9,2026-01-30 13:00:00,2026-01-31 13:00:00,2026-01-31 00:00:00,2026-01-31 13:00:00,11.0,1.0,0,0.0,development,2,9,45.0,23,release,5,Бакалавр,release_manager,10,Сверка остатков при приёмке на нефтебазе,NEFTEHIM-RCV,3,ООО «НефтехимСервис»,нефтехимия,7,f
1239,475,6,3,2026-01-10 11:00:00,2026-01-14 11:00:00,2026-01-19 05:00:00,2026-01-14 11:00:00,210.0,4.0,1,114.0,development,1,1,4.0,17,being_tested,3,Бакалавр,design,8,Портал заявок на доработку от эксплуатации,REGENERGO-REQ,2,ПАО «РегионЭнерго»,энергетика,2,f
1241,476,6,3,2025-12-31 14:00:00,2026-01-03 14:00:00,2026-01-07 12:00:00,2026-01-03 14:00:00,166.0,3.0,1,94.0,incident,4,1,5.0,27,release,3,Бакалавр,design,12,Мобильное приложение для инспекторов АЗС,NEFTEHIM-MOB,3,ООО «НефтехимСервис»,нефтехимия,3,t
1242,476,4,4,2026-01-07 14:00:00,,2026-01-11 07:00:00,2026-01-12 14:00:00,89.0,5.0,0,0.0,incident,4,1,5.0,27,release,4,Бакалавр,qa,12,Мобильное приложение для инспекторов АЗС,NEFTEHIM-MOB,3,ООО «НефтехимСервис»,нефтехимия,3,t
1243,476,10,9,2026-01-11 13:00:00,2026-01-13 13:00:00,2026-01-16 20:00:00,2026-01-13 13:00:00,127.0,2.0,1,79.0,incident,4,1,5.0,27,release,6,Бакалавр,release_manager,12,Мобильное приложение для инспекторов АЗС,NEFTEHIM-MOB,3,ООО «НефтехимСервис»,нефтехимия,3,t
1244,477,8,1,2026-01-08 22:00:00,2026-01-17 22:00:00,2026-01-16 20:00:00,2026-01-17 22:00:00,190.0,9.0,0,0.0,development,2,6,18.0,14,release,1,Средне-специальное,frontend,7,Интеграция с SCADA энергообъектов,REGENERGO-SCADA,2,ПАО «РегионЭнерго»,энергетика,3,f
1245,477,15,4,2026-01-16 21:00:00,2026-01-17 21:00:00,2026-01-17 10:00:00,2026-01-17 21:00:00,13.0,1.0,0,0.0,development,2,6,18.0,14,release,2,Средне-специальное,qa,7,Интеграция с SCADA энергообъектов,REGENERGO-SCADA,2,ПАО «РегионЭнерго»,энергетика,3,f
1246,477,14,9,2026-01-17 11:00:00,2026-01-18 11:00:00,2026-01-17 23:00:00,2026-01-18 11:00:00,12.0,1.0,0,0.0,development,2,6,18.0,14,release,5,Бакалавр,release_manager,7,Интеграция с SCADA энергообъектов,REGENERGO-SCADA,2,ПАО «РегионЭнерго»,энергетика,3,f
1247,478,3,7,2026-03-03 16:00:00,2026-03-04 16:00:00,2026-03-08 14:00:00,2026-03-04 16:00:00,118.0,1.0,1,94.0,incident,1,6,36.0,24,release,6,Бакалавр,fullstack,10,Сверка остатков при приёмке на нефтебазе,NEFTEHIM-RCV,3,ООО «НефтехимСервис»,нефтехимия,3,f
1248,478,15,4,2026-03-08 15:00:00,,2026-03-13 09:00:00,2026-03-11 15:00:00,114.0,3.0,1,42.0,incident,1,6,36.0,24,release,2,Средне-специальное,qa,10,Сверка остатков при приёмке на нефтебазе,NEFTEHIM-RCV,3,ООО «НефтехимСервис»,нефтехимия,3,f
1249,478,10,9,2026-03-13 14:00:00,2026-03-15 14:00:00,2026-03-14 08:00:00,2026-03-15 14:00:00,18.0,2.0,0,0.0,incident,1,6,36.0,24,release,6,Бакалавр,release_manager,10,Сверка остатков при приёмке на нефтебазе,NEFTEHIM-RCV,3,ООО «НефтехимСервис»,нефтехимия,3,f
1250,479,13,7,2026-01-07 05:00:00,2026-01-12 05:00:00,2026-01-11 22:00:00,2026-01-12 05:00:00,113.0,5.0,0,0.0,development,3,13,65.0,20,release,3,Средне-специальное,fullstack,9,Логистика перевозок нефтепродуктов,NEFTEHIM-LOG,3,ООО «НефтехимСервис»,нефтехимия,3,f
1251,479,4,4,2026-01-11 23:00:00,,2026-01-13 18:00:00,2026-01-14 23:00:00,43.0,3.0,0,0.0,development,3,13,65.0,20,release,4,Бакалавр,qa,9,Логистика перевозок нефтепродуктов,NEFTEHIM-LOG,3,ООО «НефтехимСервис»,нефтехимия,3,f
1252,479,14,9,2026-01-13 20:00:00,2026-01-15 20:00:00,2026-01-14 20:00:00,2026-01-15 20:00:00,24.0,2.0,0,0.0,development,3,13,65.0,20,release,5,Бакалавр,release_manager,9,Логистика перевозок нефтепродуктов,NEFTEHIM-LOG,3,ООО «НефтехимСервис»,нефтехимия,3,f
1253,480,2,1,2026-05-02 19:00:00,2026-05-10 19:00:00,2026-05-15 01:00:00,2026-05-10 19:00:00,294.0,8.0,1,102.0,development,1,6,24.0,13,release,5,Бакалавр,frontend,6,Система мониторинга резервных топливных складов,REGENERGO-SKLAD,2,ПАО «РегионЭнерго»,энергетика,3,f
1254,480,15,4,2026-05-15 02:00:00,,2026-05-21 21:00:00,2026-05-20 02:00:00,163.0,5.0,1,43.0,development,1,6,24.0,13,release,2,Средне-специальное,qa,6,Система мониторинга резервных топливных складов,REGENERGO-SKLAD,2,ПАО «РегионЭнерго»,энергетика,3,f
1255,480,10,9,2026-05-21 22:00:00,2026-05-22 22:00:00,2026-05-22 05:00:00,2026-05-22 22:00:00,7.0,1.0,0,0.0,development,1,6,24.0,13,release,6,Бакалавр,release_manager,6,Система мониторинга резервных топливных складов,REGENERGO-SKLAD,2,ПАО «РегионЭнерго»,энергетика,3,f
1256,481,3,7,2026-03-10 15:00:00,2026-03-11 15:00:00,2026-03-12 20:00:00,2026-03-11 15:00:00,53.0,1.0,1,29.0,incident,1,2,12.0,24,release,6,Бакалавр,fullstack,10,Сверка остатков при приёмке на нефтебазе,NEFTEHIM-RCV,3,ООО «НефтехимСервис»,нефтехимия,9,f
1257,481,9,4,2026-03-12 21:00:00,,2026-03-19 15:00:00,2026-03-17 21:00:00,162.0,5.0,1,42.0,incident,1,2,12.0,24,release,5,Бакалавр,qa,10,Сверка остатков при приёмке на нефтебазе,NEFTEHIM-RCV,3,ООО «НефтехимСервис»,нефтехимия,9,f
1258,481,3,7,2026-03-19 20:00:00,2026-03-23 20:00:00,2026-03-27 10:00:00,2026-03-23 20:00:00,182.0,4.0,1,86.0,incident,1,2,12.0,24,release,6,Бакалавр,fullstack,10,Сверка остатков при приёмке на нефтебазе,NEFTEHIM-RCV,3,ООО «НефтехимСервис»,нефтехимия,9,f
1259,481,9,4,2026-03-27 12:00:00,2026-03-28 12:00:00,2026-03-27 20:00:00,2026-03-28 12:00:00,8.0,1.0,0,0.0,incident,1,2,12.0,24,release,5,Бакалавр,qa,10,Сверка остатков при приёмке на нефтебазе,NEFTEHIM-RCV,3,ООО «НефтехимСервис»,нефтехимия,9,f
1260,481,3,7,2026-03-28 03:00:00,2026-03-31 03:00:00,2026-04-04 13:00:00,2026-03-31 03:00:00,178.0,3.0,1,106.0,incident,1,2,12.0,24,release,6,Бакалавр,fullstack,10,Сверка остатков при приёмке на нефтебазе,NEFTEHIM-RCV,3,ООО «НефтехимСервис»,нефтехимия,9,f
1261,481,9,4,2026-04-04 17:00:00,,2026-04-12 13:00:00,2026-04-08 17:00:00,188.0,4.0,1,92.0,incident,1,2,12.0,24,release,5,Бакалавр,qa,10,Сверка остатков при приёмке на нефтебазе,NEFTEHIM-RCV,3,ООО «НефтехимСервис»,нефтехимия,9,f
1262,481,3,7,2026-04-12 19:00:00,2026-04-17 19:00:00,2026-04-15 16:00:00,2026-04-17 19:00:00,69.0,5.0,0,0.0,incident,1,2,12.0,24,release,6,Бакалавр,fullstack,10,Сверка остатков при приёмке на нефтебазе,NEFTEHIM-RCV,3,ООО «НефтехимСервис»,нефтехимия,9,f
1263,481,9,4,2026-04-15 20:00:00,,2026-04-25 11:00:00,2026-04-20 20:00:00,231.0,5.0,1,111.0,incident,1,2,12.0,24,release,5,Бакалавр,qa,10,Сверка остатков при приёмке на нефтебазе,NEFTEHIM-RCV,3,ООО «НефтехимСервис»,нефтехимия,9,f
1264,481,10,9,2026-04-25 13:00:00,2026-04-26 13:00:00,2026-04-30 07:00:00,2026-04-26 13:00:00,114.0,1.0,1,90.0,incident,1,2,12.0,24,release,6,Бакалавр,release_manager,10,Сверка остатков при приёмке на нефтебазе,NEFTEHIM-RCV,3,ООО «НефтехимСервис»,нефтехимия,9,f
1265,482,8,1,2026-03-10 14:00:00,2026-03-14 14:00:00,2026-03-19 11:00:00,2026-03-14 14:00:00,213.0,4.0,1,117.0,development,2,2,10.0,2,release,1,Средне-специальное,frontend,1,ПО учёта остатков топлива на АЗС и электростанциях,ZAPADTOP-FUEL,1,АО «ЗападТопливо»,топливная розница,3,f
1266,482,4,4,2026-03-19 13:00:00,,2026-03-22 01:00:00,2026-03-24 13:00:00,60.0,5.0,0,0.0,development,2,2,10.0,2,release,4,Бакалавр,qa,1,ПО учёта остатков топлива на АЗС и электростанциях,ZAPADTOP-FUEL,1,АО «ЗападТопливо»,топливная розница,3,f
1267,482,14,9,2026-03-22 05:00:00,2026-03-23 05:00:00,2026-03-23 15:00:00,2026-03-23 05:00:00,34.0,1.0,1,10.0,development,2,2,10.0,2,release,5,Бакалавр,release_manager,1,ПО учёта остатков топлива на АЗС и электростанциях,ZAPADTOP-FUEL,1,АО «ЗападТопливо»,топливная розница,3,f
1269,484,6,3,2026-03-15 00:00:00,2026-03-16 00:00:00,2026-03-15 22:00:00,2026-03-16 00:00:00,22.0,1.0,0,0.0,incident,3,9,36.0,4,release,3,Бакалавр,design,2,Модуль интеграции с датчиками уровня на АЗС,ZAPADTOP-IOT,1,АО «ЗападТопливо»,топливная розница,3,f
1270,484,15,4,2026-03-16 01:00:00,2026-03-19 01:00:00,2026-03-17 13:00:00,2026-03-19 01:00:00,36.0,3.0,0,0.0,incident,3,9,36.0,4,release,2,Средне-специальное,qa,2,Модуль интеграции с датчиками уровня на АЗС,ZAPADTOP-IOT,1,АО «ЗападТопливо»,топливная розница,3,f
1271,484,14,9,2026-03-17 19:00:00,2026-03-18 19:00:00,2026-03-22 18:00:00,2026-03-18 19:00:00,119.0,1.0,1,95.0,incident,3,9,36.0,4,release,5,Бакалавр,release_manager,2,Модуль интеграции с датчиками уровня на АЗС,ZAPADTOP-IOT,1,АО «ЗападТопливо»,топливная розница,3,f
1272,486,1,2,2026-01-02 10:00:00,2026-01-08 10:00:00,2026-01-06 22:00:00,2026-01-08 10:00:00,108.0,6.0,0,0.0,development,5,3,9.0,25,release,8,Специалист,backend,11,Аналитика и отчёты для руководства,NEFTEHIM-BI,3,ООО «НефтехимСервис»,нефтехимия,3,t
1273,486,15,4,2026-01-07 02:00:00,2026-01-09 02:00:00,2026-01-12 05:00:00,2026-01-09 02:00:00,123.0,2.0,1,75.0,development,5,3,9.0,25,release,2,Средне-специальное,qa,11,Аналитика и отчёты для руководства,NEFTEHIM-BI,3,ООО «НефтехимСервис»,нефтехимия,3,t
1274,486,10,9,2026-01-12 11:00:00,2026-01-13 11:00:00,2026-01-14 19:00:00,2026-01-13 11:00:00,56.0,1.0,1,32.0,development,5,3,9.0,25,release,6,Бакалавр,release_manager,11,Аналитика и отчёты для руководства,NEFTEHIM-BI,3,ООО «НефтехимСервис»,нефтехимия,3,t
1277,489,6,3,2026-01-04 00:00:00,2026-01-11 00:00:00,2026-01-07 17:00:00,2026-01-11 00:00:00,89.0,7.0,0,0.0,development,1,6,36.0,11,release,3,Бакалавр,design,6,Система мониторинга резервных топливных складов,REGENERGO-SKLAD,2,ПАО «РегионЭнерго»,энергетика,3,f
1278,489,9,4,2026-01-08 12:00:00,,2026-01-15 02:00:00,2026-01-13 12:00:00,158.0,5.0,1,38.0,development,1,6,36.0,11,release,5,Бакалавр,qa,6,Система мониторинга резервных топливных складов,REGENERGO-SKLAD,2,ПАО «РегионЭнерго»,энергетика,3,f
1279,489,10,9,2026-01-15 07:00:00,2026-01-17 07:00:00,2026-01-17 01:00:00,2026-01-17 07:00:00,42.0,2.0,0,0.0,development,1,6,36.0,11,release,6,Бакалавр,release_manager,6,Система мониторинга резервных топливных складов,REGENERGO-SKLAD,2,ПАО «РегионЭнерго»,энергетика,3,f
1280,491,3,7,2026-03-10 21:00:00,2026-03-11 21:00:00,2026-03-13 05:00:00,2026-03-11 21:00:00,56.0,1.0,1,32.0,incident,3,8,48.0,4,release,6,Бакалавр,fullstack,2,Модуль интеграции с датчиками уровня на АЗС,ZAPADTOP-IOT,1,АО «ЗападТопливо»,топливная розница,3,f
1281,491,15,4,2026-03-13 08:00:00,2026-03-15 08:00:00,2026-03-18 21:00:00,2026-03-15 08:00:00,133.0,2.0,1,85.0,incident,3,8,48.0,4,release,2,Средне-специальное,qa,2,Модуль интеграции с датчиками уровня на АЗС,ZAPADTOP-IOT,1,АО «ЗападТопливо»,топливная розница,3,f
1282,491,14,9,2026-03-18 22:00:00,2026-03-19 22:00:00,2026-03-20 17:00:00,2026-03-19 22:00:00,43.0,1.0,1,19.0,incident,3,8,48.0,4,release,5,Бакалавр,release_manager,2,Модуль интеграции с датчиками уровня на АЗС,ZAPADTOP-IOT,1,АО «ЗападТопливо»,топливная розница,3,f
1285,496,11,2,2026-03-08 22:00:00,2026-03-18 22:00:00,2026-03-22 22:00:00,2026-03-18 22:00:00,336.0,10.0,1,96.0,development,3,2,6.0,15,being_tested,0,Средне-специальное,backend,7,Интеграция с SCADA энергообъектов,REGENERGO-SCADA,2,ПАО «РегионЭнерго»,энергетика,2,f
1287,497,5,2,2026-05-04 10:00:00,2026-05-07 10:00:00,2026-05-10 00:00:00,2026-05-07 10:00:00,134.0,3.0,1,62.0,incident,5,5,30.0,22,being_tested,2,Средне-специальное,backend,9,Логистика перевозок нефтепродуктов,NEFTEHIM-LOG,3,ООО «НефтехимСервис»,нефтехимия,2,t
1289,498,2,1,2026-01-03 00:00:00,2026-01-04 00:00:00,2026-01-07 04:00:00,2026-01-04 00:00:00,100.0,1.0,1,76.0,incident,3,10,30.0,7,release,5,Бакалавр,frontend,4,Отчётность по остаткам для Ростехнадзора,ZAPADTOP-RTN,1,АО «ЗападТопливо»,топливная розница,3,f
1290,498,9,4,2026-01-07 07:00:00,2026-01-08 07:00:00,2026-01-11 20:00:00,2026-01-08 07:00:00,109.0,1.0,1,85.0,incident,3,10,30.0,7,release,5,Бакалавр,qa,4,Отчётность по остаткам для Ростехнадзора,ZAPADTOP-RTN,1,АО «ЗападТопливо»,топливная розница,3,f
1291,498,14,9,2026-01-12 01:00:00,2026-01-13 01:00:00,2026-01-12 23:00:00,2026-01-13 01:00:00,22.0,1.0,0,0.0,incident,3,10,30.0,7,release,5,Бакалавр,release_manager,4,Отчётность по остаткам для Ростехнадзора,ZAPADTOP-RTN,1,АО «ЗападТопливо»,топливная розница,3,f
1293,500,8,1,2026-03-04 23:00:00,2026-03-11 23:00:00,2026-03-08 14:00:00,2026-03-11 23:00:00,87.0,7.0,0,0.0,development,2,6,18.0,2,being_tested,1,Средне-специальное,frontend,1,ПО учёта остатков топлива на АЗС и электростанциях,ZAPADTOP-FUEL,1,АО «ЗападТопливо»,топливная розница,2,f
1295,501,3,7,2026-01-01 20:00:00,2026-01-04 20:00:00,2026-01-08 17:00:00,2026-01-04 20:00:00,165.0,3.0,1,93.0,development,2,3,9.0,5,release,6,Бакалавр,fullstack,3,Личный кабинет оператора заправки,ZAPADTOP-LK,1,АО «ЗападТопливо»,топливная розница,3,f
1296,501,9,4,2026-01-08 19:00:00,2026-01-11 19:00:00,2026-01-14 09:00:00,2026-01-11 19:00:00,134.0,3.0,1,62.0,development,2,3,9.0,5,release,5,Бакалавр,qa,3,Личный кабинет оператора заправки,ZAPADTOP-LK,1,АО «ЗападТопливо»,топливная розница,3,f
1297,501,14,9,2026-01-14 10:00:00,2026-01-16 10:00:00,2026-01-15 03:00:00,2026-01-16 10:00:00,17.0,2.0,0,0.0,development,2,3,9.0,5,release,5,Бакалавр,release_manager,3,Личный кабинет оператора заправки,ZAPADTOP-LK,1,АО «ЗападТопливо»,топливная розница,3,f
1298,502,6,3,2026-05-03 12:00:00,2026-05-04 12:00:00,2026-05-08 11:00:00,2026-05-04 12:00:00,119.0,1.0,1,95.0,incident,1,13,78.0,9,release,3,Бакалавр,design,4,Отчётность по остаткам для Ростехнадзора,ZAPADTOP-RTN,1,АО «ЗападТопливо»,топливная розница,5,f
1299,502,15,4,2026-05-08 15:00:00,,2026-05-16 20:00:00,2026-05-13 15:00:00,197.0,5.0,1,77.0,incident,1,13,78.0,9,release,2,Средне-специальное,qa,4,Отчётность по остаткам для Ростехнадзора,ZAPADTOP-RTN,1,АО «ЗападТопливо»,топливная розница,5,f
1300,502,6,3,2026-05-16 22:00:00,2026-05-21 22:00:00,2026-05-27 03:00:00,2026-05-21 22:00:00,245.0,5.0,1,125.0,incident,1,13,78.0,9,release,3,Бакалавр,design,4,Отчётность по остаткам для Ростехнадзора,ZAPADTOP-RTN,1,АО «ЗападТопливо»,топливная розница,5,f
1301,502,15,4,2026-05-27 05:00:00,,2026-06-03 12:00:00,2026-06-01 05:00:00,175.0,5.0,1,55.0,incident,1,13,78.0,9,release,2,Средне-специальное,qa,4,Отчётность по остаткам для Ростехнадзора,ZAPADTOP-RTN,1,АО «ЗападТопливо»,топливная розница,5,f
1302,502,14,9,2026-06-03 13:00:00,2026-06-04 13:00:00,2026-06-04 01:00:00,2026-06-04 13:00:00,12.0,1.0,0,0.0,incident,1,13,78.0,9,release,5,Бакалавр,release_manager,4,Отчётность по остаткам для Ростехнадзора,ZAPADTOP-RTN,1,АО «ЗападТопливо»,топливная розница,5,f
1304,504,8,1,2025-12-29 21:00:00,2026-01-01 21:00:00,2026-01-07 06:00:00,2026-01-01 21:00:00,201.0,3.0,1,129.0,development,3,12,60.0,25,release,1,Средне-специальное,frontend,11,Аналитика и отчёты для руководства,NEFTEHIM-BI,3,ООО «НефтехимСервис»,нефтехимия,3,f
1305,504,15,4,2026-01-07 10:00:00,2026-01-10 10:00:00,2026-01-09 07:00:00,2026-01-10 10:00:00,45.0,3.0,0,0.0,development,3,12,60.0,25,release,2,Средне-специальное,qa,11,Аналитика и отчёты для руководства,NEFTEHIM-BI,3,ООО «НефтехимСервис»,нефтехимия,3,f
1306,504,14,9,2026-01-09 11:00:00,2026-01-10 11:00:00,2026-01-10 02:00:00,2026-01-10 11:00:00,15.0,1.0,0,0.0,development,3,12,60.0,25,release,5,Бакалавр,release_manager,11,Аналитика и отчёты для руководства,NEFTEHIM-BI,3,ООО «НефтехимСервис»,нефтехимия,3,f
1307,505,1,2,2026-04-29 14:00:00,2026-05-03 14:00:00,2026-05-08 13:00:00,2026-05-03 14:00:00,215.0,4.0,1,119.0,development,3,11,66.0,13,release,8,Специалист,backend,6,Система мониторинга резервных топливных складов,REGENERGO-SKLAD,2,ПАО «РегионЭнерго»,энергетика,3,f
1308,505,15,4,2026-05-08 16:00:00,2026-05-09 16:00:00,2026-05-12 11:00:00,2026-05-09 16:00:00,91.0,1.0,1,67.0,development,3,11,66.0,13,release,2,Средне-специальное,qa,6,Система мониторинга резервных топливных складов,REGENERGO-SKLAD,2,ПАО «РегионЭнерго»,энергетика,3,f
1309,505,14,9,2026-05-12 15:00:00,2026-05-14 15:00:00,2026-05-19 12:00:00,2026-05-14 15:00:00,165.0,2.0,1,117.0,development,3,11,66.0,13,release,5,Бакалавр,release_manager,6,Система мониторинга резервных топливных складов,REGENERGO-SKLAD,2,ПАО «РегионЭнерго»,энергетика,3,f
1310,506,3,7,2026-01-07 02:00:00,2026-01-10 02:00:00,2026-01-14 22:00:00,2026-01-10 02:00:00,188.0,3.0,1,116.0,incident,3,11,44.0,17,being_tested,6,Бакалавр,fullstack,8,Портал заявок на доработку от эксплуатации,REGENERGO-REQ,2,ПАО «РегионЭнерго»,энергетика,2,f
1312,507,11,2,2026-01-03 16:00:00,2026-01-04 16:00:00,2026-01-04 04:00:00,2026-01-04 16:00:00,12.0,1.0,0,0.0,incident,3,11,33.0,27,release,0,Средне-специальное,backend,12,Мобильное приложение для инспекторов АЗС,NEFTEHIM-MOB,3,ООО «НефтехимСервис»,нефтехимия,3,f
1313,507,4,4,2026-01-05 09:00:00,2026-01-08 09:00:00,2026-01-10 05:00:00,2026-01-08 09:00:00,116.0,3.0,1,44.0,incident,3,11,33.0,27,release,4,Бакалавр,qa,12,Мобильное приложение для инспекторов АЗС,NEFTEHIM-MOB,3,ООО «НефтехимСервис»,нефтехимия,3,f
1314,507,10,9,2026-01-10 09:00:00,2026-01-11 09:00:00,2026-01-12 08:00:00,2026-01-11 09:00:00,47.0,1.0,1,23.0,incident,3,11,33.0,27,release,6,Бакалавр,release_manager,12,Мобильное приложение для инспекторов АЗС,NEFTEHIM-MOB,3,ООО «НефтехимСервис»,нефтехимия,3,f
1315,508,11,2,2026-03-10 23:00:00,2026-03-14 23:00:00,2026-03-12 03:00:00,2026-03-14 23:00:00,28.0,4.0,0,0.0,development,1,6,30.0,12,release,0,Средне-специальное,backend,6,Система мониторинга резервных топливных складов,REGENERGO-SKLAD,2,ПАО «РегионЭнерго»,энергетика,3,f
1316,508,9,4,2026-03-12 07:00:00,2026-03-13 07:00:00,2026-03-16 21:00:00,2026-03-13 07:00:00,110.0,1.0,1,86.0,development,1,6,30.0,12,release,5,Бакалавр,qa,6,Система мониторинга резервных топливных складов,REGENERGO-SKLAD,2,ПАО «РегионЭнерго»,энергетика,3,f
1317,508,10,9,2026-03-17 02:00:00,2026-03-19 02:00:00,2026-03-18 02:00:00,2026-03-19 02:00:00,24.0,2.0,0,0.0,development,1,6,30.0,12,release,6,Бакалавр,release_manager,6,Система мониторинга резервных топливных складов,REGENERGO-SKLAD,2,ПАО «РегионЭнерго»,энергетика,3,f
1318,509,6,3,2026-01-03 15:00:00,2026-01-04 15:00:00,2026-01-09 21:00:00,2026-01-04 15:00:00,150.0,1.0,1,126.0,incident,3,1,6.0,20,release,3,Бакалавр,design,9,Логистика перевозок нефтепродуктов,NEFTEHIM-LOG,3,ООО «НефтехимСервис»,нефтехимия,5,f
1319,509,15,4,2026-01-09 23:00:00,2026-01-10 23:00:00,2026-01-11 04:00:00,2026-01-10 23:00:00,29.0,1.0,1,5.0,incident,3,1,6.0,20,release,2,Средне-специальное,qa,9,Логистика перевозок нефтепродуктов,NEFTEHIM-LOG,3,ООО «НефтехимСервис»,нефтехимия,5,f
1320,509,6,3,2026-01-11 07:00:00,2026-01-16 07:00:00,2026-01-20 08:00:00,2026-01-16 07:00:00,217.0,5.0,1,97.0,incident,3,1,6.0,20,release,3,Бакалавр,design,9,Логистика перевозок нефтепродуктов,NEFTEHIM-LOG,3,ООО «НефтехимСервис»,нефтехимия,5,f
1321,509,15,4,2026-01-20 09:00:00,,2026-01-27 19:00:00,2026-01-23 09:00:00,178.0,3.0,1,106.0,incident,3,1,6.0,20,release,2,Средне-специальное,qa,9,Логистика перевозок нефтепродуктов,NEFTEHIM-LOG,3,ООО «НефтехимСервис»,нефтехимия,5,f
1322,509,14,9,2026-01-28 00:00:00,2026-01-29 00:00:00,2026-01-28 14:00:00,2026-01-29 00:00:00,14.0,1.0,0,0.0,incident,3,1,6.0,20,release,5,Бакалавр,release_manager,9,Логистика перевозок нефтепродуктов,NEFTEHIM-LOG,3,ООО «НефтехимСервис»,нефтехимия,5,f
1324,512,6,3,2026-04-30 21:00:00,2026-05-02 21:00:00,2026-05-01 22:00:00,2026-05-02 21:00:00,25.0,2.0,0,0.0,incident,3,10,40.0,16,release,3,Бакалавр,design,7,Интеграция с SCADA энергообъектов,REGENERGO-SCADA,2,ПАО «РегионЭнерго»,энергетика,3,f
1325,512,9,4,2026-05-01 23:00:00,,2026-05-04 01:00:00,2026-05-06 23:00:00,50.0,5.0,0,0.0,incident,3,10,40.0,16,release,5,Бакалавр,qa,7,Интеграция с SCADA энергообъектов,REGENERGO-SCADA,2,ПАО «РегионЭнерго»,энергетика,3,f
1326,512,14,9,2026-05-04 06:00:00,2026-05-05 06:00:00,2026-05-04 20:00:00,2026-05-05 06:00:00,14.0,1.0,0,0.0,incident,3,10,40.0,16,release,5,Бакалавр,release_manager,7,Интеграция с SCADA энергообъектов,REGENERGO-SCADA,2,ПАО «РегионЭнерго»,энергетика,3,f
1327,513,6,3,2026-03-13 11:00:00,2026-03-19 11:00:00,2026-03-17 23:00:00,2026-03-19 11:00:00,108.0,6.0,0,0.0,development,2,8,32.0,2,release,3,Бакалавр,design,1,ПО учёта остатков топлива на АЗС и электростанциях,ZAPADTOP-FUEL,1,АО «ЗападТопливо»,топливная розница,3,f
1328,513,4,4,2026-03-18 02:00:00,,2026-03-26 20:00:00,2026-03-23 02:00:00,210.0,5.0,1,90.0,development,2,8,32.0,2,release,4,Бакалавр,qa,1,ПО учёта остатков топлива на АЗС и электростанциях,ZAPADTOP-FUEL,1,АО «ЗападТопливо»,топливная розница,3,f
1329,513,14,9,2026-03-26 23:00:00,2026-03-28 23:00:00,2026-03-27 15:00:00,2026-03-28 23:00:00,16.0,2.0,0,0.0,development,2,8,32.0,2,release,5,Бакалавр,release_manager,1,ПО учёта остатков топлива на АЗС и электростанциях,ZAPADTOP-FUEL,1,АО «ЗападТопливо»,топливная розница,3,f
1330,514,6,3,2026-05-07 17:00:00,2026-05-13 17:00:00,2026-05-19 09:00:00,2026-05-13 17:00:00,280.0,6.0,1,136.0,development,1,10,30.0,16,release,3,Бакалавр,design,7,Интеграция с SCADA энергообъектов,REGENERGO-SCADA,2,ПАО «РегионЭнерго»,энергетика,3,f
1331,514,9,4,2026-05-19 10:00:00,2026-05-21 10:00:00,2026-05-23 05:00:00,2026-05-21 10:00:00,91.0,2.0,1,43.0,development,1,10,30.0,16,release,5,Бакалавр,qa,7,Интеграция с SCADA энергообъектов,REGENERGO-SCADA,2,ПАО «РегионЭнерго»,энергетика,3,f
1332,514,10,9,2026-05-23 06:00:00,2026-05-25 06:00:00,2026-05-24 23:00:00,2026-05-25 06:00:00,41.0,2.0,0,0.0,development,1,10,30.0,16,release,6,Бакалавр,release_manager,7,Интеграция с SCADA энергообъектов,REGENERGO-SCADA,2,ПАО «РегионЭнерго»,энергетика,3,f
1333,515,6,3,2026-01-03 04:00:00,2026-01-05 04:00:00,2026-01-03 21:00:00,2026-01-05 04:00:00,17.0,2.0,0,0.0,incident,3,4,16.0,1,release,3,Бакалавр,design,1,ПО учёта остатков топлива на АЗС и электростанциях,ZAPADTOP-FUEL,1,АО «ЗападТопливо»,топливная розница,3,f
1334,515,9,4,2026-01-03 22:00:00,,2026-01-11 15:00:00,2026-01-07 22:00:00,185.0,4.0,1,89.0,incident,3,4,16.0,1,release,5,Бакалавр,qa,1,ПО учёта остатков топлива на АЗС и электростанциях,ZAPADTOP-FUEL,1,АО «ЗападТопливо»,топливная розница,3,f
1335,515,10,9,2026-01-11 18:00:00,2026-01-12 18:00:00,2026-01-15 16:00:00,2026-01-12 18:00:00,94.0,1.0,1,70.0,incident,3,4,16.0,1,release,6,Бакалавр,release_manager,1,ПО учёта остатков топлива на АЗС и электростанциях,ZAPADTOP-FUEL,1,АО «ЗападТопливо»,топливная розница,3,f
1336,516,13,7,2026-01-06 11:00:00,2026-01-09 11:00:00,2026-01-13 02:00:00,2026-01-09 11:00:00,159.0,3.0,1,87.0,incident,4,11,33.0,20,release,3,Средне-специальное,fullstack,9,Логистика перевозок нефтепродуктов,NEFTEHIM-LOG,3,ООО «НефтехимСервис»,нефтехимия,3,t
1337,516,15,4,2026-01-13 04:00:00,,2026-01-16 13:00:00,2026-01-16 04:00:00,81.0,3.0,1,9.0,incident,4,11,33.0,20,release,2,Средне-специальное,qa,9,Логистика перевозок нефтепродуктов,NEFTEHIM-LOG,3,ООО «НефтехимСервис»,нефтехимия,3,t
1338,516,14,9,2026-01-16 19:00:00,2026-01-18 19:00:00,2026-01-18 03:00:00,2026-01-18 19:00:00,32.0,2.0,0,0.0,incident,4,11,33.0,20,release,5,Бакалавр,release_manager,9,Логистика перевозок нефтепродуктов,NEFTEHIM-LOG,3,ООО «НефтехимСервис»,нефтехимия,3,t
1340,518,8,1,2026-03-07 12:00:00,2026-03-16 12:00:00,2026-03-19 20:00:00,2026-03-16 12:00:00,296.0,9.0,1,80.0,development,2,1,6.0,21,release,1,Средне-специальное,frontend,9,Логистика перевозок нефтепродуктов,NEFTEHIM-LOG,3,ООО «НефтехимСервис»,нефтехимия,3,f
1341,518,15,4,2026-03-19 23:00:00,,2026-03-23 12:00:00,2026-03-24 23:00:00,85.0,5.0,0,0.0,development,2,1,6.0,21,release,2,Средне-специальное,qa,9,Логистика перевозок нефтепродуктов,NEFTEHIM-LOG,3,ООО «НефтехимСервис»,нефтехимия,3,f
1342,518,14,9,2026-03-23 16:00:00,2026-03-25 16:00:00,2026-03-25 06:00:00,2026-03-25 16:00:00,38.0,2.0,0,0.0,development,2,1,6.0,21,release,5,Бакалавр,release_manager,9,Логистика перевозок нефтепродуктов,NEFTEHIM-LOG,3,ООО «НефтехимСервис»,нефтехимия,3,f
1345,522,3,7,2026-01-05 07:00:00,2026-01-12 07:00:00,2026-01-16 03:00:00,2026-01-12 07:00:00,260.0,7.0,1,92.0,development,4,4,20.0,27,being_tested,6,Бакалавр,fullstack,12,Мобильное приложение для инспекторов АЗС,NEFTEHIM-MOB,3,ООО «НефтехимСервис»,нефтехимия,2,t
1347,524,8,1,2026-03-07 14:00:00,2026-03-14 14:00:00,2026-03-19 22:00:00,2026-03-14 14:00:00,296.0,7.0,1,128.0,development,1,4,12.0,6,release,1,Средне-специальное,frontend,3,Личный кабинет оператора заправки,ZAPADTOP-LK,1,АО «ЗападТопливо»,топливная розница,3,f
1451,568,13,7,2026-05-03 16:00:00,2026-05-05 16:00:00,2026-05-06 15:00:00,2026-05-05 16:00:00,71.0,2.0,1,23.0,incident,3,2,8.0,22,release,3,Средне-специальное,fullstack,9,Логистика перевозок нефтепродуктов,NEFTEHIM-LOG,3,ООО «НефтехимСервис»,нефтехимия,7,f
1348,524,15,4,2026-03-20 00:00:00,2026-03-22 00:00:00,2026-03-26 02:00:00,2026-03-22 00:00:00,146.0,2.0,1,98.0,development,1,4,12.0,6,release,2,Средне-специальное,qa,3,Личный кабинет оператора заправки,ZAPADTOP-LK,1,АО «ЗападТопливо»,топливная розница,3,f
1349,524,14,9,2026-03-26 05:00:00,2026-03-28 05:00:00,2026-03-28 23:00:00,2026-03-28 05:00:00,66.0,2.0,1,18.0,development,1,4,12.0,6,release,5,Бакалавр,release_manager,3,Личный кабинет оператора заправки,ZAPADTOP-LK,1,АО «ЗападТопливо»,топливная розница,3,f
1350,525,3,7,2026-03-05 12:00:00,2026-03-14 12:00:00,2026-03-13 09:00:00,2026-03-14 12:00:00,189.0,9.0,0,0.0,development,4,10,40.0,21,release,6,Бакалавр,fullstack,9,Логистика перевозок нефтепродуктов,NEFTEHIM-LOG,3,ООО «НефтехимСервис»,нефтехимия,3,t
1351,525,15,4,2026-03-13 10:00:00,2026-03-15 10:00:00,2026-03-19 11:00:00,2026-03-15 10:00:00,145.0,2.0,1,97.0,development,4,10,40.0,21,release,2,Средне-специальное,qa,9,Логистика перевозок нефтепродуктов,NEFTEHIM-LOG,3,ООО «НефтехимСервис»,нефтехимия,3,t
1352,525,10,9,2026-03-19 12:00:00,2026-03-20 12:00:00,2026-03-23 07:00:00,2026-03-20 12:00:00,91.0,1.0,1,67.0,development,4,10,40.0,21,release,6,Бакалавр,release_manager,9,Логистика перевозок нефтепродуктов,NEFTEHIM-LOG,3,ООО «НефтехимСервис»,нефтехимия,3,t
1353,526,3,7,2026-01-03 17:00:00,2026-01-08 17:00:00,2026-01-05 13:00:00,2026-01-08 17:00:00,44.0,5.0,0,0.0,development,5,5,25.0,11,release,6,Бакалавр,fullstack,6,Система мониторинга резервных топливных складов,REGENERGO-SKLAD,2,ПАО «РегионЭнерго»,энергетика,3,t
1354,526,4,4,2026-01-05 14:00:00,,2026-01-08 01:00:00,2026-01-08 14:00:00,59.0,3.0,0,0.0,development,5,5,25.0,11,release,4,Бакалавр,qa,6,Система мониторинга резервных топливных складов,REGENERGO-SKLAD,2,ПАО «РегионЭнерго»,энергетика,3,t
1355,526,14,9,2026-01-08 03:00:00,2026-01-09 03:00:00,2026-01-13 22:00:00,2026-01-09 03:00:00,139.0,1.0,1,115.0,development,5,5,25.0,11,release,5,Бакалавр,release_manager,6,Система мониторинга резервных топливных складов,REGENERGO-SKLAD,2,ПАО «РегионЭнерго»,энергетика,3,t
1356,527,2,1,2026-05-11 08:00:00,2026-05-19 08:00:00,2026-05-14 21:00:00,2026-05-19 08:00:00,85.0,8.0,0,0.0,development,2,12,60.0,13,release,5,Бакалавр,frontend,6,Система мониторинга резервных топливных складов,REGENERGO-SKLAD,2,ПАО «РегионЭнерго»,энергетика,3,f
1357,527,4,4,2026-05-14 22:00:00,,2026-05-21 09:00:00,2026-05-19 22:00:00,155.0,5.0,1,35.0,development,2,12,60.0,13,release,4,Бакалавр,qa,6,Система мониторинга резервных топливных складов,REGENERGO-SKLAD,2,ПАО «РегионЭнерго»,энергетика,3,f
1358,527,10,9,2026-05-21 10:00:00,2026-05-22 10:00:00,2026-05-22 04:00:00,2026-05-22 10:00:00,18.0,1.0,0,0.0,development,2,12,60.0,13,release,6,Бакалавр,release_manager,6,Система мониторинга резервных топливных складов,REGENERGO-SKLAD,2,ПАО «РегионЭнерго»,энергетика,3,f
1360,530,5,2,2026-03-06 05:00:00,2026-03-10 05:00:00,2026-03-14 03:00:00,2026-03-10 05:00:00,190.0,4.0,1,94.0,development,2,5,20.0,18,release,2,Средне-специальное,backend,8,Портал заявок на доработку от эксплуатации,REGENERGO-REQ,2,ПАО «РегионЭнерго»,энергетика,9,f
1361,530,4,4,2026-03-14 04:00:00,,2026-03-19 13:00:00,2026-03-18 04:00:00,129.0,4.0,1,33.0,development,2,5,20.0,18,release,4,Бакалавр,qa,8,Портал заявок на доработку от эксплуатации,REGENERGO-REQ,2,ПАО «РегионЭнерго»,энергетика,9,f
1362,530,5,2,2026-03-19 21:00:00,2026-03-24 21:00:00,2026-03-30 12:00:00,2026-03-24 21:00:00,255.0,5.0,1,135.0,development,2,5,20.0,18,release,2,Средне-специальное,backend,8,Портал заявок на доработку от эксплуатации,REGENERGO-REQ,2,ПАО «РегионЭнерго»,энергетика,9,f
1363,530,4,4,2026-03-30 16:00:00,,2026-04-01 05:00:00,2026-04-02 16:00:00,37.0,3.0,0,0.0,development,2,5,20.0,18,release,4,Бакалавр,qa,8,Портал заявок на доработку от эксплуатации,REGENERGO-REQ,2,ПАО «РегионЭнерго»,энергетика,9,f
1364,530,5,2,2026-04-01 07:00:00,2026-04-06 07:00:00,2026-04-05 08:00:00,2026-04-06 07:00:00,97.0,5.0,0,0.0,development,2,5,20.0,18,release,2,Средне-специальное,backend,8,Портал заявок на доработку от эксплуатации,REGENERGO-REQ,2,ПАО «РегионЭнерго»,энергетика,9,f
1365,530,4,4,2026-04-05 10:00:00,,2026-04-11 14:00:00,2026-04-08 10:00:00,148.0,3.0,1,76.0,development,2,5,20.0,18,release,4,Бакалавр,qa,8,Портал заявок на доработку от эксплуатации,REGENERGO-REQ,2,ПАО «РегионЭнерго»,энергетика,9,f
1366,530,5,2,2026-04-11 18:00:00,2026-04-16 18:00:00,2026-04-20 21:00:00,2026-04-16 18:00:00,219.0,5.0,1,99.0,development,2,5,20.0,18,release,2,Средне-специальное,backend,8,Портал заявок на доработку от эксплуатации,REGENERGO-REQ,2,ПАО «РегионЭнерго»,энергетика,9,f
1367,530,4,4,2026-04-20 23:00:00,,2026-04-26 03:00:00,2026-04-23 23:00:00,124.0,3.0,1,52.0,development,2,5,20.0,18,release,4,Бакалавр,qa,8,Портал заявок на доработку от эксплуатации,REGENERGO-REQ,2,ПАО «РегионЭнерго»,энергетика,9,f
1368,530,10,9,2026-04-26 06:00:00,2026-04-28 06:00:00,2026-04-27 15:00:00,2026-04-28 06:00:00,33.0,2.0,0,0.0,development,2,5,20.0,18,release,6,Бакалавр,release_manager,8,Портал заявок на доработку от эксплуатации,REGENERGO-REQ,2,ПАО «РегионЭнерго»,энергетика,9,f
1369,531,13,7,2025-12-30 14:00:00,2025-12-31 14:00:00,2025-12-31 06:00:00,2025-12-31 14:00:00,16.0,1.0,0,0.0,incident,1,8,24.0,1,release,3,Средне-специальное,fullstack,1,ПО учёта остатков топлива на АЗС и электростанциях,ZAPADTOP-FUEL,1,АО «ЗападТопливо»,топливная розница,3,f
1370,531,9,4,2025-12-31 07:00:00,,2026-01-08 13:00:00,2026-01-05 07:00:00,198.0,5.0,1,78.0,incident,1,8,24.0,1,release,5,Бакалавр,qa,1,ПО учёта остатков топлива на АЗС и электростанциях,ZAPADTOP-FUEL,1,АО «ЗападТопливо»,топливная розница,3,f
1371,531,10,9,2026-01-08 18:00:00,2026-01-10 18:00:00,2026-01-09 21:00:00,2026-01-10 18:00:00,27.0,2.0,0,0.0,incident,1,8,24.0,1,release,6,Бакалавр,release_manager,1,ПО учёта остатков топлива на АЗС и электростанциях,ZAPADTOP-FUEL,1,АО «ЗападТопливо»,топливная розница,3,f
1372,532,11,2,2026-03-06 22:00:00,2026-03-10 22:00:00,2026-03-15 23:00:00,2026-03-10 22:00:00,217.0,4.0,1,121.0,development,1,9,45.0,18,being_tested,0,Средне-специальное,backend,8,Портал заявок на доработку от эксплуатации,REGENERGO-REQ,2,ПАО «РегионЭнерго»,энергетика,2,f
1374,533,2,1,2026-04-29 00:00:00,2026-05-02 00:00:00,2026-05-07 13:00:00,2026-05-02 00:00:00,205.0,3.0,1,133.0,development,2,7,28.0,13,release,5,Бакалавр,frontend,6,Система мониторинга резервных топливных складов,REGENERGO-SKLAD,2,ПАО «РегионЭнерго»,энергетика,3,f
1375,533,4,4,2026-05-07 16:00:00,2026-05-09 16:00:00,2026-05-09 12:00:00,2026-05-09 16:00:00,44.0,2.0,0,0.0,development,2,7,28.0,13,release,4,Бакалавр,qa,6,Система мониторинга резервных топливных складов,REGENERGO-SKLAD,2,ПАО «РегионЭнерго»,энергетика,3,f
1376,533,14,9,2026-05-09 18:00:00,2026-05-10 18:00:00,2026-05-13 17:00:00,2026-05-10 18:00:00,95.0,1.0,1,71.0,development,2,7,28.0,13,release,5,Бакалавр,release_manager,6,Система мониторинга резервных топливных складов,REGENERGO-SKLAD,2,ПАО «РегионЭнерго»,энергетика,3,f
1377,534,8,1,2026-03-14 13:00:00,2026-03-16 13:00:00,2026-03-19 09:00:00,2026-03-16 13:00:00,116.0,2.0,1,68.0,incident,3,11,44.0,2,release,1,Средне-специальное,frontend,1,ПО учёта остатков топлива на АЗС и электростанциях,ZAPADTOP-FUEL,1,АО «ЗападТопливо»,топливная розница,3,f
1378,534,4,4,2026-03-19 10:00:00,,2026-03-22 11:00:00,2026-03-24 10:00:00,73.0,5.0,0,0.0,incident,3,11,44.0,2,release,4,Бакалавр,qa,1,ПО учёта остатков топлива на АЗС и электростанциях,ZAPADTOP-FUEL,1,АО «ЗападТопливо»,топливная розница,3,f
1379,534,14,9,2026-03-22 15:00:00,2026-03-23 15:00:00,2026-03-23 09:00:00,2026-03-23 15:00:00,18.0,1.0,0,0.0,incident,3,11,44.0,2,release,5,Бакалавр,release_manager,1,ПО учёта остатков топлива на АЗС и электростанциях,ZAPADTOP-FUEL,1,АО «ЗападТопливо»,топливная розница,3,f
1381,536,6,3,2026-03-05 15:00:00,2026-03-15 15:00:00,2026-03-20 20:00:00,2026-03-15 15:00:00,365.0,10.0,1,125.0,development,3,4,24.0,6,release,3,Бакалавр,design,3,Личный кабинет оператора заправки,ZAPADTOP-LK,1,АО «ЗападТопливо»,топливная розница,7,f
1382,536,9,4,2026-03-20 22:00:00,2026-03-23 22:00:00,2026-03-28 02:00:00,2026-03-23 22:00:00,172.0,3.0,1,100.0,development,3,4,24.0,6,release,5,Бакалавр,qa,3,Личный кабинет оператора заправки,ZAPADTOP-LK,1,АО «ЗападТопливо»,топливная розница,7,f
1383,536,6,3,2026-03-28 04:00:00,2026-03-30 04:00:00,2026-03-31 21:00:00,2026-03-30 04:00:00,89.0,2.0,1,41.0,development,3,4,24.0,6,release,3,Бакалавр,design,3,Личный кабинет оператора заправки,ZAPADTOP-LK,1,АО «ЗападТопливо»,топливная розница,7,f
1384,536,9,4,2026-03-31 23:00:00,,2026-04-06 23:00:00,2026-04-03 23:00:00,144.0,3.0,1,72.0,development,3,4,24.0,6,release,5,Бакалавр,qa,3,Личный кабинет оператора заправки,ZAPADTOP-LK,1,АО «ЗападТопливо»,топливная розница,7,f
1385,536,6,3,2026-04-07 01:00:00,2026-04-09 01:00:00,2026-04-07 23:00:00,2026-04-09 01:00:00,22.0,2.0,0,0.0,development,3,4,24.0,6,release,3,Бакалавр,design,3,Личный кабинет оператора заправки,ZAPADTOP-LK,1,АО «ЗападТопливо»,топливная розница,7,f
1386,536,9,4,2026-04-08 03:00:00,,2026-04-16 13:00:00,2026-04-13 03:00:00,202.0,5.0,1,82.0,development,3,4,24.0,6,release,5,Бакалавр,qa,3,Личный кабинет оператора заправки,ZAPADTOP-LK,1,АО «ЗападТопливо»,топливная розница,7,f
1387,536,10,9,2026-04-16 19:00:00,2026-04-17 19:00:00,2026-04-18 16:00:00,2026-04-17 19:00:00,45.0,1.0,1,21.0,development,3,4,24.0,6,release,6,Бакалавр,release_manager,3,Личный кабинет оператора заправки,ZAPADTOP-LK,1,АО «ЗападТопливо»,топливная розница,7,f
1388,538,11,2,2026-01-07 17:00:00,2026-01-12 17:00:00,2026-01-10 09:00:00,2026-01-12 17:00:00,64.0,5.0,0,0.0,development,3,13,65.0,3,release,0,Средне-специальное,backend,2,Модуль интеграции с датчиками уровня на АЗС,ZAPADTOP-IOT,1,АО «ЗападТопливо»,топливная розница,9,f
1389,538,4,4,2026-01-10 12:00:00,,2026-01-19 04:00:00,2026-01-14 12:00:00,208.0,4.0,1,112.0,development,3,13,65.0,3,release,4,Бакалавр,qa,2,Модуль интеграции с датчиками уровня на АЗС,ZAPADTOP-IOT,1,АО «ЗападТопливо»,топливная розница,9,f
1390,538,11,2,2026-01-19 08:00:00,2026-01-24 08:00:00,2026-01-29 23:00:00,2026-01-24 08:00:00,255.0,5.0,1,135.0,development,3,13,65.0,3,release,0,Средне-специальное,backend,2,Модуль интеграции с датчиками уровня на АЗС,ZAPADTOP-IOT,1,АО «ЗападТопливо»,топливная розница,9,f
1391,538,4,4,2026-01-30 03:00:00,,2026-02-07 08:00:00,2026-02-04 03:00:00,197.0,5.0,1,77.0,development,3,13,65.0,3,release,4,Бакалавр,qa,2,Модуль интеграции с датчиками уровня на АЗС,ZAPADTOP-IOT,1,АО «ЗападТопливо»,топливная розница,9,f
1392,538,11,2,2026-02-07 15:00:00,2026-02-10 15:00:00,2026-02-13 14:00:00,2026-02-10 15:00:00,143.0,3.0,1,71.0,development,3,13,65.0,3,release,0,Средне-специальное,backend,2,Модуль интеграции с датчиками уровня на АЗС,ZAPADTOP-IOT,1,АО «ЗападТопливо»,топливная розница,9,f
1393,538,4,4,2026-02-13 16:00:00,,2026-02-18 20:00:00,2026-02-18 16:00:00,124.0,5.0,1,4.0,development,3,13,65.0,3,release,4,Бакалавр,qa,2,Модуль интеграции с датчиками уровня на АЗС,ZAPADTOP-IOT,1,АО «ЗападТопливо»,топливная розница,9,f
1394,538,11,2,2026-02-19 02:00:00,2026-02-21 02:00:00,2026-02-23 08:00:00,2026-02-21 02:00:00,102.0,2.0,1,54.0,development,3,13,65.0,3,release,0,Средне-специальное,backend,2,Модуль интеграции с датчиками уровня на АЗС,ZAPADTOP-IOT,1,АО «ЗападТопливо»,топливная розница,9,f
1395,538,4,4,2026-02-23 11:00:00,2026-02-24 11:00:00,2026-02-28 00:00:00,2026-02-24 11:00:00,109.0,1.0,1,85.0,development,3,13,65.0,3,release,4,Бакалавр,qa,2,Модуль интеграции с датчиками уровня на АЗС,ZAPADTOP-IOT,1,АО «ЗападТопливо»,топливная розница,9,f
1396,538,14,9,2026-02-28 06:00:00,2026-03-02 06:00:00,2026-02-28 21:00:00,2026-03-02 06:00:00,15.0,2.0,0,0.0,development,3,13,65.0,3,release,5,Бакалавр,release_manager,2,Модуль интеграции с датчиками уровня на АЗС,ZAPADTOP-IOT,1,АО «ЗападТопливо»,топливная розница,9,f
1397,539,6,3,2026-03-09 16:00:00,2026-03-12 16:00:00,2026-03-12 05:00:00,2026-03-12 16:00:00,61.0,3.0,0,0.0,development,2,13,39.0,2,release,3,Бакалавр,design,1,ПО учёта остатков топлива на АЗС и электростанциях,ZAPADTOP-FUEL,1,АО «ЗападТопливо»,топливная розница,3,f
1398,539,15,4,2026-03-13 10:00:00,,2026-03-23 07:00:00,2026-03-18 10:00:00,237.0,5.0,1,117.0,development,2,13,39.0,2,release,2,Средне-специальное,qa,1,ПО учёта остатков топлива на АЗС и электростанциях,ZAPADTOP-FUEL,1,АО «ЗападТопливо»,топливная розница,3,f
1399,539,14,9,2026-03-23 09:00:00,2026-03-25 09:00:00,2026-03-28 16:00:00,2026-03-25 09:00:00,127.0,2.0,1,79.0,development,2,13,39.0,2,release,5,Бакалавр,release_manager,1,ПО учёта остатков топлива на АЗС и электростанциях,ZAPADTOP-FUEL,1,АО «ЗападТопливо»,топливная розница,3,f
1401,543,6,3,2026-03-09 07:00:00,2026-03-12 07:00:00,2026-03-13 20:00:00,2026-03-12 07:00:00,109.0,3.0,1,37.0,development,3,1,4.0,26,release,3,Бакалавр,design,11,Аналитика и отчёты для руководства,NEFTEHIM-BI,3,ООО «НефтехимСервис»,нефтехимия,3,f
1402,543,9,4,2026-03-13 23:00:00,,2026-03-16 15:00:00,2026-03-18 23:00:00,64.0,5.0,0,0.0,development,3,1,4.0,26,release,5,Бакалавр,qa,11,Аналитика и отчёты для руководства,NEFTEHIM-BI,3,ООО «НефтехимСервис»,нефтехимия,3,f
1403,543,10,9,2026-03-16 17:00:00,2026-03-17 17:00:00,2026-03-17 09:00:00,2026-03-17 17:00:00,16.0,1.0,0,0.0,development,3,1,4.0,26,release,6,Бакалавр,release_manager,11,Аналитика и отчёты для руководства,NEFTEHIM-BI,3,ООО «НефтехимСервис»,нефтехимия,3,f
1404,544,6,3,2026-03-05 01:00:00,2026-03-13 01:00:00,2026-03-08 14:00:00,2026-03-13 01:00:00,85.0,8.0,0,0.0,development,2,1,5.0,6,release,3,Бакалавр,design,3,Личный кабинет оператора заправки,ZAPADTOP-LK,1,АО «ЗападТопливо»,топливная розница,3,f
1405,544,4,4,2026-03-08 18:00:00,2026-03-11 18:00:00,2026-03-11 12:00:00,2026-03-11 18:00:00,66.0,3.0,0,0.0,development,2,1,5.0,6,release,4,Бакалавр,qa,3,Личный кабинет оператора заправки,ZAPADTOP-LK,1,АО «ЗападТопливо»,топливная розница,3,f
1406,544,14,9,2026-03-11 14:00:00,2026-03-12 14:00:00,2026-03-12 07:00:00,2026-03-12 14:00:00,17.0,1.0,0,0.0,development,2,1,5.0,6,release,5,Бакалавр,release_manager,3,Личный кабинет оператора заправки,ZAPADTOP-LK,1,АО «ЗападТопливо»,топливная розница,3,f
1407,545,3,7,2026-03-08 18:00:00,2026-03-18 18:00:00,2026-03-13 20:00:00,2026-03-18 18:00:00,122.0,10.0,0,0.0,development,2,9,27.0,6,being_tested,6,Бакалавр,fullstack,3,Личный кабинет оператора заправки,ZAPADTOP-LK,1,АО «ЗападТопливо»,топливная розница,2,f
1410,547,8,1,2026-05-02 13:00:00,2026-05-05 13:00:00,2026-05-07 16:00:00,2026-05-05 13:00:00,123.0,3.0,1,51.0,incident,1,8,48.0,13,release,1,Средне-специальное,frontend,6,Система мониторинга резервных топливных складов,REGENERGO-SKLAD,2,ПАО «РегионЭнерго»,энергетика,3,f
1411,547,15,4,2026-05-07 17:00:00,2026-05-08 17:00:00,2026-05-08 10:00:00,2026-05-08 17:00:00,17.0,1.0,0,0.0,incident,1,8,48.0,13,release,2,Средне-специальное,qa,6,Система мониторинга резервных топливных складов,REGENERGO-SKLAD,2,ПАО «РегионЭнерго»,энергетика,3,f
1412,547,14,9,2026-05-08 14:00:00,2026-05-09 14:00:00,2026-05-12 14:00:00,2026-05-09 14:00:00,96.0,1.0,1,72.0,incident,1,8,48.0,13,release,5,Бакалавр,release_manager,6,Система мониторинга резервных топливных складов,REGENERGO-SKLAD,2,ПАО «РегионЭнерго»,энергетика,3,f
1413,548,13,7,2026-01-02 14:00:00,2026-01-03 14:00:00,2026-01-05 22:00:00,2026-01-03 14:00:00,80.0,1.0,1,56.0,incident,1,3,9.0,23,release,3,Средне-специальное,fullstack,10,Сверка остатков при приёмке на нефтебазе,NEFTEHIM-RCV,3,ООО «НефтехимСервис»,нефтехимия,3,f
1414,548,9,4,2026-01-06 02:00:00,,2026-01-14 18:00:00,2026-01-09 02:00:00,208.0,3.0,1,136.0,incident,1,3,9.0,23,release,5,Бакалавр,qa,10,Сверка остатков при приёмке на нефтебазе,NEFTEHIM-RCV,3,ООО «НефтехимСервис»,нефтехимия,3,f
1415,548,10,9,2026-01-14 21:00:00,2026-01-15 21:00:00,2026-01-15 16:00:00,2026-01-15 21:00:00,19.0,1.0,0,0.0,incident,1,3,9.0,23,release,6,Бакалавр,release_manager,10,Сверка остатков при приёмке на нефтебазе,NEFTEHIM-RCV,3,ООО «НефтехимСервис»,нефтехимия,3,f
1416,549,6,3,2026-01-02 14:00:00,2026-01-10 14:00:00,2026-01-06 01:00:00,2026-01-10 14:00:00,83.0,8.0,0,0.0,development,2,4,12.0,23,being_tested,3,Бакалавр,design,10,Сверка остатков при приёмке на нефтебазе,NEFTEHIM-RCV,3,ООО «НефтехимСервис»,нефтехимия,2,f
1418,550,1,2,2026-01-04 13:00:00,2026-01-13 13:00:00,2026-01-18 12:00:00,2026-01-13 13:00:00,335.0,9.0,1,119.0,development,2,8,48.0,5,release,8,Специалист,backend,3,Личный кабинет оператора заправки,ZAPADTOP-LK,1,АО «ЗападТопливо»,топливная розница,3,f
1419,550,15,4,2026-01-18 15:00:00,,2026-01-25 16:00:00,2026-01-21 15:00:00,169.0,3.0,1,97.0,development,2,8,48.0,5,release,2,Средне-специальное,qa,3,Личный кабинет оператора заправки,ZAPADTOP-LK,1,АО «ЗападТопливо»,топливная розница,3,f
1420,550,10,9,2026-01-25 21:00:00,2026-01-27 21:00:00,2026-01-26 21:00:00,2026-01-27 21:00:00,24.0,2.0,0,0.0,development,2,8,48.0,5,release,6,Бакалавр,release_manager,3,Личный кабинет оператора заправки,ZAPADTOP-LK,1,АО «ЗападТопливо»,топливная розница,3,f
1421,551,5,2,2026-03-14 10:00:00,2026-03-16 10:00:00,2026-03-15 14:00:00,2026-03-16 10:00:00,28.0,2.0,0,0.0,incident,2,12,60.0,15,being_tested,2,Средне-специальное,backend,7,Интеграция с SCADA энергообъектов,REGENERGO-SCADA,2,ПАО «РегионЭнерго»,энергетика,2,f
1423,553,6,3,2026-04-28 12:00:00,2026-04-29 12:00:00,2026-04-30 08:00:00,2026-04-29 12:00:00,44.0,1.0,1,20.0,incident,1,12,60.0,9,release,3,Бакалавр,design,4,Отчётность по остаткам для Ростехнадзора,ZAPADTOP-RTN,1,АО «ЗападТопливо»,топливная розница,7,f
1424,553,15,4,2026-04-30 10:00:00,2026-05-03 10:00:00,2026-05-07 22:00:00,2026-05-03 10:00:00,180.0,3.0,1,108.0,incident,1,12,60.0,9,release,2,Средне-специальное,qa,4,Отчётность по остаткам для Ростехнадзора,ZAPADTOP-RTN,1,АО «ЗападТопливо»,топливная розница,7,f
1425,553,6,3,2026-05-08 05:00:00,2026-05-12 05:00:00,2026-05-13 11:00:00,2026-05-12 05:00:00,126.0,4.0,1,30.0,incident,1,12,60.0,9,release,3,Бакалавр,design,4,Отчётность по остаткам для Ростехнадзора,ZAPADTOP-RTN,1,АО «ЗападТопливо»,топливная розница,7,f
1426,553,15,4,2026-05-13 14:00:00,,2026-05-23 10:00:00,2026-05-18 14:00:00,236.0,5.0,1,116.0,incident,1,12,60.0,9,release,2,Средне-специальное,qa,4,Отчётность по остаткам для Ростехнадзора,ZAPADTOP-RTN,1,АО «ЗападТопливо»,топливная розница,7,f
1427,553,6,3,2026-05-23 13:00:00,2026-05-27 13:00:00,2026-05-30 04:00:00,2026-05-27 13:00:00,159.0,4.0,1,63.0,incident,1,12,60.0,9,release,3,Бакалавр,design,4,Отчётность по остаткам для Ростехнадзора,ZAPADTOP-RTN,1,АО «ЗападТопливо»,топливная розница,7,f
1428,553,15,4,2026-05-30 05:00:00,2026-06-01 05:00:00,2026-06-04 12:00:00,2026-06-01 05:00:00,127.0,2.0,1,79.0,incident,1,12,60.0,9,release,2,Средне-специальное,qa,4,Отчётность по остаткам для Ростехнадзора,ZAPADTOP-RTN,1,АО «ЗападТопливо»,топливная розница,7,f
1429,553,10,9,2026-06-04 14:00:00,2026-06-05 14:00:00,2026-06-05 12:00:00,2026-06-05 14:00:00,22.0,1.0,0,0.0,incident,1,12,60.0,9,release,6,Бакалавр,release_manager,4,Отчётность по остаткам для Ростехнадзора,ZAPADTOP-RTN,1,АО «ЗападТопливо»,топливная розница,7,f
1431,555,2,1,2026-01-06 17:00:00,2026-01-10 17:00:00,2026-01-08 03:00:00,2026-01-10 17:00:00,34.0,4.0,0,0.0,development,2,13,78.0,11,release,5,Бакалавр,frontend,6,Система мониторинга резервных топливных складов,REGENERGO-SKLAD,2,ПАО «РегионЭнерго»,энергетика,3,f
1432,555,15,4,2026-01-08 05:00:00,2026-01-10 05:00:00,2026-01-12 15:00:00,2026-01-10 05:00:00,106.0,2.0,1,58.0,development,2,13,78.0,11,release,2,Средне-специальное,qa,6,Система мониторинга резервных топливных складов,REGENERGO-SKLAD,2,ПАО «РегионЭнерго»,энергетика,3,f
1433,555,14,9,2026-01-12 16:00:00,2026-01-14 16:00:00,2026-01-13 12:00:00,2026-01-14 16:00:00,20.0,2.0,0,0.0,development,2,13,78.0,11,release,5,Бакалавр,release_manager,6,Система мониторинга резервных топливных складов,REGENERGO-SKLAD,2,ПАО «РегионЭнерго»,энергетика,3,f
1434,557,3,7,2026-01-09 21:00:00,2026-01-14 21:00:00,2026-01-19 23:00:00,2026-01-14 21:00:00,242.0,5.0,1,122.0,development,1,2,10.0,25,being_tested,6,Бакалавр,fullstack,11,Аналитика и отчёты для руководства,NEFTEHIM-BI,3,ООО «НефтехимСервис»,нефтехимия,2,f
1436,559,2,1,2026-01-09 07:00:00,2026-01-19 07:00:00,2026-01-21 18:00:00,2026-01-19 07:00:00,299.0,10.0,1,59.0,development,1,10,60.0,1,release,5,Бакалавр,frontend,1,ПО учёта остатков топлива на АЗС и электростанциях,ZAPADTOP-FUEL,1,АО «ЗападТопливо»,топливная розница,3,f
1437,559,4,4,2026-01-21 22:00:00,,2026-01-31 00:00:00,2026-01-26 22:00:00,218.0,5.0,1,98.0,development,1,10,60.0,1,release,4,Бакалавр,qa,1,ПО учёта остатков топлива на АЗС и электростанциях,ZAPADTOP-FUEL,1,АО «ЗападТопливо»,топливная розница,3,f
1438,559,14,9,2026-01-31 01:00:00,2026-02-02 01:00:00,2026-02-04 23:00:00,2026-02-02 01:00:00,118.0,2.0,1,70.0,development,1,10,60.0,1,release,5,Бакалавр,release_manager,1,ПО учёта остатков топлива на АЗС и электростанциях,ZAPADTOP-FUEL,1,АО «ЗападТопливо»,топливная розница,3,f
1439,560,5,2,2026-03-09 22:00:00,2026-03-18 22:00:00,2026-03-12 22:00:00,2026-03-18 22:00:00,72.0,9.0,0,0.0,development,1,2,10.0,24,release,2,Средне-специальное,backend,10,Сверка остатков при приёмке на нефтебазе,NEFTEHIM-RCV,3,ООО «НефтехимСервис»,нефтехимия,3,f
1440,560,9,4,2026-03-13 00:00:00,2026-03-14 00:00:00,2026-03-17 05:00:00,2026-03-14 00:00:00,101.0,1.0,1,77.0,development,1,2,10.0,24,release,5,Бакалавр,qa,10,Сверка остатков при приёмке на нефтебазе,NEFTEHIM-RCV,3,ООО «НефтехимСервис»,нефтехимия,3,f
1441,560,10,9,2026-03-17 09:00:00,2026-03-19 09:00:00,2026-03-20 15:00:00,2026-03-19 09:00:00,78.0,2.0,1,30.0,development,1,2,10.0,24,release,6,Бакалавр,release_manager,10,Сверка остатков при приёмке на нефтебазе,NEFTEHIM-RCV,3,ООО «НефтехимСервис»,нефтехимия,3,f
1443,563,11,2,2026-03-11 21:00:00,2026-03-15 21:00:00,2026-03-15 16:00:00,2026-03-15 21:00:00,91.0,4.0,0,0.0,development,2,5,20.0,6,release,0,Средне-специальное,backend,3,Личный кабинет оператора заправки,ZAPADTOP-LK,1,АО «ЗападТопливо»,топливная розница,3,f
1444,563,15,4,2026-03-15 19:00:00,,2026-03-18 06:00:00,2026-03-18 19:00:00,59.0,3.0,0,0.0,development,2,5,20.0,6,release,2,Средне-специальное,qa,3,Личный кабинет оператора заправки,ZAPADTOP-LK,1,АО «ЗападТопливо»,топливная розница,3,f
1445,563,14,9,2026-03-18 11:00:00,2026-03-19 11:00:00,2026-03-18 23:00:00,2026-03-19 11:00:00,12.0,1.0,0,0.0,development,2,5,20.0,6,release,5,Бакалавр,release_manager,3,Личный кабинет оператора заправки,ZAPADTOP-LK,1,АО «ЗападТопливо»,топливная розница,3,f
1446,564,1,2,2026-03-16 09:00:00,2026-03-19 09:00:00,2026-03-21 08:00:00,2026-03-19 09:00:00,119.0,3.0,1,47.0,development,3,5,20.0,8,release,8,Специалист,backend,4,Отчётность по остаткам для Ростехнадзора,ZAPADTOP-RTN,1,АО «ЗападТопливо»,топливная розница,3,f
1447,564,4,4,2026-03-21 12:00:00,2026-03-23 12:00:00,2026-03-22 17:00:00,2026-03-23 12:00:00,29.0,2.0,0,0.0,development,3,5,20.0,8,release,4,Бакалавр,qa,4,Отчётность по остаткам для Ростехнадзора,ZAPADTOP-RTN,1,АО «ЗападТопливо»,топливная розница,3,f
1448,564,14,9,2026-03-22 21:00:00,2026-03-23 21:00:00,2026-03-27 20:00:00,2026-03-23 21:00:00,119.0,1.0,1,95.0,development,3,5,20.0,8,release,5,Бакалавр,release_manager,4,Отчётность по остаткам для Ростехнадзора,ZAPADTOP-RTN,1,АО «ЗападТопливо»,топливная розница,3,f
1449,566,6,3,2026-03-09 12:00:00,2026-03-18 12:00:00,2026-03-23 17:00:00,2026-03-18 12:00:00,341.0,9.0,1,125.0,development,3,2,6.0,2,being_tested,3,Бакалавр,design,1,ПО учёта остатков топлива на АЗС и электростанциях,ZAPADTOP-FUEL,1,АО «ЗападТопливо»,топливная розница,2,f
1452,568,15,4,2026-05-06 16:00:00,2026-05-07 16:00:00,2026-05-07 10:00:00,2026-05-07 16:00:00,18.0,1.0,0,0.0,incident,3,2,8.0,22,release,2,Средне-специальное,qa,9,Логистика перевозок нефтепродуктов,NEFTEHIM-LOG,3,ООО «НефтехимСервис»,нефтехимия,7,f
1453,568,13,7,2026-05-07 17:00:00,2026-05-11 17:00:00,2026-05-11 22:00:00,2026-05-11 17:00:00,101.0,4.0,1,5.0,incident,3,2,8.0,22,release,3,Средне-специальное,fullstack,9,Логистика перевозок нефтепродуктов,NEFTEHIM-LOG,3,ООО «НефтехимСервис»,нефтехимия,7,f
1454,568,15,4,2026-05-12 00:00:00,,2026-05-18 00:00:00,2026-05-15 00:00:00,144.0,3.0,1,72.0,incident,3,2,8.0,22,release,2,Средне-специальное,qa,9,Логистика перевозок нефтепродуктов,NEFTEHIM-LOG,3,ООО «НефтехимСервис»,нефтехимия,7,f
1455,568,13,7,2026-05-18 06:00:00,2026-05-20 06:00:00,2026-05-23 14:00:00,2026-05-20 06:00:00,128.0,2.0,1,80.0,incident,3,2,8.0,22,release,3,Средне-специальное,fullstack,9,Логистика перевозок нефтепродуктов,NEFTEHIM-LOG,3,ООО «НефтехимСервис»,нефтехимия,7,f
1456,568,15,4,2026-05-23 17:00:00,2026-05-26 17:00:00,2026-05-30 03:00:00,2026-05-26 17:00:00,154.0,3.0,1,82.0,incident,3,2,8.0,22,release,2,Средне-специальное,qa,9,Логистика перевозок нефтепродуктов,NEFTEHIM-LOG,3,ООО «НефтехимСервис»,нефтехимия,7,f
1457,568,10,9,2026-05-30 08:00:00,2026-06-01 08:00:00,2026-06-05 15:00:00,2026-06-01 08:00:00,151.0,2.0,1,103.0,incident,3,2,8.0,22,release,6,Бакалавр,release_manager,9,Логистика перевозок нефтепродуктов,NEFTEHIM-LOG,3,ООО «НефтехимСервис»,нефтехимия,7,f
1458,569,5,2,2026-01-04 08:00:00,2026-01-10 08:00:00,2026-01-09 01:00:00,2026-01-10 08:00:00,113.0,6.0,0,0.0,development,2,6,36.0,14,release,2,Средне-специальное,backend,7,Интеграция с SCADA энергообъектов,REGENERGO-SCADA,2,ПАО «РегионЭнерго»,энергетика,3,f
1459,569,15,4,2026-01-09 05:00:00,,2026-01-19 16:00:00,2026-01-14 05:00:00,251.0,5.0,1,131.0,development,2,6,36.0,14,release,2,Средне-специальное,qa,7,Интеграция с SCADA энергообъектов,REGENERGO-SCADA,2,ПАО «РегионЭнерго»,энергетика,3,f
1460,569,10,9,2026-01-19 21:00:00,2026-01-20 21:00:00,2026-01-20 17:00:00,2026-01-20 21:00:00,20.0,1.0,0,0.0,development,2,6,36.0,14,release,6,Бакалавр,release_manager,7,Интеграция с SCADA энергообъектов,REGENERGO-SCADA,2,ПАО «РегионЭнерго»,энергетика,3,f
1461,570,1,2,2026-05-03 12:00:00,2026-05-11 12:00:00,2026-05-13 10:00:00,2026-05-11 12:00:00,238.0,8.0,1,46.0,development,2,4,16.0,16,release,8,Специалист,backend,7,Интеграция с SCADA энергообъектов,REGENERGO-SCADA,2,ПАО «РегионЭнерго»,энергетика,5,f
1462,570,15,4,2026-05-13 11:00:00,,2026-05-21 17:00:00,2026-05-18 11:00:00,198.0,5.0,1,78.0,development,2,4,16.0,16,release,2,Средне-специальное,qa,7,Интеграция с SCADA энергообъектов,REGENERGO-SCADA,2,ПАО «РегионЭнерго»,энергетика,5,f
1463,570,1,2,2026-05-21 21:00:00,2026-05-23 21:00:00,2026-05-23 17:00:00,2026-05-23 21:00:00,44.0,2.0,0,0.0,development,2,4,16.0,16,release,8,Специалист,backend,7,Интеграция с SCADA энергообъектов,REGENERGO-SCADA,2,ПАО «РегионЭнерго»,энергетика,5,f
1464,570,15,4,2026-05-23 20:00:00,2026-05-26 20:00:00,2026-05-25 06:00:00,2026-05-26 20:00:00,34.0,3.0,0,0.0,development,2,4,16.0,16,release,2,Средне-специальное,qa,7,Интеграция с SCADA энергообъектов,REGENERGO-SCADA,2,ПАО «РегионЭнерго»,энергетика,5,f
1465,570,10,9,2026-05-25 08:00:00,2026-05-27 08:00:00,2026-05-27 01:00:00,2026-05-27 08:00:00,41.0,2.0,0,0.0,development,2,4,16.0,16,release,6,Бакалавр,release_manager,7,Интеграция с SCADA энергообъектов,REGENERGO-SCADA,2,ПАО «РегионЭнерго»,энергетика,5,f
1466,571,1,2,2026-01-07 10:00:00,2026-01-10 10:00:00,2026-01-10 18:00:00,2026-01-10 10:00:00,80.0,3.0,1,8.0,incident,2,8,24.0,20,being_tested,8,Специалист,backend,9,Логистика перевозок нефтепродуктов,NEFTEHIM-LOG,3,ООО «НефтехимСервис»,нефтехимия,2,f
1468,572,2,1,2026-03-08 04:00:00,2026-03-11 04:00:00,2026-03-10 20:00:00,2026-03-11 04:00:00,64.0,3.0,0,0.0,development,1,8,40.0,12,release,5,Бакалавр,frontend,6,Система мониторинга резервных топливных складов,REGENERGO-SKLAD,2,ПАО «РегионЭнерго»,энергетика,3,f
1469,572,4,4,2026-03-11 00:00:00,,2026-03-20 08:00:00,2026-03-16 00:00:00,224.0,5.0,1,104.0,development,1,8,40.0,12,release,4,Бакалавр,qa,6,Система мониторинга резервных топливных складов,REGENERGO-SKLAD,2,ПАО «РегионЭнерго»,энергетика,3,f
1470,572,10,9,2026-03-20 13:00:00,2026-03-21 13:00:00,2026-03-20 23:00:00,2026-03-21 13:00:00,10.0,1.0,0,0.0,development,1,8,40.0,12,release,6,Бакалавр,release_manager,6,Система мониторинга резервных топливных складов,REGENERGO-SKLAD,2,ПАО «РегионЭнерго»,энергетика,3,f
1471,573,5,2,2026-03-11 00:00:00,2026-03-13 00:00:00,2026-03-18 16:00:00,2026-03-13 00:00:00,184.0,2.0,1,136.0,incident,3,10,40.0,6,release,2,Средне-специальное,backend,3,Личный кабинет оператора заправки,ZAPADTOP-LK,1,АО «ЗападТопливо»,топливная розница,3,f
1472,573,9,4,2026-03-18 17:00:00,,2026-03-28 22:00:00,2026-03-23 17:00:00,245.0,5.0,1,125.0,incident,3,10,40.0,6,release,5,Бакалавр,qa,3,Личный кабинет оператора заправки,ZAPADTOP-LK,1,АО «ЗападТопливо»,топливная розница,3,f
1473,573,14,9,2026-03-29 03:00:00,2026-03-30 03:00:00,2026-04-01 21:00:00,2026-03-30 03:00:00,90.0,1.0,1,66.0,incident,3,10,40.0,6,release,5,Бакалавр,release_manager,3,Личный кабинет оператора заправки,ZAPADTOP-LK,1,АО «ЗападТопливо»,топливная розница,3,f
1474,574,13,7,2026-03-13 00:00:00,2026-03-23 00:00:00,2026-03-21 10:00:00,2026-03-23 00:00:00,202.0,10.0,0,0.0,development,4,4,20.0,21,release,3,Средне-специальное,fullstack,9,Логистика перевозок нефтепродуктов,NEFTEHIM-LOG,3,ООО «НефтехимСервис»,нефтехимия,3,t
1475,574,9,4,2026-03-21 13:00:00,2026-03-24 13:00:00,2026-03-23 09:00:00,2026-03-24 13:00:00,44.0,3.0,0,0.0,development,4,4,20.0,21,release,5,Бакалавр,qa,9,Логистика перевозок нефтепродуктов,NEFTEHIM-LOG,3,ООО «НефтехимСервис»,нефтехимия,3,t
1476,574,10,9,2026-03-23 15:00:00,2026-03-25 15:00:00,2026-03-24 21:00:00,2026-03-25 15:00:00,30.0,2.0,0,0.0,development,4,4,20.0,21,release,6,Бакалавр,release_manager,9,Логистика перевозок нефтепродуктов,NEFTEHIM-LOG,3,ООО «НефтехимСервис»,нефтехимия,3,t
1477,576,6,3,2026-03-07 01:00:00,2026-03-11 01:00:00,2026-03-08 09:00:00,2026-03-11 01:00:00,32.0,4.0,0,0.0,development,2,6,24.0,18,release,3,Бакалавр,design,8,Портал заявок на доработку от эксплуатации,REGENERGO-REQ,2,ПАО «РегионЭнерго»,энергетика,3,f
1478,576,9,4,2026-03-08 12:00:00,,2026-03-09 12:00:00,2026-03-11 12:00:00,24.0,3.0,0,0.0,development,2,6,24.0,18,release,5,Бакалавр,qa,8,Портал заявок на доработку от эксплуатации,REGENERGO-REQ,2,ПАО «РегионЭнерго»,энергетика,3,f
1479,576,10,9,2026-03-09 17:00:00,2026-03-11 17:00:00,2026-03-11 01:00:00,2026-03-11 17:00:00,32.0,2.0,0,0.0,development,2,6,24.0,18,release,6,Бакалавр,release_manager,8,Портал заявок на доработку от эксплуатации,REGENERGO-REQ,2,ПАО «РегионЭнерго»,энергетика,3,f
1480,577,13,7,2026-03-13 12:00:00,2026-03-21 12:00:00,2026-03-24 10:00:00,2026-03-21 12:00:00,262.0,8.0,1,70.0,development,1,10,60.0,6,release,3,Средне-специальное,fullstack,3,Личный кабинет оператора заправки,ZAPADTOP-LK,1,АО «ЗападТопливо»,топливная розница,9,f
1481,577,4,4,2026-03-24 12:00:00,,2026-03-26 19:00:00,2026-03-27 12:00:00,55.0,3.0,0,0.0,development,1,10,60.0,6,release,4,Бакалавр,qa,3,Личный кабинет оператора заправки,ZAPADTOP-LK,1,АО «ЗападТопливо»,топливная розница,9,f
1482,577,13,7,2026-03-26 21:00:00,2026-03-31 21:00:00,2026-04-03 00:00:00,2026-03-31 21:00:00,171.0,5.0,1,51.0,development,1,10,60.0,6,release,3,Средне-специальное,fullstack,3,Личный кабинет оператора заправки,ZAPADTOP-LK,1,АО «ЗападТопливо»,топливная розница,9,f
1483,577,4,4,2026-04-03 03:00:00,2026-04-04 03:00:00,2026-04-09 21:00:00,2026-04-04 03:00:00,162.0,1.0,1,138.0,development,1,10,60.0,6,release,4,Бакалавр,qa,3,Личный кабинет оператора заправки,ZAPADTOP-LK,1,АО «ЗападТопливо»,топливная розница,9,f
1484,577,13,7,2026-04-10 00:00:00,2026-04-12 00:00:00,2026-04-16 23:00:00,2026-04-12 00:00:00,167.0,2.0,1,119.0,development,1,10,60.0,6,release,3,Средне-специальное,fullstack,3,Личный кабинет оператора заправки,ZAPADTOP-LK,1,АО «ЗападТопливо»,топливная розница,9,f
1485,577,4,4,2026-04-17 03:00:00,2026-04-19 03:00:00,2026-04-23 14:00:00,2026-04-19 03:00:00,155.0,2.0,1,107.0,development,1,10,60.0,6,release,4,Бакалавр,qa,3,Личный кабинет оператора заправки,ZAPADTOP-LK,1,АО «ЗападТопливо»,топливная розница,9,f
1486,577,13,7,2026-04-23 22:00:00,2026-04-26 22:00:00,2026-04-25 17:00:00,2026-04-26 22:00:00,43.0,3.0,0,0.0,development,1,10,60.0,6,release,3,Средне-специальное,fullstack,3,Личный кабинет оператора заправки,ZAPADTOP-LK,1,АО «ЗападТопливо»,топливная розница,9,f
1487,577,4,4,2026-04-25 20:00:00,2026-04-28 20:00:00,2026-04-30 21:00:00,2026-04-28 20:00:00,121.0,3.0,1,49.0,development,1,10,60.0,6,release,4,Бакалавр,qa,3,Личный кабинет оператора заправки,ZAPADTOP-LK,1,АО «ЗападТопливо»,топливная розница,9,f
1488,577,10,9,2026-05-01 03:00:00,2026-05-03 03:00:00,2026-05-02 18:00:00,2026-05-03 03:00:00,39.0,2.0,0,0.0,development,1,10,60.0,6,release,6,Бакалавр,release_manager,3,Личный кабинет оператора заправки,ZAPADTOP-LK,1,АО «ЗападТопливо»,топливная розница,9,f
1489,578,2,1,2026-03-12 05:00:00,2026-03-16 05:00:00,2026-03-13 10:00:00,2026-03-16 05:00:00,29.0,4.0,0,0.0,development,5,9,27.0,28,release,5,Бакалавр,frontend,12,Мобильное приложение для инспекторов АЗС,NEFTEHIM-MOB,3,ООО «НефтехимСервис»,нефтехимия,3,t
1490,578,4,4,2026-03-13 13:00:00,,2026-03-15 21:00:00,2026-03-18 13:00:00,56.0,5.0,0,0.0,development,5,9,27.0,28,release,4,Бакалавр,qa,12,Мобильное приложение для инспекторов АЗС,NEFTEHIM-MOB,3,ООО «НефтехимСервис»,нефтехимия,3,t
1491,578,14,9,2026-03-15 23:00:00,2026-03-16 23:00:00,2026-03-16 13:00:00,2026-03-16 23:00:00,14.0,1.0,0,0.0,development,5,9,27.0,28,release,5,Бакалавр,release_manager,12,Мобильное приложение для инспекторов АЗС,NEFTEHIM-MOB,3,ООО «НефтехимСервис»,нефтехимия,3,t
1492,579,2,1,2026-03-12 18:00:00,2026-03-20 18:00:00,2026-03-23 15:00:00,2026-03-20 18:00:00,261.0,8.0,1,69.0,development,1,13,39.0,15,being_tested,5,Бакалавр,frontend,7,Интеграция с SCADA энергообъектов,REGENERGO-SCADA,2,ПАО «РегионЭнерго»,энергетика,2,f
1494,580,13,7,2026-01-02 04:00:00,2026-01-06 04:00:00,2026-01-08 10:00:00,2026-01-06 04:00:00,150.0,4.0,1,54.0,development,5,10,30.0,23,release,3,Средне-специальное,fullstack,10,Сверка остатков при приёмке на нефтебазе,NEFTEHIM-RCV,3,ООО «НефтехимСервис»,нефтехимия,5,t
1495,580,9,4,2026-01-08 12:00:00,,2026-01-12 17:00:00,2026-01-13 12:00:00,101.0,5.0,0,0.0,development,5,10,30.0,23,release,5,Бакалавр,qa,10,Сверка остатков при приёмке на нефтебазе,NEFTEHIM-RCV,3,ООО «НефтехимСервис»,нефтехимия,5,t
1496,580,13,7,2026-01-12 19:00:00,2026-01-14 19:00:00,2026-01-20 07:00:00,2026-01-14 19:00:00,180.0,2.0,1,132.0,development,5,10,30.0,23,release,3,Средне-специальное,fullstack,10,Сверка остатков при приёмке на нефтебазе,NEFTEHIM-RCV,3,ООО «НефтехимСервис»,нефтехимия,5,t
1497,580,9,4,2026-01-20 10:00:00,,2026-01-25 02:00:00,2026-01-23 10:00:00,112.0,3.0,1,40.0,development,5,10,30.0,23,release,5,Бакалавр,qa,10,Сверка остатков при приёмке на нефтебазе,NEFTEHIM-RCV,3,ООО «НефтехимСервис»,нефтехимия,5,t
1498,580,10,9,2026-01-25 05:00:00,2026-01-26 05:00:00,2026-01-26 01:00:00,2026-01-26 05:00:00,20.0,1.0,0,0.0,development,5,10,30.0,23,release,6,Бакалавр,release_manager,10,Сверка остатков при приёмке на нефтебазе,NEFTEHIM-RCV,3,ООО «НефтехимСервис»,нефтехимия,5,t
1499,581,2,1,2026-03-06 07:00:00,2026-03-08 07:00:00,2026-03-13 03:00:00,2026-03-08 07:00:00,164.0,2.0,1,116.0,incident,2,10,40.0,26,release,5,Бакалавр,frontend,11,Аналитика и отчёты для руководства,NEFTEHIM-BI,3,ООО «НефтехимСервис»,нефтехимия,7,f
1500,581,15,4,2026-03-13 05:00:00,2026-03-14 05:00:00,2026-03-14 02:00:00,2026-03-14 05:00:00,21.0,1.0,0,0.0,incident,2,10,40.0,26,release,2,Средне-специальное,qa,11,Аналитика и отчёты для руководства,NEFTEHIM-BI,3,ООО «НефтехимСервис»,нефтехимия,7,f
1501,581,2,1,2026-03-14 08:00:00,2026-03-19 08:00:00,2026-03-24 15:00:00,2026-03-19 08:00:00,247.0,5.0,1,127.0,incident,2,10,40.0,26,release,5,Бакалавр,frontend,11,Аналитика и отчёты для руководства,NEFTEHIM-BI,3,ООО «НефтехимСервис»,нефтехимия,7,f
1502,581,15,4,2026-03-24 17:00:00,2026-03-26 17:00:00,2026-03-29 13:00:00,2026-03-26 17:00:00,116.0,2.0,1,68.0,incident,2,10,40.0,26,release,2,Средне-специальное,qa,11,Аналитика и отчёты для руководства,NEFTEHIM-BI,3,ООО «НефтехимСервис»,нефтехимия,7,f
1503,581,2,1,2026-03-29 15:00:00,2026-04-03 15:00:00,2026-04-01 01:00:00,2026-04-03 15:00:00,58.0,5.0,0,0.0,incident,2,10,40.0,26,release,5,Бакалавр,frontend,11,Аналитика и отчёты для руководства,NEFTEHIM-BI,3,ООО «НефтехимСервис»,нефтехимия,7,f
1504,581,15,4,2026-04-01 03:00:00,2026-04-02 03:00:00,2026-04-04 19:00:00,2026-04-02 03:00:00,88.0,1.0,1,64.0,incident,2,10,40.0,26,release,2,Средне-специальное,qa,11,Аналитика и отчёты для руководства,NEFTEHIM-BI,3,ООО «НефтехимСервис»,нефтехимия,7,f
1505,581,14,9,2026-04-04 22:00:00,2026-04-06 22:00:00,2026-04-06 05:00:00,2026-04-06 22:00:00,31.0,2.0,0,0.0,incident,2,10,40.0,26,release,5,Бакалавр,release_manager,11,Аналитика и отчёты для руководства,NEFTEHIM-BI,3,ООО «НефтехимСервис»,нефтехимия,7,f
1506,582,2,1,2026-01-08 07:00:00,2026-01-17 07:00:00,2026-01-16 04:00:00,2026-01-17 07:00:00,189.0,9.0,0,0.0,development,1,4,16.0,10,release,5,Бакалавр,frontend,5,Учёт топлива на котельных и ТЭЦ,REGENERGO-TEC,2,ПАО «РегионЭнерго»,энергетика,3,f
1507,582,9,4,2026-01-16 07:00:00,,2026-01-17 19:00:00,2026-01-21 07:00:00,36.0,5.0,0,0.0,development,1,4,16.0,10,release,5,Бакалавр,qa,5,Учёт топлива на котельных и ТЭЦ,REGENERGO-TEC,2,ПАО «РегионЭнерго»,энергетика,3,f
1508,582,14,9,2026-01-17 23:00:00,2026-01-19 23:00:00,2026-01-19 07:00:00,2026-01-19 23:00:00,32.0,2.0,0,0.0,development,1,4,16.0,10,release,5,Бакалавр,release_manager,5,Учёт топлива на котельных и ТЭЦ,REGENERGO-TEC,2,ПАО «РегионЭнерго»,энергетика,3,f
1509,583,11,2,2026-01-03 05:00:00,2026-01-06 05:00:00,2026-01-08 10:00:00,2026-01-06 05:00:00,125.0,3.0,1,53.0,incident,3,2,12.0,27,release,0,Средне-специальное,backend,12,Мобильное приложение для инспекторов АЗС,NEFTEHIM-MOB,3,ООО «НефтехимСервис»,нефтехимия,3,f
1510,583,15,4,2026-01-08 14:00:00,2026-01-11 14:00:00,2026-01-14 18:00:00,2026-01-11 14:00:00,148.0,3.0,1,76.0,incident,3,2,12.0,27,release,2,Средне-специальное,qa,12,Мобильное приложение для инспекторов АЗС,NEFTEHIM-MOB,3,ООО «НефтехимСервис»,нефтехимия,3,f
1511,583,14,9,2026-01-14 22:00:00,2026-01-16 22:00:00,2026-01-17 12:00:00,2026-01-16 22:00:00,62.0,2.0,1,14.0,incident,3,2,12.0,27,release,5,Бакалавр,release_manager,12,Мобильное приложение для инспекторов АЗС,NEFTEHIM-MOB,3,ООО «НефтехимСервис»,нефтехимия,3,f
1513,585,13,7,2026-01-04 23:00:00,2026-01-07 23:00:00,2026-01-09 10:00:00,2026-01-07 23:00:00,107.0,3.0,1,35.0,development,3,11,66.0,10,release,3,Средне-специальное,fullstack,5,Учёт топлива на котельных и ТЭЦ,REGENERGO-TEC,2,ПАО «РегионЭнерго»,энергетика,3,f
1514,585,9,4,2026-01-09 13:00:00,,2026-01-11 14:00:00,2026-01-14 13:00:00,49.0,5.0,0,0.0,development,3,11,66.0,10,release,5,Бакалавр,qa,5,Учёт топлива на котельных и ТЭЦ,REGENERGO-TEC,2,ПАО «РегионЭнерго»,энергетика,3,f
1515,585,14,9,2026-01-11 15:00:00,2026-01-13 15:00:00,2026-01-16 05:00:00,2026-01-13 15:00:00,110.0,2.0,1,62.0,development,3,11,66.0,10,release,5,Бакалавр,release_manager,5,Учёт топлива на котельных и ТЭЦ,REGENERGO-TEC,2,ПАО «РегионЭнерго»,энергетика,3,f
1517,587,6,3,2026-03-09 19:00:00,2026-03-12 19:00:00,2026-03-15 08:00:00,2026-03-12 19:00:00,133.0,3.0,1,61.0,incident,1,6,36.0,26,release,3,Бакалавр,design,11,Аналитика и отчёты для руководства,NEFTEHIM-BI,3,ООО «НефтехимСервис»,нефтехимия,9,f
1518,587,4,4,2026-03-15 09:00:00,,2026-03-21 05:00:00,2026-03-18 09:00:00,140.0,3.0,1,68.0,incident,1,6,36.0,26,release,4,Бакалавр,qa,11,Аналитика и отчёты для руководства,NEFTEHIM-BI,3,ООО «НефтехимСервис»,нефтехимия,9,f
1519,587,6,3,2026-03-21 13:00:00,2026-03-26 13:00:00,2026-03-25 13:00:00,2026-03-26 13:00:00,96.0,5.0,0,0.0,incident,1,6,36.0,26,release,3,Бакалавр,design,11,Аналитика и отчёты для руководства,NEFTEHIM-BI,3,ООО «НефтехимСервис»,нефтехимия,9,f
1520,587,4,4,2026-03-25 14:00:00,2026-03-28 14:00:00,2026-03-26 19:00:00,2026-03-28 14:00:00,29.0,3.0,0,0.0,incident,1,6,36.0,26,release,4,Бакалавр,qa,11,Аналитика и отчёты для руководства,NEFTEHIM-BI,3,ООО «НефтехимСервис»,нефтехимия,9,f
1521,587,6,3,2026-03-27 03:00:00,2026-03-30 03:00:00,2026-03-30 12:00:00,2026-03-30 03:00:00,81.0,3.0,1,9.0,incident,1,6,36.0,26,release,3,Бакалавр,design,11,Аналитика и отчёты для руководства,NEFTEHIM-BI,3,ООО «НефтехимСервис»,нефтехимия,9,f
1522,587,4,4,2026-03-30 13:00:00,2026-03-31 13:00:00,2026-03-31 11:00:00,2026-03-31 13:00:00,22.0,1.0,0,0.0,incident,1,6,36.0,26,release,4,Бакалавр,qa,11,Аналитика и отчёты для руководства,NEFTEHIM-BI,3,ООО «НефтехимСервис»,нефтехимия,9,f
1523,587,6,3,2026-03-31 16:00:00,2026-04-02 16:00:00,2026-04-05 13:00:00,2026-04-02 16:00:00,117.0,2.0,1,69.0,incident,1,6,36.0,26,release,3,Бакалавр,design,11,Аналитика и отчёты для руководства,NEFTEHIM-BI,3,ООО «НефтехимСервис»,нефтехимия,9,f
1524,587,4,4,2026-04-05 17:00:00,,2026-04-11 13:00:00,2026-04-08 17:00:00,140.0,3.0,1,68.0,incident,1,6,36.0,26,release,4,Бакалавр,qa,11,Аналитика и отчёты для руководства,NEFTEHIM-BI,3,ООО «НефтехимСервис»,нефтехимия,9,f
1525,587,10,9,2026-04-11 15:00:00,2026-04-13 15:00:00,2026-04-16 07:00:00,2026-04-13 15:00:00,112.0,2.0,1,64.0,incident,1,6,36.0,26,release,6,Бакалавр,release_manager,11,Аналитика и отчёты для руководства,NEFTEHIM-BI,3,ООО «НефтехимСервис»,нефтехимия,9,f
1526,588,3,7,2026-01-09 03:00:00,2026-01-10 03:00:00,2026-01-11 14:00:00,2026-01-10 03:00:00,59.0,1.0,1,35.0,incident,1,1,3.0,7,release,6,Бакалавр,fullstack,4,Отчётность по остаткам для Ростехнадзора,ZAPADTOP-RTN,1,АО «ЗападТопливо»,топливная розница,3,f
1527,588,4,4,2026-01-11 17:00:00,,2026-01-19 16:00:00,2026-01-14 17:00:00,191.0,3.0,1,119.0,incident,1,1,3.0,7,release,4,Бакалавр,qa,4,Отчётность по остаткам для Ростехнадзора,ZAPADTOP-RTN,1,АО «ЗападТопливо»,топливная розница,3,f
1528,588,10,9,2026-01-19 19:00:00,2026-01-20 19:00:00,2026-01-20 09:00:00,2026-01-20 19:00:00,14.0,1.0,0,0.0,incident,1,1,3.0,7,release,6,Бакалавр,release_manager,4,Отчётность по остаткам для Ростехнадзора,ZAPADTOP-RTN,1,АО «ЗападТопливо»,топливная розница,3,f
1530,591,13,7,2026-03-09 19:00:00,2026-03-19 19:00:00,2026-03-23 17:00:00,2026-03-19 19:00:00,334.0,10.0,1,94.0,development,3,12,48.0,18,release,3,Средне-специальное,fullstack,8,Портал заявок на доработку от эксплуатации,REGENERGO-REQ,2,ПАО «РегионЭнерго»,энергетика,3,f
1531,591,15,4,2026-03-23 21:00:00,,2026-03-31 16:00:00,2026-03-26 21:00:00,187.0,3.0,1,115.0,development,3,12,48.0,18,release,2,Средне-специальное,qa,8,Портал заявок на доработку от эксплуатации,REGENERGO-REQ,2,ПАО «РегионЭнерго»,энергетика,3,f
1532,591,14,9,2026-03-31 19:00:00,2026-04-01 19:00:00,2026-04-01 17:00:00,2026-04-01 19:00:00,22.0,1.0,0,0.0,development,3,12,48.0,18,release,5,Бакалавр,release_manager,8,Портал заявок на доработку от эксплуатации,REGENERGO-REQ,2,ПАО «РегионЭнерго»,энергетика,3,f
1533,592,6,3,2026-01-07 18:00:00,2026-01-16 18:00:00,2026-01-10 10:00:00,2026-01-16 18:00:00,64.0,9.0,0,0.0,development,3,2,8.0,17,release,3,Бакалавр,design,8,Портал заявок на доработку от эксплуатации,REGENERGO-REQ,2,ПАО «РегионЭнерго»,энергетика,3,f
1534,592,9,4,2026-01-10 11:00:00,,2026-01-19 00:00:00,2026-01-14 11:00:00,205.0,4.0,1,109.0,development,3,2,8.0,17,release,5,Бакалавр,qa,8,Портал заявок на доработку от эксплуатации,REGENERGO-REQ,2,ПАО «РегионЭнерго»,энергетика,3,f
1535,592,14,9,2026-01-19 05:00:00,2026-01-21 05:00:00,2026-01-21 02:00:00,2026-01-21 05:00:00,45.0,2.0,0,0.0,development,3,2,8.0,17,release,5,Бакалавр,release_manager,8,Портал заявок на доработку от эксплуатации,REGENERGO-REQ,2,ПАО «РегионЭнерго»,энергетика,3,f
1536,593,8,1,2026-01-09 18:00:00,2026-01-17 18:00:00,2026-01-21 01:00:00,2026-01-17 18:00:00,271.0,8.0,1,79.0,development,1,13,78.0,17,release,1,Средне-специальное,frontend,8,Портал заявок на доработку от эксплуатации,REGENERGO-REQ,2,ПАО «РегионЭнерго»,энергетика,3,f
1537,593,15,4,2026-01-21 04:00:00,2026-01-22 04:00:00,2026-01-22 14:00:00,2026-01-22 04:00:00,34.0,1.0,1,10.0,development,1,13,78.0,17,release,2,Средне-специальное,qa,8,Портал заявок на доработку от эксплуатации,REGENERGO-REQ,2,ПАО «РегионЭнерго»,энергетика,3,f
1538,593,14,9,2026-01-22 20:00:00,2026-01-24 20:00:00,2026-01-29 21:00:00,2026-01-24 20:00:00,169.0,2.0,1,121.0,development,1,13,78.0,17,release,5,Бакалавр,release_manager,8,Портал заявок на доработку от эксплуатации,REGENERGO-REQ,2,ПАО «РегионЭнерго»,энергетика,3,f
1539,595,5,2,2026-01-05 06:00:00,2026-01-13 06:00:00,2026-01-15 16:00:00,2026-01-13 06:00:00,250.0,8.0,1,58.0,development,3,10,50.0,3,release,2,Средне-специальное,backend,2,Модуль интеграции с датчиками уровня на АЗС,ZAPADTOP-IOT,1,АО «ЗападТопливо»,топливная розница,7,f
1540,595,4,4,2026-01-15 19:00:00,2026-01-16 19:00:00,2026-01-16 09:00:00,2026-01-16 19:00:00,14.0,1.0,0,0.0,development,3,10,50.0,3,release,4,Бакалавр,qa,2,Модуль интеграции с датчиками уровня на АЗС,ZAPADTOP-IOT,1,АО «ЗападТопливо»,топливная розница,7,f
1541,595,5,2,2026-01-16 11:00:00,2026-01-20 11:00:00,2026-01-22 09:00:00,2026-01-20 11:00:00,142.0,4.0,1,46.0,development,3,10,50.0,3,release,2,Средне-специальное,backend,2,Модуль интеграции с датчиками уровня на АЗС,ZAPADTOP-IOT,1,АО «ЗападТопливо»,топливная розница,7,f
1542,595,4,4,2026-01-22 10:00:00,2026-01-23 10:00:00,2026-01-23 05:00:00,2026-01-23 10:00:00,19.0,1.0,0,0.0,development,3,10,50.0,3,release,4,Бакалавр,qa,2,Модуль интеграции с датчиками уровня на АЗС,ZAPADTOP-IOT,1,АО «ЗападТопливо»,топливная розница,7,f
1543,595,5,2,2026-01-23 11:00:00,2026-01-27 11:00:00,2026-01-29 14:00:00,2026-01-27 11:00:00,147.0,4.0,1,51.0,development,3,10,50.0,3,release,2,Средне-специальное,backend,2,Модуль интеграции с датчиками уровня на АЗС,ZAPADTOP-IOT,1,АО «ЗападТопливо»,топливная розница,7,f
1544,595,4,4,2026-01-29 17:00:00,2026-02-01 17:00:00,2026-02-04 03:00:00,2026-02-01 17:00:00,130.0,3.0,1,58.0,development,3,10,50.0,3,release,4,Бакалавр,qa,2,Модуль интеграции с датчиками уровня на АЗС,ZAPADTOP-IOT,1,АО «ЗападТопливо»,топливная розница,7,f
1545,595,14,9,2026-02-04 07:00:00,2026-02-06 07:00:00,2026-02-06 03:00:00,2026-02-06 07:00:00,44.0,2.0,0,0.0,development,3,10,50.0,3,release,5,Бакалавр,release_manager,2,Модуль интеграции с датчиками уровня на АЗС,ZAPADTOP-IOT,1,АО «ЗападТопливо»,топливная розница,7,f
1546,596,8,1,2026-01-06 13:00:00,2026-01-12 13:00:00,2026-01-11 18:00:00,2026-01-12 13:00:00,125.0,6.0,0,0.0,development,5,8,48.0,14,release,1,Средне-специальное,frontend,7,Интеграция с SCADA энергообъектов,REGENERGO-SCADA,2,ПАО «РегионЭнерго»,энергетика,3,t
1547,596,9,4,2026-01-11 22:00:00,,2026-01-18 06:00:00,2026-01-14 22:00:00,152.0,3.0,1,80.0,development,5,8,48.0,14,release,5,Бакалавр,qa,7,Интеграция с SCADA энергообъектов,REGENERGO-SCADA,2,ПАО «РегионЭнерго»,энергетика,3,t
1548,596,14,9,2026-01-18 08:00:00,2026-01-19 08:00:00,2026-01-18 22:00:00,2026-01-19 08:00:00,14.0,1.0,0,0.0,development,5,8,48.0,14,release,5,Бакалавр,release_manager,7,Интеграция с SCADA энергообъектов,REGENERGO-SCADA,2,ПАО «РегионЭнерго»,энергетика,3,t
1549,597,6,3,2026-03-07 17:00:00,2026-03-10 17:00:00,2026-03-15 07:00:00,2026-03-10 17:00:00,182.0,3.0,1,110.0,development,3,4,12.0,2,release,3,Бакалавр,design,1,ПО учёта остатков топлива на АЗС и электростанциях,ZAPADTOP-FUEL,1,АО «ЗападТопливо»,топливная розница,3,f
1550,597,15,4,2026-03-15 08:00:00,2026-03-18 08:00:00,2026-03-21 22:00:00,2026-03-18 08:00:00,158.0,3.0,1,86.0,development,3,4,12.0,2,release,2,Средне-специальное,qa,1,ПО учёта остатков топлива на АЗС и электростанциях,ZAPADTOP-FUEL,1,АО «ЗападТопливо»,топливная розница,3,f
1551,597,14,9,2026-03-22 00:00:00,2026-03-24 00:00:00,2026-03-23 16:00:00,2026-03-24 00:00:00,40.0,2.0,0,0.0,development,3,4,12.0,2,release,5,Бакалавр,release_manager,1,ПО учёта остатков топлива на АЗС и электростанциях,ZAPADTOP-FUEL,1,АО «ЗападТопливо»,топливная розница,3,f
1553,599,8,1,2026-01-01 09:00:00,2026-01-05 09:00:00,2026-01-04 18:00:00,2026-01-05 09:00:00,81.0,4.0,0,0.0,development,1,5,20.0,5,being_tested,1,Средне-специальное,frontend,3,Личный кабинет оператора заправки,ZAPADTOP-LK,1,АО «ЗападТопливо»,топливная розница,2,f
1556,601,8,1,2026-01-01 12:00:00,2026-01-07 12:00:00,2026-01-05 08:00:00,2026-01-07 12:00:00,92.0,6.0,0,0.0,development,5,2,6.0,5,being_tested,1,Средне-специальное,frontend,3,Личный кабинет оператора заправки,ZAPADTOP-LK,1,АО «ЗападТопливо»,топливная розница,2,t
1558,603,3,7,2026-01-07 11:00:00,2026-01-10 11:00:00,2026-01-09 20:00:00,2026-01-10 11:00:00,57.0,3.0,0,0.0,development,2,1,6.0,23,release,6,Бакалавр,fullstack,10,Сверка остатков при приёмке на нефтебазе,NEFTEHIM-RCV,3,ООО «НефтехимСервис»,нефтехимия,9,f
1559,603,15,4,2026-01-10 00:00:00,2026-01-13 00:00:00,2026-01-14 06:00:00,2026-01-13 00:00:00,102.0,3.0,1,30.0,development,2,1,6.0,23,release,2,Средне-специальное,qa,10,Сверка остатков при приёмке на нефтебазе,NEFTEHIM-RCV,3,ООО «НефтехимСервис»,нефтехимия,9,f
1560,603,3,7,2026-01-14 09:00:00,2026-01-18 09:00:00,2026-01-20 18:00:00,2026-01-18 09:00:00,153.0,4.0,1,57.0,development,2,1,6.0,23,release,6,Бакалавр,fullstack,10,Сверка остатков при приёмке на нефтебазе,NEFTEHIM-RCV,3,ООО «НефтехимСервис»,нефтехимия,9,f
1561,603,15,4,2026-01-20 20:00:00,,2026-01-25 01:00:00,2026-01-23 20:00:00,101.0,3.0,1,29.0,development,2,1,6.0,23,release,2,Средне-специальное,qa,10,Сверка остатков при приёмке на нефтебазе,NEFTEHIM-RCV,3,ООО «НефтехимСервис»,нефтехимия,9,f
1562,603,3,7,2026-01-25 04:00:00,2026-01-30 04:00:00,2026-02-02 23:00:00,2026-01-30 04:00:00,211.0,5.0,1,91.0,development,2,1,6.0,23,release,6,Бакалавр,fullstack,10,Сверка остатков при приёмке на нефтебазе,NEFTEHIM-RCV,3,ООО «НефтехимСервис»,нефтехимия,9,f
1563,603,15,4,2026-02-03 00:00:00,2026-02-04 00:00:00,2026-02-06 01:00:00,2026-02-04 00:00:00,73.0,1.0,1,49.0,development,2,1,6.0,23,release,2,Средне-специальное,qa,10,Сверка остатков при приёмке на нефтебазе,NEFTEHIM-RCV,3,ООО «НефтехимСервис»,нефтехимия,9,f
1564,603,3,7,2026-02-06 06:00:00,2026-02-09 06:00:00,2026-02-11 13:00:00,2026-02-09 06:00:00,127.0,3.0,1,55.0,development,2,1,6.0,23,release,6,Бакалавр,fullstack,10,Сверка остатков при приёмке на нефтебазе,NEFTEHIM-RCV,3,ООО «НефтехимСервис»,нефтехимия,9,f
1565,603,15,4,2026-02-11 17:00:00,,2026-02-17 17:00:00,2026-02-16 17:00:00,144.0,5.0,1,24.0,development,2,1,6.0,23,release,2,Средне-специальное,qa,10,Сверка остатков при приёмке на нефтебазе,NEFTEHIM-RCV,3,ООО «НефтехимСервис»,нефтехимия,9,f
1566,603,14,9,2026-02-17 20:00:00,2026-02-18 20:00:00,2026-02-18 18:00:00,2026-02-18 20:00:00,22.0,1.0,0,0.0,development,2,1,6.0,23,release,5,Бакалавр,release_manager,10,Сверка остатков при приёмке на нефтебазе,NEFTEHIM-RCV,3,ООО «НефтехимСервис»,нефтехимия,9,f
1567,604,13,7,2026-01-03 18:00:00,2026-01-09 18:00:00,2026-01-06 08:00:00,2026-01-09 18:00:00,62.0,6.0,0,0.0,development,2,11,66.0,27,being_tested,3,Средне-специальное,fullstack,12,Мобильное приложение для инспекторов АЗС,NEFTEHIM-MOB,3,ООО «НефтехимСервис»,нефтехимия,2,f
1569,605,2,1,2026-03-02 16:00:00,2026-03-12 16:00:00,2026-03-15 20:00:00,2026-03-12 16:00:00,316.0,10.0,1,76.0,development,4,8,24.0,24,release,5,Бакалавр,frontend,10,Сверка остатков при приёмке на нефтебазе,NEFTEHIM-RCV,3,ООО «НефтехимСервис»,нефтехимия,3,t
1570,605,15,4,2026-03-15 22:00:00,,2026-03-19 20:00:00,2026-03-18 22:00:00,94.0,3.0,1,22.0,development,4,8,24.0,24,release,2,Средне-специальное,qa,10,Сверка остатков при приёмке на нефтебазе,NEFTEHIM-RCV,3,ООО «НефтехимСервис»,нефтехимия,3,t
1571,605,14,9,2026-03-20 00:00:00,2026-03-22 00:00:00,2026-03-25 11:00:00,2026-03-22 00:00:00,131.0,2.0,1,83.0,development,4,8,24.0,24,release,5,Бакалавр,release_manager,10,Сверка остатков при приёмке на нефтебазе,NEFTEHIM-RCV,3,ООО «НефтехимСервис»,нефтехимия,3,t
1573,607,6,3,2026-03-08 23:00:00,2026-03-10 23:00:00,2026-03-10 00:00:00,2026-03-10 23:00:00,25.0,2.0,0,0.0,incident,3,6,36.0,21,being_tested,3,Бакалавр,design,9,Логистика перевозок нефтепродуктов,NEFTEHIM-LOG,3,ООО «НефтехимСервис»,нефтехимия,2,f
1576,609,6,3,2026-01-08 14:00:00,2026-01-14 14:00:00,2026-01-18 07:00:00,2026-01-14 14:00:00,233.0,6.0,1,89.0,development,2,4,12.0,17,release,3,Бакалавр,design,8,Портал заявок на доработку от эксплуатации,REGENERGO-REQ,2,ПАО «РегионЭнерго»,энергетика,3,f
1577,609,15,4,2026-01-18 10:00:00,2026-01-20 10:00:00,2026-01-23 00:00:00,2026-01-20 10:00:00,110.0,2.0,1,62.0,development,2,4,12.0,17,release,2,Средне-специальное,qa,8,Портал заявок на доработку от эксплуатации,REGENERGO-REQ,2,ПАО «РегионЭнерго»,энергетика,3,f
1578,609,10,9,2026-01-23 02:00:00,2026-01-24 02:00:00,2026-01-24 00:00:00,2026-01-24 02:00:00,22.0,1.0,0,0.0,development,2,4,12.0,17,release,6,Бакалавр,release_manager,8,Портал заявок на доработку от эксплуатации,REGENERGO-REQ,2,ПАО «РегионЭнерго»,энергетика,3,f
1579,610,2,1,2026-01-04 16:00:00,2026-01-07 16:00:00,2026-01-09 17:00:00,2026-01-07 16:00:00,121.0,3.0,1,49.0,incident,5,4,20.0,20,release,5,Бакалавр,frontend,9,Логистика перевозок нефтепродуктов,NEFTEHIM-LOG,3,ООО «НефтехимСервис»,нефтехимия,9,t
1580,610,15,4,2026-01-09 19:00:00,2026-01-10 19:00:00,2026-01-13 11:00:00,2026-01-10 19:00:00,88.0,1.0,1,64.0,incident,5,4,20.0,20,release,2,Средне-специальное,qa,9,Логистика перевозок нефтепродуктов,NEFTEHIM-LOG,3,ООО «НефтехимСервис»,нефтехимия,9,t
1581,610,2,1,2026-01-13 14:00:00,2026-01-17 14:00:00,2026-01-15 02:00:00,2026-01-17 14:00:00,36.0,4.0,0,0.0,incident,5,4,20.0,20,release,5,Бакалавр,frontend,9,Логистика перевозок нефтепродуктов,NEFTEHIM-LOG,3,ООО «НефтехимСервис»,нефтехимия,9,t
1582,610,15,4,2026-01-15 05:00:00,2026-01-16 05:00:00,2026-01-16 23:00:00,2026-01-16 05:00:00,42.0,1.0,1,18.0,incident,5,4,20.0,20,release,2,Средне-специальное,qa,9,Логистика перевозок нефтепродуктов,NEFTEHIM-LOG,3,ООО «НефтехимСервис»,нефтехимия,9,t
1583,610,2,1,2026-01-17 03:00:00,2026-01-19 03:00:00,2026-01-22 10:00:00,2026-01-19 03:00:00,127.0,2.0,1,79.0,incident,5,4,20.0,20,release,5,Бакалавр,frontend,9,Логистика перевозок нефтепродуктов,NEFTEHIM-LOG,3,ООО «НефтехимСервис»,нефтехимия,9,t
1584,610,15,4,2026-01-22 11:00:00,2026-01-25 11:00:00,2026-01-29 10:00:00,2026-01-25 11:00:00,167.0,3.0,1,95.0,incident,5,4,20.0,20,release,2,Средне-специальное,qa,9,Логистика перевозок нефтепродуктов,NEFTEHIM-LOG,3,ООО «НефтехимСервис»,нефтехимия,9,t
1585,610,2,1,2026-01-29 15:00:00,2026-02-02 15:00:00,2026-02-05 01:00:00,2026-02-02 15:00:00,154.0,4.0,1,58.0,incident,5,4,20.0,20,release,5,Бакалавр,frontend,9,Логистика перевозок нефтепродуктов,NEFTEHIM-LOG,3,ООО «НефтехимСервис»,нефтехимия,9,t
1586,610,15,4,2026-02-05 04:00:00,2026-02-08 04:00:00,2026-02-08 08:00:00,2026-02-08 04:00:00,76.0,3.0,1,4.0,incident,5,4,20.0,20,release,2,Средне-специальное,qa,9,Логистика перевозок нефтепродуктов,NEFTEHIM-LOG,3,ООО «НефтехимСервис»,нефтехимия,9,t
1587,610,14,9,2026-02-08 11:00:00,2026-02-09 11:00:00,2026-02-09 09:00:00,2026-02-09 11:00:00,22.0,1.0,0,0.0,incident,5,4,20.0,20,release,5,Бакалавр,release_manager,9,Логистика перевозок нефтепродуктов,NEFTEHIM-LOG,3,ООО «НефтехимСервис»,нефтехимия,9,t
1588,611,13,7,2026-01-01 13:00:00,2026-01-04 13:00:00,2026-01-04 02:00:00,2026-01-04 13:00:00,61.0,3.0,0,0.0,development,1,11,44.0,10,release,3,Средне-специальное,fullstack,5,Учёт топлива на котельных и ТЭЦ,REGENERGO-TEC,2,ПАО «РегионЭнерго»,энергетика,3,f
1589,611,9,4,2026-01-04 05:00:00,,2026-01-08 07:00:00,2026-01-07 05:00:00,98.0,3.0,1,26.0,development,1,11,44.0,10,release,5,Бакалавр,qa,5,Учёт топлива на котельных и ТЭЦ,REGENERGO-TEC,2,ПАО «РегионЭнерго»,энергетика,3,f
1590,611,14,9,2026-01-08 11:00:00,2026-01-10 11:00:00,2026-01-13 19:00:00,2026-01-10 11:00:00,128.0,2.0,1,80.0,development,1,11,44.0,10,release,5,Бакалавр,release_manager,5,Учёт топлива на котельных и ТЭЦ,REGENERGO-TEC,2,ПАО «РегионЭнерго»,энергетика,3,f
1591,612,3,7,2026-04-28 15:00:00,2026-05-08 15:00:00,2026-05-03 17:00:00,2026-05-08 15:00:00,122.0,10.0,0,0.0,development,3,2,8.0,16,release,6,Бакалавр,fullstack,7,Интеграция с SCADA энергообъектов,REGENERGO-SCADA,2,ПАО «РегионЭнерго»,энергетика,3,f
1592,612,15,4,2026-05-03 18:00:00,2026-05-04 18:00:00,2026-05-08 18:00:00,2026-05-04 18:00:00,120.0,1.0,1,96.0,development,3,2,8.0,16,release,2,Средне-специальное,qa,7,Интеграция с SCADA энергообъектов,REGENERGO-SCADA,2,ПАО «РегионЭнерго»,энергетика,3,f
1593,612,14,9,2026-05-08 22:00:00,2026-05-10 22:00:00,2026-05-10 16:00:00,2026-05-10 22:00:00,42.0,2.0,0,0.0,development,3,2,8.0,16,release,5,Бакалавр,release_manager,7,Интеграция с SCADA энергообъектов,REGENERGO-SCADA,2,ПАО «РегионЭнерго»,энергетика,3,f
1594,613,6,3,2025-12-31 23:00:00,2026-01-09 23:00:00,2026-01-09 12:00:00,2026-01-09 23:00:00,205.0,9.0,0,0.0,development,4,12,72.0,1,release,3,Бакалавр,design,1,ПО учёта остатков топлива на АЗС и электростанциях,ZAPADTOP-FUEL,1,АО «ЗападТопливо»,топливная розница,3,t
1595,613,9,4,2026-01-09 14:00:00,2026-01-12 14:00:00,2026-01-14 17:00:00,2026-01-12 14:00:00,123.0,3.0,1,51.0,development,4,12,72.0,1,release,5,Бакалавр,qa,1,ПО учёта остатков топлива на АЗС и электростанциях,ZAPADTOP-FUEL,1,АО «ЗападТопливо»,топливная розница,3,t
1596,613,10,9,2026-01-14 19:00:00,2026-01-15 19:00:00,2026-01-15 02:00:00,2026-01-15 19:00:00,7.0,1.0,0,0.0,development,4,12,72.0,1,release,6,Бакалавр,release_manager,1,ПО учёта остатков топлива на АЗС и электростанциях,ZAPADTOP-FUEL,1,АО «ЗападТопливо»,топливная розница,3,t
1597,614,6,3,2026-04-27 07:00:00,2026-05-03 07:00:00,2026-04-30 14:00:00,2026-05-03 07:00:00,79.0,6.0,0,0.0,development,3,10,30.0,13,release,3,Бакалавр,design,6,Система мониторинга резервных топливных складов,REGENERGO-SKLAD,2,ПАО «РегионЭнерго»,энергетика,3,f
1598,614,4,4,2026-04-30 15:00:00,2026-05-03 15:00:00,2026-05-07 22:00:00,2026-05-03 15:00:00,175.0,3.0,1,103.0,development,3,10,30.0,13,release,4,Бакалавр,qa,6,Система мониторинга резервных топливных складов,REGENERGO-SKLAD,2,ПАО «РегионЭнерго»,энергетика,3,f
1599,614,14,9,2026-05-08 02:00:00,2026-05-09 02:00:00,2026-05-08 13:00:00,2026-05-09 02:00:00,11.0,1.0,0,0.0,development,3,10,30.0,13,release,5,Бакалавр,release_manager,6,Система мониторинга резервных топливных складов,REGENERGO-SKLAD,2,ПАО «РегионЭнерго»,энергетика,3,f
1602,617,5,2,2026-04-27 19:00:00,2026-05-03 19:00:00,2026-04-29 19:00:00,2026-05-03 19:00:00,48.0,6.0,0,0.0,development,1,12,36.0,13,release,2,Средне-специальное,backend,6,Система мониторинга резервных топливных складов,REGENERGO-SKLAD,2,ПАО «РегионЭнерго»,энергетика,3,f
1603,617,15,4,2026-04-29 21:00:00,,2026-05-07 16:00:00,2026-05-04 21:00:00,187.0,5.0,1,67.0,development,1,12,36.0,13,release,2,Средне-специальное,qa,6,Система мониторинга резервных топливных складов,REGENERGO-SKLAD,2,ПАО «РегионЭнерго»,энергетика,3,f
1604,617,14,9,2026-05-07 17:00:00,2026-05-09 17:00:00,2026-05-11 15:00:00,2026-05-09 17:00:00,94.0,2.0,1,46.0,development,1,12,36.0,13,release,5,Бакалавр,release_manager,6,Система мониторинга резервных топливных складов,REGENERGO-SKLAD,2,ПАО «РегионЭнерго»,энергетика,3,f
1605,618,8,1,2026-03-07 09:00:00,2026-03-12 09:00:00,2026-03-10 16:00:00,2026-03-12 09:00:00,79.0,5.0,0,0.0,development,3,7,21.0,28,being_tested,1,Средне-специальное,frontend,12,Мобильное приложение для инспекторов АЗС,NEFTEHIM-MOB,3,ООО «НефтехимСервис»,нефтехимия,2,f
1607,619,11,2,2026-01-07 12:00:00,2026-01-14 12:00:00,2026-01-17 19:00:00,2026-01-14 12:00:00,247.0,7.0,1,79.0,development,1,11,55.0,14,release,0,Средне-специальное,backend,7,Интеграция с SCADA энергообъектов,REGENERGO-SCADA,2,ПАО «РегионЭнерго»,энергетика,3,f
1608,619,9,4,2026-01-17 23:00:00,2026-01-19 23:00:00,2026-01-19 00:00:00,2026-01-19 23:00:00,25.0,2.0,0,0.0,development,1,11,55.0,14,release,5,Бакалавр,qa,7,Интеграция с SCADA энергообъектов,REGENERGO-SCADA,2,ПАО «РегионЭнерго»,энергетика,3,f
1609,619,10,9,2026-01-19 05:00:00,2026-01-21 05:00:00,2026-01-23 17:00:00,2026-01-21 05:00:00,108.0,2.0,1,60.0,development,1,11,55.0,14,release,6,Бакалавр,release_manager,7,Интеграция с SCADA энергообъектов,REGENERGO-SCADA,2,ПАО «РегионЭнерго»,энергетика,3,f
1610,620,13,7,2025-12-31 19:00:00,2026-01-09 19:00:00,2026-01-04 21:00:00,2026-01-09 19:00:00,98.0,9.0,0,0.0,development,1,10,60.0,27,release,3,Средне-специальное,fullstack,12,Мобильное приложение для инспекторов АЗС,NEFTEHIM-MOB,3,ООО «НефтехимСервис»,нефтехимия,3,f
1611,620,9,4,2026-01-04 23:00:00,2026-01-05 23:00:00,2026-01-06 04:00:00,2026-01-05 23:00:00,29.0,1.0,1,5.0,development,1,10,60.0,27,release,5,Бакалавр,qa,12,Мобильное приложение для инспекторов АЗС,NEFTEHIM-MOB,3,ООО «НефтехимСервис»,нефтехимия,3,f
1612,620,10,9,2026-01-06 05:00:00,2026-01-08 05:00:00,2026-01-06 23:00:00,2026-01-08 05:00:00,18.0,2.0,0,0.0,development,1,10,60.0,27,release,6,Бакалавр,release_manager,12,Мобильное приложение для инспекторов АЗС,NEFTEHIM-MOB,3,ООО «НефтехимСервис»,нефтехимия,3,f
1614,623,2,1,2026-03-06 10:00:00,2026-03-14 10:00:00,2026-03-15 17:00:00,2026-03-14 10:00:00,223.0,8.0,1,31.0,development,2,11,44.0,24,release,5,Бакалавр,frontend,10,Сверка остатков при приёмке на нефтебазе,NEFTEHIM-RCV,3,ООО «НефтехимСервис»,нефтехимия,5,f
1615,623,9,4,2026-03-15 20:00:00,2026-03-17 20:00:00,2026-03-16 10:00:00,2026-03-17 20:00:00,14.0,2.0,0,0.0,development,2,11,44.0,24,release,5,Бакалавр,qa,10,Сверка остатков при приёмке на нефтебазе,NEFTEHIM-RCV,3,ООО «НефтехимСервис»,нефтехимия,5,f
1616,623,2,1,2026-03-16 17:00:00,2026-03-20 17:00:00,2026-03-23 08:00:00,2026-03-20 17:00:00,159.0,4.0,1,63.0,development,2,11,44.0,24,release,5,Бакалавр,frontend,10,Сверка остатков при приёмке на нефтебазе,NEFTEHIM-RCV,3,ООО «НефтехимСервис»,нефтехимия,5,f
1617,623,9,4,2026-03-23 11:00:00,2026-03-26 11:00:00,2026-03-29 00:00:00,2026-03-26 11:00:00,133.0,3.0,1,61.0,development,2,11,44.0,24,release,5,Бакалавр,qa,10,Сверка остатков при приёмке на нефтебазе,NEFTEHIM-RCV,3,ООО «НефтехимСервис»,нефтехимия,5,f
1618,623,14,9,2026-03-29 01:00:00,2026-03-30 01:00:00,2026-03-29 08:00:00,2026-03-30 01:00:00,7.0,1.0,0,0.0,development,2,11,44.0,24,release,5,Бакалавр,release_manager,10,Сверка остатков при приёмке на нефтебазе,NEFTEHIM-RCV,3,ООО «НефтехимСервис»,нефтехимия,5,f
1620,625,2,1,2026-04-27 07:00:00,2026-05-07 07:00:00,2026-05-04 09:00:00,2026-05-07 07:00:00,170.0,10.0,0,0.0,development,2,12,72.0,19,release,5,Бакалавр,frontend,8,Портал заявок на доработку от эксплуатации,REGENERGO-REQ,2,ПАО «РегионЭнерго»,энергетика,3,f
1621,625,15,4,2026-05-04 10:00:00,,2026-05-09 00:00:00,2026-05-07 10:00:00,110.0,3.0,1,38.0,development,2,12,72.0,19,release,2,Средне-специальное,qa,8,Портал заявок на доработку от эксплуатации,REGENERGO-REQ,2,ПАО «РегионЭнерго»,энергетика,3,f
1622,625,14,9,2026-05-09 04:00:00,2026-05-10 04:00:00,2026-05-09 17:00:00,2026-05-10 04:00:00,13.0,1.0,0,0.0,development,2,12,72.0,19,release,5,Бакалавр,release_manager,8,Портал заявок на доработку от эксплуатации,REGENERGO-REQ,2,ПАО «РегионЭнерго»,энергетика,3,f
1623,626,6,3,2026-04-30 14:00:00,2026-05-03 14:00:00,2026-05-02 15:00:00,2026-05-03 14:00:00,49.0,3.0,0,0.0,incident,4,12,72.0,13,release,3,Бакалавр,design,6,Система мониторинга резервных топливных складов,REGENERGO-SKLAD,2,ПАО «РегионЭнерго»,энергетика,3,t
1624,626,4,4,2026-05-02 16:00:00,,2026-05-10 10:00:00,2026-05-06 16:00:00,186.0,4.0,1,90.0,incident,4,12,72.0,13,release,4,Бакалавр,qa,6,Система мониторинга резервных топливных складов,REGENERGO-SKLAD,2,ПАО «РегионЭнерго»,энергетика,3,t
1625,626,14,9,2026-05-10 13:00:00,2026-05-12 13:00:00,2026-05-12 01:00:00,2026-05-12 13:00:00,36.0,2.0,0,0.0,incident,4,12,72.0,13,release,5,Бакалавр,release_manager,6,Система мониторинга резервных топливных складов,REGENERGO-SKLAD,2,ПАО «РегионЭнерго»,энергетика,3,t
1626,627,6,3,2026-03-08 17:00:00,2026-03-11 17:00:00,2026-03-11 12:00:00,2026-03-11 17:00:00,67.0,3.0,0,0.0,development,3,12,36.0,24,release,3,Бакалавр,design,10,Сверка остатков при приёмке на нефтебазе,NEFTEHIM-RCV,3,ООО «НефтехимСервис»,нефтехимия,7,f
1627,627,9,4,2026-03-11 16:00:00,2026-03-14 16:00:00,2026-03-17 13:00:00,2026-03-14 16:00:00,141.0,3.0,1,69.0,development,3,12,36.0,24,release,5,Бакалавр,qa,10,Сверка остатков при приёмке на нефтебазе,NEFTEHIM-RCV,3,ООО «НефтехимСервис»,нефтехимия,7,f
1628,627,6,3,2026-03-17 19:00:00,2026-03-21 19:00:00,2026-03-25 03:00:00,2026-03-21 19:00:00,176.0,4.0,1,80.0,development,3,12,36.0,24,release,3,Бакалавр,design,10,Сверка остатков при приёмке на нефтебазе,NEFTEHIM-RCV,3,ООО «НефтехимСервис»,нефтехимия,7,f
1629,627,9,4,2026-03-25 05:00:00,2026-03-27 05:00:00,2026-03-27 13:00:00,2026-03-27 05:00:00,56.0,2.0,1,8.0,development,3,12,36.0,24,release,5,Бакалавр,qa,10,Сверка остатков при приёмке на нефтебазе,NEFTEHIM-RCV,3,ООО «НефтехимСервис»,нефтехимия,7,f
1630,627,6,3,2026-03-27 16:00:00,2026-04-01 16:00:00,2026-03-29 10:00:00,2026-04-01 16:00:00,42.0,5.0,0,0.0,development,3,12,36.0,24,release,3,Бакалавр,design,10,Сверка остатков при приёмке на нефтебазе,NEFTEHIM-RCV,3,ООО «НефтехимСервис»,нефтехимия,7,f
1631,627,9,4,2026-03-29 11:00:00,,2026-03-30 19:00:00,2026-04-01 11:00:00,32.0,3.0,0,0.0,development,3,12,36.0,24,release,5,Бакалавр,qa,10,Сверка остатков при приёмке на нефтебазе,NEFTEHIM-RCV,3,ООО «НефтехимСервис»,нефтехимия,7,f
1632,627,14,9,2026-03-31 00:00:00,2026-04-01 00:00:00,2026-04-06 00:00:00,2026-04-01 00:00:00,144.0,1.0,1,120.0,development,3,12,36.0,24,release,5,Бакалавр,release_manager,10,Сверка остатков при приёмке на нефтебазе,NEFTEHIM-RCV,3,ООО «НефтехимСервис»,нефтехимия,7,f
1633,628,6,3,2026-01-04 14:00:00,2026-01-06 14:00:00,2026-01-10 07:00:00,2026-01-06 14:00:00,137.0,2.0,1,89.0,incident,2,6,30.0,25,release,3,Бакалавр,design,11,Аналитика и отчёты для руководства,NEFTEHIM-BI,3,ООО «НефтехимСервис»,нефтехимия,7,f
1634,628,15,4,2026-01-10 09:00:00,2026-01-11 09:00:00,2026-01-13 02:00:00,2026-01-11 09:00:00,65.0,1.0,1,41.0,incident,2,6,30.0,25,release,2,Средне-специальное,qa,11,Аналитика и отчёты для руководства,NEFTEHIM-BI,3,ООО «НефтехимСервис»,нефтехимия,7,f
1635,628,6,3,2026-01-13 10:00:00,2026-01-18 10:00:00,2026-01-15 04:00:00,2026-01-18 10:00:00,42.0,5.0,0,0.0,incident,2,6,30.0,25,release,3,Бакалавр,design,11,Аналитика и отчёты для руководства,NEFTEHIM-BI,3,ООО «НефтехимСервис»,нефтехимия,7,f
1636,628,15,4,2026-01-15 07:00:00,,2026-01-17 19:00:00,2026-01-20 07:00:00,60.0,5.0,0,0.0,incident,2,6,30.0,25,release,2,Средне-специальное,qa,11,Аналитика и отчёты для руководства,NEFTEHIM-BI,3,ООО «НефтехимСервис»,нефтехимия,7,f
1637,628,6,3,2026-01-17 22:00:00,2026-01-21 22:00:00,2026-01-23 11:00:00,2026-01-21 22:00:00,133.0,4.0,1,37.0,incident,2,6,30.0,25,release,3,Бакалавр,design,11,Аналитика и отчёты для руководства,NEFTEHIM-BI,3,ООО «НефтехимСервис»,нефтехимия,7,f
1638,628,15,4,2026-01-23 15:00:00,2026-01-24 15:00:00,2026-01-28 15:00:00,2026-01-24 15:00:00,120.0,1.0,1,96.0,incident,2,6,30.0,25,release,2,Средне-специальное,qa,11,Аналитика и отчёты для руководства,NEFTEHIM-BI,3,ООО «НефтехимСервис»,нефтехимия,7,f
1639,628,10,9,2026-01-28 20:00:00,2026-01-29 20:00:00,2026-01-29 18:00:00,2026-01-29 20:00:00,22.0,1.0,0,0.0,incident,2,6,30.0,25,release,6,Бакалавр,release_manager,11,Аналитика и отчёты для руководства,NEFTEHIM-BI,3,ООО «НефтехимСервис»,нефтехимия,7,f
1640,629,5,2,2026-01-01 12:00:00,2026-01-11 12:00:00,2026-01-13 19:00:00,2026-01-11 12:00:00,295.0,10.0,1,55.0,development,1,11,66.0,14,release,2,Средне-специальное,backend,7,Интеграция с SCADA энергообъектов,REGENERGO-SCADA,2,ПАО «РегионЭнерго»,энергетика,3,f
1641,629,4,4,2026-01-13 21:00:00,,2026-01-16 05:00:00,2026-01-16 21:00:00,56.0,3.0,0,0.0,development,1,11,66.0,14,release,4,Бакалавр,qa,7,Интеграция с SCADA энергообъектов,REGENERGO-SCADA,2,ПАО «РегионЭнерго»,энергетика,3,f
1642,629,10,9,2026-01-16 09:00:00,2026-01-18 09:00:00,2026-01-21 21:00:00,2026-01-18 09:00:00,132.0,2.0,1,84.0,development,1,11,66.0,14,release,6,Бакалавр,release_manager,7,Интеграция с SCADA энергообъектов,REGENERGO-SCADA,2,ПАО «РегионЭнерго»,энергетика,3,f
1645,632,2,1,2026-01-09 21:00:00,2026-01-12 21:00:00,2026-01-12 08:00:00,2026-01-12 21:00:00,59.0,3.0,0,0.0,development,1,12,48.0,1,being_tested,5,Бакалавр,frontend,1,ПО учёта остатков топлива на АЗС и электростанциях,ZAPADTOP-FUEL,1,АО «ЗападТопливо»,топливная розница,2,f
1647,633,11,2,2026-01-01 21:00:00,2026-01-09 21:00:00,2026-01-11 09:00:00,2026-01-09 21:00:00,228.0,8.0,1,36.0,development,1,9,54.0,7,release,0,Средне-специальное,backend,4,Отчётность по остаткам для Ростехнадзора,ZAPADTOP-RTN,1,АО «ЗападТопливо»,топливная розница,3,f
1648,633,9,4,2026-01-12 14:00:00,2026-01-13 14:00:00,2026-01-17 06:00:00,2026-01-13 14:00:00,112.0,1.0,1,88.0,development,1,9,54.0,7,release,5,Бакалавр,qa,4,Отчётность по остаткам для Ростехнадзора,ZAPADTOP-RTN,1,АО «ЗападТопливо»,топливная розница,3,f
1649,633,10,9,2026-01-17 08:00:00,2026-01-18 08:00:00,2026-01-18 01:00:00,2026-01-18 08:00:00,17.0,1.0,0,0.0,development,1,9,54.0,7,release,6,Бакалавр,release_manager,4,Отчётность по остаткам для Ростехнадзора,ZAPADTOP-RTN,1,АО «ЗападТопливо»,топливная розница,3,f
1650,634,1,2,2026-01-02 22:00:00,2026-01-03 22:00:00,2026-01-03 09:00:00,2026-01-03 22:00:00,11.0,1.0,0,0.0,incident,4,1,3.0,23,release,8,Специалист,backend,10,Сверка остатков при приёмке на нефтебазе,NEFTEHIM-RCV,3,ООО «НефтехимСервис»,нефтехимия,3,t
1651,634,15,4,2026-01-03 11:00:00,,2026-01-06 20:00:00,2026-01-07 11:00:00,81.0,4.0,0,0.0,incident,4,1,3.0,23,release,2,Средне-специальное,qa,10,Сверка остатков при приёмке на нефтебазе,NEFTEHIM-RCV,3,ООО «НефтехимСервис»,нефтехимия,3,t
1652,634,14,9,2026-01-07 00:00:00,2026-01-09 00:00:00,2026-01-08 05:00:00,2026-01-09 00:00:00,29.0,2.0,0,0.0,incident,4,1,3.0,23,release,5,Бакалавр,release_manager,10,Сверка остатков при приёмке на нефтебазе,NEFTEHIM-RCV,3,ООО «НефтехимСервис»,нефтехимия,3,t
1654,636,2,1,2026-01-05 06:00:00,2026-01-06 06:00:00,2026-01-09 14:00:00,2026-01-06 06:00:00,104.0,1.0,1,80.0,incident,1,1,5.0,10,release,5,Бакалавр,frontend,5,Учёт топлива на котельных и ТЭЦ,REGENERGO-TEC,2,ПАО «РегионЭнерго»,энергетика,9,f
1655,636,15,4,2026-01-09 15:00:00,,2026-01-17 22:00:00,2026-01-14 15:00:00,199.0,5.0,1,79.0,incident,1,1,5.0,10,release,2,Средне-специальное,qa,5,Учёт топлива на котельных и ТЭЦ,REGENERGO-TEC,2,ПАО «РегионЭнерго»,энергетика,9,f
1656,636,2,1,2026-01-18 04:00:00,2026-01-21 04:00:00,2026-01-26 13:00:00,2026-01-21 04:00:00,201.0,3.0,1,129.0,incident,1,1,5.0,10,release,5,Бакалавр,frontend,5,Учёт топлива на котельных и ТЭЦ,REGENERGO-TEC,2,ПАО «РегионЭнерго»,энергетика,9,f
1657,636,15,4,2026-01-26 15:00:00,,2026-01-31 20:00:00,2026-01-29 15:00:00,125.0,3.0,1,53.0,incident,1,1,5.0,10,release,2,Средне-специальное,qa,5,Учёт топлива на котельных и ТЭЦ,REGENERGO-TEC,2,ПАО «РегионЭнерго»,энергетика,9,f
1658,636,2,1,2026-02-01 03:00:00,2026-02-05 03:00:00,2026-02-10 05:00:00,2026-02-05 03:00:00,218.0,4.0,1,122.0,incident,1,1,5.0,10,release,5,Бакалавр,frontend,5,Учёт топлива на котельных и ТЭЦ,REGENERGO-TEC,2,ПАО «РегионЭнерго»,энергетика,9,f
1659,636,15,4,2026-02-10 08:00:00,2026-02-12 08:00:00,2026-02-15 07:00:00,2026-02-12 08:00:00,119.0,2.0,1,71.0,incident,1,1,5.0,10,release,2,Средне-специальное,qa,5,Учёт топлива на котельных и ТЭЦ,REGENERGO-TEC,2,ПАО «РегионЭнерго»,энергетика,9,f
1660,636,2,1,2026-02-15 11:00:00,2026-02-20 11:00:00,2026-02-22 13:00:00,2026-02-20 11:00:00,170.0,5.0,1,50.0,incident,1,1,5.0,10,release,5,Бакалавр,frontend,5,Учёт топлива на котельных и ТЭЦ,REGENERGO-TEC,2,ПАО «РегионЭнерго»,энергетика,9,f
1661,636,15,4,2026-02-22 14:00:00,,2026-02-23 22:00:00,2026-02-25 14:00:00,32.0,3.0,0,0.0,incident,1,1,5.0,10,release,2,Средне-специальное,qa,5,Учёт топлива на котельных и ТЭЦ,REGENERGO-TEC,2,ПАО «РегионЭнерго»,энергетика,9,f
1662,636,14,9,2026-02-23 23:00:00,2026-02-24 23:00:00,2026-02-26 05:00:00,2026-02-24 23:00:00,54.0,1.0,1,30.0,incident,1,1,5.0,10,release,5,Бакалавр,release_manager,5,Учёт топлива на котельных и ТЭЦ,REGENERGO-TEC,2,ПАО «РегионЭнерго»,энергетика,9,f
1663,637,8,1,2026-03-12 10:00:00,2026-03-22 10:00:00,2026-03-18 22:00:00,2026-03-22 10:00:00,156.0,10.0,0,0.0,development,3,6,18.0,15,release,1,Средне-специальное,frontend,7,Интеграция с SCADA энергообъектов,REGENERGO-SCADA,2,ПАО «РегионЭнерго»,энергетика,3,f
1664,637,9,4,2026-03-19 01:00:00,2026-03-21 01:00:00,2026-03-20 11:00:00,2026-03-21 01:00:00,34.0,2.0,0,0.0,development,3,6,18.0,15,release,5,Бакалавр,qa,7,Интеграция с SCADA энергообъектов,REGENERGO-SCADA,2,ПАО «РегионЭнерго»,энергетика,3,f
1665,637,14,9,2026-03-20 14:00:00,2026-03-22 14:00:00,2026-03-21 18:00:00,2026-03-22 14:00:00,28.0,2.0,0,0.0,development,3,6,18.0,15,release,5,Бакалавр,release_manager,7,Интеграция с SCADA энергообъектов,REGENERGO-SCADA,2,ПАО «РегионЭнерго»,энергетика,3,f
1666,638,6,3,2026-01-02 23:00:00,2026-01-04 23:00:00,2026-01-08 07:00:00,2026-01-04 23:00:00,128.0,2.0,1,80.0,incident,2,6,30.0,23,release,3,Бакалавр,design,10,Сверка остатков при приёмке на нефтебазе,NEFTEHIM-RCV,3,ООО «НефтехимСервис»,нефтехимия,7,f
1667,638,15,4,2026-01-08 11:00:00,,2026-01-14 19:00:00,2026-01-13 11:00:00,152.0,5.0,1,32.0,incident,2,6,30.0,23,release,2,Средне-специальное,qa,10,Сверка остатков при приёмке на нефтебазе,NEFTEHIM-RCV,3,ООО «НефтехимСервис»,нефтехимия,7,f
1668,638,6,3,2026-01-14 23:00:00,2026-01-19 23:00:00,2026-01-24 00:00:00,2026-01-19 23:00:00,217.0,5.0,1,97.0,incident,2,6,30.0,23,release,3,Бакалавр,design,10,Сверка остатков при приёмке на нефтебазе,NEFTEHIM-RCV,3,ООО «НефтехимСервис»,нефтехимия,7,f
1669,638,15,4,2026-01-24 02:00:00,,2026-01-30 22:00:00,2026-01-28 02:00:00,164.0,4.0,1,68.0,incident,2,6,30.0,23,release,2,Средне-специальное,qa,10,Сверка остатков при приёмке на нефтебазе,NEFTEHIM-RCV,3,ООО «НефтехимСервис»,нефтехимия,7,f
1670,638,6,3,2026-01-31 05:00:00,2026-02-02 05:00:00,2026-02-07 10:00:00,2026-02-02 05:00:00,173.0,2.0,1,125.0,incident,2,6,30.0,23,release,3,Бакалавр,design,10,Сверка остатков при приёмке на нефтебазе,NEFTEHIM-RCV,3,ООО «НефтехимСервис»,нефтехимия,7,f
1671,638,15,4,2026-02-07 14:00:00,2026-02-08 14:00:00,2026-02-13 05:00:00,2026-02-08 14:00:00,135.0,1.0,1,111.0,incident,2,6,30.0,23,release,2,Средне-специальное,qa,10,Сверка остатков при приёмке на нефтебазе,NEFTEHIM-RCV,3,ООО «НефтехимСервис»,нефтехимия,7,f
1672,638,14,9,2026-02-13 09:00:00,2026-02-15 09:00:00,2026-02-14 03:00:00,2026-02-15 09:00:00,18.0,2.0,0,0.0,incident,2,6,30.0,23,release,5,Бакалавр,release_manager,10,Сверка остатков при приёмке на нефтебазе,NEFTEHIM-RCV,3,ООО «НефтехимСервис»,нефтехимия,7,f
1673,639,13,7,2026-05-01 15:00:00,2026-05-06 15:00:00,2026-05-03 22:00:00,2026-05-06 15:00:00,55.0,5.0,0,0.0,development,3,7,21.0,9,release,3,Средне-специальное,fullstack,4,Отчётность по остаткам для Ростехнадзора,ZAPADTOP-RTN,1,АО «ЗападТопливо»,топливная розница,3,f
1674,639,4,4,2026-05-03 23:00:00,,2026-05-11 19:00:00,2026-05-06 23:00:00,188.0,3.0,1,116.0,development,3,7,21.0,9,release,4,Бакалавр,qa,4,Отчётность по остаткам для Ростехнадзора,ZAPADTOP-RTN,1,АО «ЗападТопливо»,топливная розница,3,f
1675,639,14,9,2026-05-11 21:00:00,2026-05-13 21:00:00,2026-05-16 01:00:00,2026-05-13 21:00:00,100.0,2.0,1,52.0,development,3,7,21.0,9,release,5,Бакалавр,release_manager,4,Отчётность по остаткам для Ростехнадзора,ZAPADTOP-RTN,1,АО «ЗападТопливо»,топливная розница,3,f
1676,640,6,3,2026-03-12 12:00:00,2026-03-20 12:00:00,2026-03-18 04:00:00,2026-03-20 12:00:00,136.0,8.0,0,0.0,development,2,8,40.0,2,release,3,Бакалавр,design,1,ПО учёта остатков топлива на АЗС и электростанциях,ZAPADTOP-FUEL,1,АО «ЗападТопливо»,топливная розница,3,f
1677,640,9,4,2026-03-18 07:00:00,2026-03-21 07:00:00,2026-03-25 15:00:00,2026-03-21 07:00:00,176.0,3.0,1,104.0,development,2,8,40.0,2,release,5,Бакалавр,qa,1,ПО учёта остатков топлива на АЗС и электростанциях,ZAPADTOP-FUEL,1,АО «ЗападТопливо»,топливная розница,3,f
1678,640,10,9,2026-03-25 18:00:00,2026-03-26 18:00:00,2026-03-26 07:00:00,2026-03-26 18:00:00,13.0,1.0,0,0.0,development,2,8,40.0,2,release,6,Бакалавр,release_manager,1,ПО учёта остатков топлива на АЗС и электростанциях,ZAPADTOP-FUEL,1,АО «ЗападТопливо»,топливная розница,3,f
1679,641,6,3,2026-01-06 20:00:00,2026-01-10 20:00:00,2026-01-13 06:00:00,2026-01-10 20:00:00,154.0,4.0,1,58.0,development,2,11,44.0,27,release,3,Бакалавр,design,12,Мобильное приложение для инспекторов АЗС,NEFTEHIM-MOB,3,ООО «НефтехимСервис»,нефтехимия,9,f
1680,641,15,4,2026-01-13 10:00:00,2026-01-14 10:00:00,2026-01-18 22:00:00,2026-01-14 10:00:00,132.0,1.0,1,108.0,development,2,11,44.0,27,release,2,Средне-специальное,qa,12,Мобильное приложение для инспекторов АЗС,NEFTEHIM-MOB,3,ООО «НефтехимСервис»,нефтехимия,9,f
1681,641,6,3,2026-01-19 02:00:00,2026-01-22 02:00:00,2026-01-23 14:00:00,2026-01-22 02:00:00,108.0,3.0,1,36.0,development,2,11,44.0,27,release,3,Бакалавр,design,12,Мобильное приложение для инспекторов АЗС,NEFTEHIM-MOB,3,ООО «НефтехимСервис»,нефтехимия,9,f
1682,641,15,4,2026-01-23 18:00:00,,2026-01-30 02:00:00,2026-01-28 18:00:00,152.0,5.0,1,32.0,development,2,11,44.0,27,release,2,Средне-специальное,qa,12,Мобильное приложение для инспекторов АЗС,NEFTEHIM-MOB,3,ООО «НефтехимСервис»,нефтехимия,9,f
1683,641,6,3,2026-01-30 09:00:00,2026-02-03 09:00:00,2026-02-08 18:00:00,2026-02-03 09:00:00,225.0,4.0,1,129.0,development,2,11,44.0,27,release,3,Бакалавр,design,12,Мобильное приложение для инспекторов АЗС,NEFTEHIM-MOB,3,ООО «НефтехимСервис»,нефтехимия,9,f
1684,641,15,4,2026-02-08 21:00:00,,2026-02-16 08:00:00,2026-02-11 21:00:00,179.0,3.0,1,107.0,development,2,11,44.0,27,release,2,Средне-специальное,qa,12,Мобильное приложение для инспекторов АЗС,NEFTEHIM-MOB,3,ООО «НефтехимСервис»,нефтехимия,9,f
1685,641,6,3,2026-02-16 11:00:00,2026-02-21 11:00:00,2026-02-23 12:00:00,2026-02-21 11:00:00,169.0,5.0,1,49.0,development,2,11,44.0,27,release,3,Бакалавр,design,12,Мобильное приложение для инспекторов АЗС,NEFTEHIM-MOB,3,ООО «НефтехимСервис»,нефтехимия,9,f
1686,641,15,4,2026-02-23 13:00:00,2026-02-24 13:00:00,2026-03-01 00:00:00,2026-02-24 13:00:00,131.0,1.0,1,107.0,development,2,11,44.0,27,release,2,Средне-специальное,qa,12,Мобильное приложение для инспекторов АЗС,NEFTEHIM-MOB,3,ООО «НефтехимСервис»,нефтехимия,9,f
1687,641,14,9,2026-03-01 03:00:00,2026-03-02 03:00:00,2026-03-01 14:00:00,2026-03-02 03:00:00,11.0,1.0,0,0.0,development,2,11,44.0,27,release,5,Бакалавр,release_manager,12,Мобильное приложение для инспекторов АЗС,NEFTEHIM-MOB,3,ООО «НефтехимСервис»,нефтехимия,9,f
1688,642,2,1,2026-03-05 13:00:00,2026-03-06 13:00:00,2026-03-08 11:00:00,2026-03-06 13:00:00,70.0,1.0,1,46.0,incident,3,1,6.0,28,release,5,Бакалавр,frontend,12,Мобильное приложение для инспекторов АЗС,NEFTEHIM-MOB,3,ООО «НефтехимСервис»,нефтехимия,3,f
1689,642,15,4,2026-03-08 15:00:00,,2026-03-12 22:00:00,2026-03-11 15:00:00,103.0,3.0,1,31.0,incident,3,1,6.0,28,release,2,Средне-специальное,qa,12,Мобильное приложение для инспекторов АЗС,NEFTEHIM-MOB,3,ООО «НефтехимСервис»,нефтехимия,3,f
1690,642,14,9,2026-03-13 04:00:00,2026-03-15 04:00:00,2026-03-14 20:00:00,2026-03-15 04:00:00,40.0,2.0,0,0.0,incident,3,1,6.0,28,release,5,Бакалавр,release_manager,12,Мобильное приложение для инспекторов АЗС,NEFTEHIM-MOB,3,ООО «НефтехимСервис»,нефтехимия,3,f
1694,647,11,2,2026-03-06 23:00:00,2026-03-08 23:00:00,2026-03-14 06:00:00,2026-03-08 23:00:00,175.0,2.0,1,127.0,incident,2,10,50.0,2,release,0,Средне-специальное,backend,1,ПО учёта остатков топлива на АЗС и электростанциях,ZAPADTOP-FUEL,1,АО «ЗападТопливо»,топливная розница,3,f
1695,647,9,4,2026-03-14 07:00:00,,2026-03-22 02:00:00,2026-03-18 07:00:00,187.0,4.0,1,91.0,incident,2,10,50.0,2,release,5,Бакалавр,qa,1,ПО учёта остатков топлива на АЗС и электростанциях,ZAPADTOP-FUEL,1,АО «ЗападТопливо»,топливная розница,3,f
1696,647,10,9,2026-03-22 04:00:00,2026-03-24 04:00:00,2026-03-23 14:00:00,2026-03-24 04:00:00,34.0,2.0,0,0.0,incident,2,10,50.0,2,release,6,Бакалавр,release_manager,1,ПО учёта остатков топлива на АЗС и электростанциях,ZAPADTOP-FUEL,1,АО «ЗападТопливо»,топливная розница,3,f
1697,648,11,2,2026-01-06 11:00:00,2026-01-07 11:00:00,2026-01-11 02:00:00,2026-01-07 11:00:00,111.0,1.0,1,87.0,incident,2,7,42.0,20,release,0,Средне-специальное,backend,9,Логистика перевозок нефтепродуктов,NEFTEHIM-LOG,3,ООО «НефтехимСервис»,нефтехимия,3,f
1698,648,15,4,2026-01-11 04:00:00,,2026-01-13 13:00:00,2026-01-14 04:00:00,57.0,3.0,0,0.0,incident,2,7,42.0,20,release,2,Средне-специальное,qa,9,Логистика перевозок нефтепродуктов,NEFTEHIM-LOG,3,ООО «НефтехимСервис»,нефтехимия,3,f
1699,648,10,9,2026-01-13 17:00:00,2026-01-14 17:00:00,2026-01-14 07:00:00,2026-01-14 17:00:00,14.0,1.0,0,0.0,incident,2,7,42.0,20,release,6,Бакалавр,release_manager,9,Логистика перевозок нефтепродуктов,NEFTEHIM-LOG,3,ООО «НефтехимСервис»,нефтехимия,3,f
1700,649,11,2,2026-03-04 02:00:00,2026-03-11 02:00:00,2026-03-14 21:00:00,2026-03-11 02:00:00,259.0,7.0,1,91.0,development,5,7,21.0,28,release,0,Средне-специальное,backend,12,Мобильное приложение для инспекторов АЗС,NEFTEHIM-MOB,3,ООО «НефтехимСервис»,нефтехимия,3,t
1701,649,4,4,2026-03-15 00:00:00,,2026-03-15 22:00:00,2026-03-18 00:00:00,22.0,3.0,0,0.0,development,5,7,21.0,28,release,4,Бакалавр,qa,12,Мобильное приложение для инспекторов АЗС,NEFTEHIM-MOB,3,ООО «НефтехимСервис»,нефтехимия,3,t
1702,649,10,9,2026-03-15 23:00:00,2026-03-17 23:00:00,2026-03-17 00:00:00,2026-03-17 23:00:00,25.0,2.0,0,0.0,development,5,7,21.0,28,release,6,Бакалавр,release_manager,12,Мобильное приложение для инспекторов АЗС,NEFTEHIM-MOB,3,ООО «НефтехимСервис»,нефтехимия,3,t
1703,651,6,3,2026-03-13 01:00:00,2026-03-20 01:00:00,2026-03-18 13:00:00,2026-03-20 01:00:00,132.0,7.0,0,0.0,development,2,2,6.0,15,release,3,Бакалавр,design,7,Интеграция с SCADA энергообъектов,REGENERGO-SCADA,2,ПАО «РегионЭнерго»,энергетика,5,f
1704,651,9,4,2026-03-18 14:00:00,2026-03-20 14:00:00,2026-03-19 08:00:00,2026-03-20 14:00:00,18.0,2.0,0,0.0,development,2,2,6.0,15,release,5,Бакалавр,qa,7,Интеграция с SCADA энергообъектов,REGENERGO-SCADA,2,ПАО «РегионЭнерго»,энергетика,5,f
1705,651,6,3,2026-03-19 12:00:00,2026-03-22 12:00:00,2026-03-25 09:00:00,2026-03-22 12:00:00,141.0,3.0,1,69.0,development,2,2,6.0,15,release,3,Бакалавр,design,7,Интеграция с SCADA энергообъектов,REGENERGO-SCADA,2,ПАО «РегионЭнерго»,энергетика,5,f
1706,651,9,4,2026-03-25 13:00:00,,2026-03-30 17:00:00,2026-03-30 13:00:00,124.0,5.0,1,4.0,development,2,2,6.0,15,release,5,Бакалавр,qa,7,Интеграция с SCADA энергообъектов,REGENERGO-SCADA,2,ПАО «РегионЭнерго»,энергетика,5,f
1758,669,6,3,2026-03-17 07:00:00,2026-03-25 07:00:00,2026-03-23 15:00:00,2026-03-25 07:00:00,152.0,8.0,0,0.0,development,5,10,40.0,26,release,3,Бакалавр,design,11,Аналитика и отчёты для руководства,NEFTEHIM-BI,3,ООО «НефтехимСервис»,нефтехимия,3,t
1707,651,14,9,2026-03-30 18:00:00,2026-04-01 18:00:00,2026-04-05 04:00:00,2026-04-01 18:00:00,130.0,2.0,1,82.0,development,2,2,6.0,15,release,5,Бакалавр,release_manager,7,Интеграция с SCADA энергообъектов,REGENERGO-SCADA,2,ПАО «РегионЭнерго»,энергетика,5,f
1708,652,6,3,2026-04-28 00:00:00,2026-05-07 00:00:00,2026-05-09 20:00:00,2026-05-07 00:00:00,284.0,9.0,1,68.0,development,1,5,25.0,16,release,3,Бакалавр,design,7,Интеграция с SCADA энергообъектов,REGENERGO-SCADA,2,ПАО «РегионЭнерго»,энергетика,3,f
1709,652,15,4,2026-05-09 22:00:00,,2026-05-11 11:00:00,2026-05-13 22:00:00,37.0,4.0,0,0.0,development,1,5,25.0,16,release,2,Средне-специальное,qa,7,Интеграция с SCADA энергообъектов,REGENERGO-SCADA,2,ПАО «РегионЭнерго»,энергетика,3,f
1710,652,14,9,2026-05-11 17:00:00,2026-05-12 17:00:00,2026-05-15 17:00:00,2026-05-12 17:00:00,96.0,1.0,1,72.0,development,1,5,25.0,16,release,5,Бакалавр,release_manager,7,Интеграция с SCADA энергообъектов,REGENERGO-SCADA,2,ПАО «РегионЭнерго»,энергетика,3,f
1711,653,6,3,2026-05-04 19:00:00,2026-05-06 19:00:00,2026-05-09 17:00:00,2026-05-06 19:00:00,118.0,2.0,1,70.0,incident,1,12,36.0,13,being_tested,3,Бакалавр,design,6,Система мониторинга резервных топливных складов,REGENERGO-SKLAD,2,ПАО «РегионЭнерго»,энергетика,2,f
1713,654,6,3,2026-01-01 00:00:00,2026-01-02 00:00:00,2026-01-03 21:00:00,2026-01-02 00:00:00,69.0,1.0,1,45.0,incident,3,4,24.0,10,release,3,Бакалавр,design,5,Учёт топлива на котельных и ТЭЦ,REGENERGO-TEC,2,ПАО «РегионЭнерго»,энергетика,7,f
1714,654,4,4,2026-01-04 01:00:00,2026-01-05 01:00:00,2026-01-08 11:00:00,2026-01-05 01:00:00,106.0,1.0,1,82.0,incident,3,4,24.0,10,release,4,Бакалавр,qa,5,Учёт топлива на котельных и ТЭЦ,REGENERGO-TEC,2,ПАО «РегионЭнерго»,энергетика,7,f
1715,654,6,3,2026-01-08 13:00:00,2026-01-12 13:00:00,2026-01-16 06:00:00,2026-01-12 13:00:00,185.0,4.0,1,89.0,incident,3,4,24.0,10,release,3,Бакалавр,design,5,Учёт топлива на котельных и ТЭЦ,REGENERGO-TEC,2,ПАО «РегионЭнерго»,энергетика,7,f
1716,654,4,4,2026-01-16 07:00:00,2026-01-18 07:00:00,2026-01-17 23:00:00,2026-01-18 07:00:00,40.0,2.0,0,0.0,incident,3,4,24.0,10,release,4,Бакалавр,qa,5,Учёт топлива на котельных и ТЭЦ,REGENERGO-TEC,2,ПАО «РегионЭнерго»,энергетика,7,f
1717,654,6,3,2026-01-18 02:00:00,2026-01-23 02:00:00,2026-01-21 14:00:00,2026-01-23 02:00:00,84.0,5.0,0,0.0,incident,3,4,24.0,10,release,3,Бакалавр,design,5,Учёт топлива на котельных и ТЭЦ,REGENERGO-TEC,2,ПАО «РегионЭнерго»,энергетика,7,f
1718,654,4,4,2026-01-21 17:00:00,2026-01-24 17:00:00,2026-01-26 19:00:00,2026-01-24 17:00:00,122.0,3.0,1,50.0,incident,3,4,24.0,10,release,4,Бакалавр,qa,5,Учёт топлива на котельных и ТЭЦ,REGENERGO-TEC,2,ПАО «РегионЭнерго»,энергетика,7,f
1719,654,10,9,2026-01-27 00:00:00,2026-01-28 00:00:00,2026-01-27 11:00:00,2026-01-28 00:00:00,11.0,1.0,0,0.0,incident,3,4,24.0,10,release,6,Бакалавр,release_manager,5,Учёт топлива на котельных и ТЭЦ,REGENERGO-TEC,2,ПАО «РегионЭнерго»,энергетика,7,f
1720,655,13,7,2026-01-01 11:00:00,2026-01-08 11:00:00,2026-01-04 05:00:00,2026-01-08 11:00:00,66.0,7.0,0,0.0,development,2,13,39.0,7,release,3,Средне-специальное,fullstack,4,Отчётность по остаткам для Ростехнадзора,ZAPADTOP-RTN,1,АО «ЗападТопливо»,топливная розница,7,f
1721,655,4,4,2026-01-04 09:00:00,2026-01-05 09:00:00,2026-01-05 05:00:00,2026-01-05 09:00:00,20.0,1.0,0,0.0,development,2,13,39.0,7,release,4,Бакалавр,qa,4,Отчётность по остаткам для Ростехнадзора,ZAPADTOP-RTN,1,АО «ЗападТопливо»,топливная розница,7,f
1722,655,13,7,2026-01-05 12:00:00,2026-01-10 12:00:00,2026-01-07 13:00:00,2026-01-10 12:00:00,49.0,5.0,0,0.0,development,2,13,39.0,7,release,3,Средне-специальное,fullstack,4,Отчётность по остаткам для Ростехнадзора,ZAPADTOP-RTN,1,АО «ЗападТопливо»,топливная розница,7,f
1723,655,4,4,2026-01-07 16:00:00,,2026-01-15 20:00:00,2026-01-12 16:00:00,196.0,5.0,1,76.0,development,2,13,39.0,7,release,4,Бакалавр,qa,4,Отчётность по остаткам для Ростехнадзора,ZAPADTOP-RTN,1,АО «ЗападТопливо»,топливная розница,7,f
1724,655,13,7,2026-01-15 22:00:00,2026-01-20 22:00:00,2026-01-23 16:00:00,2026-01-20 22:00:00,186.0,5.0,1,66.0,development,2,13,39.0,7,release,3,Средне-специальное,fullstack,4,Отчётность по остаткам для Ростехнадзора,ZAPADTOP-RTN,1,АО «ЗападТопливо»,топливная розница,7,f
1725,655,4,4,2026-01-23 19:00:00,2026-01-25 19:00:00,2026-01-25 13:00:00,2026-01-25 19:00:00,42.0,2.0,0,0.0,development,2,13,39.0,7,release,4,Бакалавр,qa,4,Отчётность по остаткам для Ростехнадзора,ZAPADTOP-RTN,1,АО «ЗападТопливо»,топливная розница,7,f
1726,655,10,9,2026-01-25 17:00:00,2026-01-26 17:00:00,2026-01-26 12:00:00,2026-01-26 17:00:00,19.0,1.0,0,0.0,development,2,13,39.0,7,release,6,Бакалавр,release_manager,4,Отчётность по остаткам для Ростехнадзора,ZAPADTOP-RTN,1,АО «ЗападТопливо»,топливная розница,7,f
1727,657,3,7,2026-01-05 23:00:00,2026-01-11 23:00:00,2026-01-10 20:00:00,2026-01-11 23:00:00,117.0,6.0,0,0.0,development,2,12,60.0,14,release,6,Бакалавр,fullstack,7,Интеграция с SCADA энергообъектов,REGENERGO-SCADA,2,ПАО «РегионЭнерго»,энергетика,3,f
1728,657,15,4,2026-01-11 00:00:00,,2026-01-17 19:00:00,2026-01-14 00:00:00,163.0,3.0,1,91.0,development,2,12,60.0,14,release,2,Средне-специальное,qa,7,Интеграция с SCADA энергообъектов,REGENERGO-SCADA,2,ПАО «РегионЭнерго»,энергетика,3,f
1729,657,10,9,2026-01-18 00:00:00,2026-01-19 00:00:00,2026-01-18 19:00:00,2026-01-19 00:00:00,19.0,1.0,0,0.0,development,2,12,60.0,14,release,6,Бакалавр,release_manager,7,Интеграция с SCADA энергообъектов,REGENERGO-SCADA,2,ПАО «РегионЭнерго»,энергетика,3,f
1730,658,1,2,2026-03-09 21:00:00,2026-03-16 21:00:00,2026-03-13 02:00:00,2026-03-16 21:00:00,77.0,7.0,0,0.0,development,2,13,39.0,21,release,8,Специалист,backend,9,Логистика перевозок нефтепродуктов,NEFTEHIM-LOG,3,ООО «НефтехимСервис»,нефтехимия,3,f
1731,658,15,4,2026-03-13 06:00:00,2026-03-14 06:00:00,2026-03-17 22:00:00,2026-03-14 06:00:00,112.0,1.0,1,88.0,development,2,13,39.0,21,release,2,Средне-специальное,qa,9,Логистика перевозок нефтепродуктов,NEFTEHIM-LOG,3,ООО «НефтехимСервис»,нефтехимия,3,f
1732,658,14,9,2026-03-18 01:00:00,2026-03-20 01:00:00,2026-03-19 17:00:00,2026-03-20 01:00:00,40.0,2.0,0,0.0,development,2,13,39.0,21,release,5,Бакалавр,release_manager,9,Логистика перевозок нефтепродуктов,NEFTEHIM-LOG,3,ООО «НефтехимСервис»,нефтехимия,3,f
1734,660,5,2,2026-03-09 10:00:00,2026-03-19 10:00:00,2026-03-15 12:00:00,2026-03-19 10:00:00,146.0,10.0,0,0.0,development,2,2,10.0,28,release,2,Средне-специальное,backend,12,Мобильное приложение для инспекторов АЗС,NEFTEHIM-MOB,3,ООО «НефтехимСервис»,нефтехимия,3,f
1735,660,9,4,2026-03-15 14:00:00,,2026-03-24 14:00:00,2026-03-18 14:00:00,216.0,3.0,1,144.0,development,2,2,10.0,28,release,5,Бакалавр,qa,12,Мобильное приложение для инспекторов АЗС,NEFTEHIM-MOB,3,ООО «НефтехимСервис»,нефтехимия,3,f
1736,660,10,9,2026-03-24 15:00:00,2026-03-25 15:00:00,2026-03-29 10:00:00,2026-03-25 15:00:00,115.0,1.0,1,91.0,development,2,2,10.0,28,release,6,Бакалавр,release_manager,12,Мобильное приложение для инспекторов АЗС,NEFTEHIM-MOB,3,ООО «НефтехимСервис»,нефтехимия,3,f
1737,661,5,2,2026-03-07 05:00:00,2026-03-15 05:00:00,2026-03-12 02:00:00,2026-03-15 05:00:00,117.0,8.0,0,0.0,development,2,6,24.0,24,release,2,Средне-специальное,backend,10,Сверка остатков при приёмке на нефтебазе,NEFTEHIM-RCV,3,ООО «НефтехимСервис»,нефтехимия,3,f
1738,661,9,4,2026-03-12 06:00:00,,2026-03-20 12:00:00,2026-03-17 06:00:00,198.0,5.0,1,78.0,development,2,6,24.0,24,release,5,Бакалавр,qa,10,Сверка остатков при приёмке на нефтебазе,NEFTEHIM-RCV,3,ООО «НефтехимСервис»,нефтехимия,3,f
1739,661,10,9,2026-03-20 15:00:00,2026-03-21 15:00:00,2026-03-25 16:00:00,2026-03-21 15:00:00,121.0,1.0,1,97.0,development,2,6,24.0,24,release,6,Бакалавр,release_manager,10,Сверка остатков при приёмке на нефтебазе,NEFTEHIM-RCV,3,ООО «НефтехимСервис»,нефтехимия,3,f
1740,662,5,2,2026-01-10 02:00:00,2026-01-18 02:00:00,2026-01-15 10:00:00,2026-01-18 02:00:00,128.0,8.0,0,0.0,development,1,1,5.0,11,release,2,Средне-специальное,backend,6,Система мониторинга резервных топливных складов,REGENERGO-SKLAD,2,ПАО «РегионЭнерго»,энергетика,3,f
1741,662,9,4,2026-01-15 21:00:00,2026-01-16 21:00:00,2026-01-16 16:00:00,2026-01-16 21:00:00,19.0,1.0,0,0.0,development,1,1,5.0,11,release,5,Бакалавр,qa,6,Система мониторинга резервных топливных складов,REGENERGO-SKLAD,2,ПАО «РегионЭнерго»,энергетика,3,f
1742,662,10,9,2026-01-16 19:00:00,2026-01-17 19:00:00,2026-01-17 12:00:00,2026-01-17 19:00:00,17.0,1.0,0,0.0,development,1,1,5.0,11,release,6,Бакалавр,release_manager,6,Система мониторинга резервных топливных складов,REGENERGO-SKLAD,2,ПАО «РегионЭнерго»,энергетика,3,f
1744,664,1,2,2026-03-13 07:00:00,2026-03-23 07:00:00,2026-03-20 13:00:00,2026-03-23 07:00:00,174.0,10.0,0,0.0,development,3,1,5.0,21,being_tested,8,Специалист,backend,9,Логистика перевозок нефтепродуктов,NEFTEHIM-LOG,3,ООО «НефтехимСервис»,нефтехимия,2,f
1748,667,8,1,2026-03-06 17:00:00,2026-03-16 17:00:00,2026-03-12 20:00:00,2026-03-16 17:00:00,147.0,10.0,0,0.0,development,1,3,15.0,6,release,1,Средне-специальное,frontend,3,Личный кабинет оператора заправки,ZAPADTOP-LK,1,АО «ЗападТопливо»,топливная розница,3,f
1749,667,9,4,2026-03-13 00:00:00,,2026-03-19 08:00:00,2026-03-18 00:00:00,152.0,5.0,1,32.0,development,1,3,15.0,6,release,5,Бакалавр,qa,3,Личный кабинет оператора заправки,ZAPADTOP-LK,1,АО «ЗападТопливо»,топливная розница,3,f
1750,667,14,9,2026-03-19 14:00:00,2026-03-20 14:00:00,2026-03-20 04:00:00,2026-03-20 14:00:00,14.0,1.0,0,0.0,development,1,3,15.0,6,release,5,Бакалавр,release_manager,3,Личный кабинет оператора заправки,ZAPADTOP-LK,1,АО «ЗападТопливо»,топливная розница,3,f
1751,668,1,2,2026-01-06 06:00:00,2026-01-15 06:00:00,2026-01-10 10:00:00,2026-01-15 06:00:00,100.0,9.0,0,0.0,development,2,2,8.0,11,release,8,Специалист,backend,6,Система мониторинга резервных топливных складов,REGENERGO-SKLAD,2,ПАО «РегионЭнерго»,энергетика,7,f
1752,668,15,4,2026-01-10 14:00:00,,2026-01-12 05:00:00,2026-01-14 14:00:00,39.0,4.0,0,0.0,development,2,2,8.0,11,release,2,Средне-специальное,qa,6,Система мониторинга резервных топливных складов,REGENERGO-SKLAD,2,ПАО «РегионЭнерго»,энергетика,7,f
1753,668,1,2,2026-01-12 08:00:00,2026-01-14 08:00:00,2026-01-15 07:00:00,2026-01-14 08:00:00,71.0,2.0,1,23.0,development,2,2,8.0,11,release,8,Специалист,backend,6,Система мониторинга резервных топливных складов,REGENERGO-SKLAD,2,ПАО «РегионЭнерго»,энергетика,7,f
1754,668,15,4,2026-01-15 11:00:00,,2026-01-20 22:00:00,2026-01-20 11:00:00,131.0,5.0,1,11.0,development,2,2,8.0,11,release,2,Средне-специальное,qa,6,Система мониторинга резервных топливных складов,REGENERGO-SKLAD,2,ПАО «РегионЭнерго»,энергетика,7,f
1755,668,1,2,2026-01-21 06:00:00,2026-01-23 06:00:00,2026-01-26 23:00:00,2026-01-23 06:00:00,137.0,2.0,1,89.0,development,2,2,8.0,11,release,8,Специалист,backend,6,Система мониторинга резервных топливных складов,REGENERGO-SKLAD,2,ПАО «РегионЭнерго»,энергетика,7,f
1756,668,15,4,2026-01-27 01:00:00,2026-01-30 01:00:00,2026-01-28 02:00:00,2026-01-30 01:00:00,25.0,3.0,0,0.0,development,2,2,8.0,11,release,2,Средне-специальное,qa,6,Система мониторинга резервных топливных складов,REGENERGO-SKLAD,2,ПАО «РегионЭнерго»,энергетика,7,f
1757,668,14,9,2026-01-28 03:00:00,2026-01-30 03:00:00,2026-01-29 13:00:00,2026-01-30 03:00:00,34.0,2.0,0,0.0,development,2,2,8.0,11,release,5,Бакалавр,release_manager,6,Система мониторинга резервных топливных складов,REGENERGO-SKLAD,2,ПАО «РегионЭнерго»,энергетика,7,f
1759,669,9,4,2026-03-23 16:00:00,,2026-03-28 21:00:00,2026-03-26 16:00:00,125.0,3.0,1,53.0,development,5,10,40.0,26,release,5,Бакалавр,qa,11,Аналитика и отчёты для руководства,NEFTEHIM-BI,3,ООО «НефтехимСервис»,нефтехимия,3,t
1760,669,10,9,2026-03-28 22:00:00,2026-03-30 22:00:00,2026-03-30 01:00:00,2026-03-30 22:00:00,27.0,2.0,0,0.0,development,5,10,40.0,26,release,6,Бакалавр,release_manager,11,Аналитика и отчёты для руководства,NEFTEHIM-BI,3,ООО «НефтехимСервис»,нефтехимия,3,t
1761,670,8,1,2026-03-09 08:00:00,2026-03-15 08:00:00,2026-03-13 02:00:00,2026-03-15 08:00:00,90.0,6.0,0,0.0,development,3,4,16.0,8,being_tested,1,Средне-специальное,frontend,4,Отчётность по остаткам для Ростехнадзора,ZAPADTOP-RTN,1,АО «ЗападТопливо»,топливная розница,2,f
1763,672,3,7,2026-03-11 08:00:00,2026-03-14 08:00:00,2026-03-15 16:00:00,2026-03-14 08:00:00,104.0,3.0,1,32.0,incident,3,2,10.0,15,release,6,Бакалавр,fullstack,7,Интеграция с SCADA энергообъектов,REGENERGO-SCADA,2,ПАО «РегионЭнерго»,энергетика,3,f
1764,672,9,4,2026-03-15 17:00:00,,2026-03-22 11:00:00,2026-03-18 17:00:00,162.0,3.0,1,90.0,incident,3,2,10.0,15,release,5,Бакалавр,qa,7,Интеграция с SCADA энергообъектов,REGENERGO-SCADA,2,ПАО «РегионЭнерго»,энергетика,3,f
1765,672,10,9,2026-03-22 15:00:00,2026-03-24 15:00:00,2026-03-28 16:00:00,2026-03-24 15:00:00,145.0,2.0,1,97.0,incident,3,2,10.0,15,release,6,Бакалавр,release_manager,7,Интеграция с SCADA энергообъектов,REGENERGO-SCADA,2,ПАО «РегионЭнерго»,энергетика,3,f
1768,675,1,2,2026-01-04 04:00:00,2026-01-12 04:00:00,2026-01-10 00:00:00,2026-01-12 04:00:00,140.0,8.0,0,0.0,development,4,6,30.0,11,release,8,Специалист,backend,6,Система мониторинга резервных топливных складов,REGENERGO-SKLAD,2,ПАО «РегионЭнерго»,энергетика,5,t
1769,675,15,4,2026-01-10 04:00:00,,2026-01-15 19:00:00,2026-01-14 04:00:00,135.0,4.0,1,39.0,development,4,6,30.0,11,release,2,Средне-специальное,qa,6,Система мониторинга резервных топливных складов,REGENERGO-SKLAD,2,ПАО «РегионЭнерго»,энергетика,5,t
1770,675,1,2,2026-01-16 01:00:00,2026-01-20 01:00:00,2026-01-23 12:00:00,2026-01-20 01:00:00,179.0,4.0,1,83.0,development,4,6,30.0,11,release,8,Специалист,backend,6,Система мониторинга резервных топливных складов,REGENERGO-SKLAD,2,ПАО «РегионЭнерго»,энергетика,5,t
1771,675,15,4,2026-01-23 13:00:00,2026-01-25 13:00:00,2026-01-29 18:00:00,2026-01-25 13:00:00,149.0,2.0,1,101.0,development,4,6,30.0,11,release,2,Средне-специальное,qa,6,Система мониторинга резервных топливных складов,REGENERGO-SKLAD,2,ПАО «РегионЭнерго»,энергетика,5,t
1772,675,10,9,2026-01-29 21:00:00,2026-01-30 21:00:00,2026-01-30 09:00:00,2026-01-30 21:00:00,12.0,1.0,0,0.0,development,4,6,30.0,11,release,6,Бакалавр,release_manager,6,Система мониторинга резервных топливных складов,REGENERGO-SKLAD,2,ПАО «РегионЭнерго»,энергетика,5,t
1773,676,6,3,2026-03-03 13:00:00,2026-03-04 13:00:00,2026-03-08 12:00:00,2026-03-04 13:00:00,119.0,1.0,1,95.0,incident,2,11,33.0,4,release,3,Бакалавр,design,2,Модуль интеграции с датчиками уровня на АЗС,ZAPADTOP-IOT,1,АО «ЗападТопливо»,топливная розница,3,f
1774,676,15,4,2026-03-08 15:00:00,2026-03-11 15:00:00,2026-03-16 00:00:00,2026-03-11 15:00:00,177.0,3.0,1,105.0,incident,2,11,33.0,4,release,2,Средне-специальное,qa,2,Модуль интеграции с датчиками уровня на АЗС,ZAPADTOP-IOT,1,АО «ЗападТопливо»,топливная розница,3,f
1775,676,14,9,2026-03-16 02:00:00,2026-03-17 02:00:00,2026-03-20 06:00:00,2026-03-17 02:00:00,100.0,1.0,1,76.0,incident,2,11,33.0,4,release,5,Бакалавр,release_manager,2,Модуль интеграции с датчиками уровня на АЗС,ZAPADTOP-IOT,1,АО «ЗападТопливо»,топливная розница,3,f
1777,678,2,1,2026-03-12 20:00:00,2026-03-18 20:00:00,2026-03-23 08:00:00,2026-03-18 20:00:00,252.0,6.0,1,108.0,development,2,5,20.0,12,being_tested,5,Бакалавр,frontend,6,Система мониторинга резервных топливных складов,REGENERGO-SKLAD,2,ПАО «РегионЭнерго»,энергетика,2,f
1779,679,11,2,2026-03-15 01:00:00,2026-03-18 01:00:00,2026-03-23 16:00:00,2026-03-18 01:00:00,207.0,3.0,1,135.0,incident,4,6,30.0,28,release,0,Средне-специальное,backend,12,Мобильное приложение для инспекторов АЗС,NEFTEHIM-MOB,3,ООО «НефтехимСервис»,нефтехимия,7,t
1780,679,15,4,2026-03-23 19:00:00,2026-03-25 19:00:00,2026-03-28 05:00:00,2026-03-25 19:00:00,106.0,2.0,1,58.0,incident,4,6,30.0,28,release,2,Средне-специальное,qa,12,Мобильное приложение для инспекторов АЗС,NEFTEHIM-MOB,3,ООО «НефтехимСервис»,нефтехимия,7,t
1781,679,11,2,2026-03-28 12:00:00,2026-03-30 12:00:00,2026-04-03 02:00:00,2026-03-30 12:00:00,134.0,2.0,1,86.0,incident,4,6,30.0,28,release,0,Средне-специальное,backend,12,Мобильное приложение для инспекторов АЗС,NEFTEHIM-MOB,3,ООО «НефтехимСервис»,нефтехимия,7,t
1782,679,15,4,2026-04-03 06:00:00,,2026-04-07 13:00:00,2026-04-08 06:00:00,103.0,5.0,0,0.0,incident,4,6,30.0,28,release,2,Средне-специальное,qa,12,Мобильное приложение для инспекторов АЗС,NEFTEHIM-MOB,3,ООО «НефтехимСервис»,нефтехимия,7,t
1783,679,11,2,2026-04-07 18:00:00,2026-04-09 18:00:00,2026-04-13 16:00:00,2026-04-09 18:00:00,142.0,2.0,1,94.0,incident,4,6,30.0,28,release,0,Средне-специальное,backend,12,Мобильное приложение для инспекторов АЗС,NEFTEHIM-MOB,3,ООО «НефтехимСервис»,нефтехимия,7,t
1784,679,15,4,2026-04-13 19:00:00,2026-04-14 19:00:00,2026-04-17 20:00:00,2026-04-14 19:00:00,97.0,1.0,1,73.0,incident,4,6,30.0,28,release,2,Средне-специальное,qa,12,Мобильное приложение для инспекторов АЗС,NEFTEHIM-MOB,3,ООО «НефтехимСервис»,нефтехимия,7,t
1785,679,10,9,2026-04-17 23:00:00,2026-04-18 23:00:00,2026-04-21 09:00:00,2026-04-18 23:00:00,82.0,1.0,1,58.0,incident,4,6,30.0,28,release,6,Бакалавр,release_manager,12,Мобильное приложение для инспекторов АЗС,NEFTEHIM-MOB,3,ООО «НефтехимСервис»,нефтехимия,7,t
1786,680,13,7,2026-04-29 04:00:00,2026-04-30 04:00:00,2026-05-02 17:00:00,2026-04-30 04:00:00,85.0,1.0,1,61.0,incident,2,7,21.0,22,release,3,Средне-специальное,fullstack,9,Логистика перевозок нефтепродуктов,NEFTEHIM-LOG,3,ООО «НефтехимСервис»,нефтехимия,7,f
1787,680,4,4,2026-05-02 19:00:00,2026-05-05 19:00:00,2026-05-05 13:00:00,2026-05-05 19:00:00,66.0,3.0,0,0.0,incident,2,7,21.0,22,release,4,Бакалавр,qa,9,Логистика перевозок нефтепродуктов,NEFTEHIM-LOG,3,ООО «НефтехимСервис»,нефтехимия,7,f
1788,680,13,7,2026-05-05 16:00:00,2026-05-08 16:00:00,2026-05-13 15:00:00,2026-05-08 16:00:00,191.0,3.0,1,119.0,incident,2,7,21.0,22,release,3,Средне-специальное,fullstack,9,Логистика перевозок нефтепродуктов,NEFTEHIM-LOG,3,ООО «НефтехимСервис»,нефтехимия,7,f
1789,680,4,4,2026-05-13 16:00:00,2026-05-14 16:00:00,2026-05-17 13:00:00,2026-05-14 16:00:00,93.0,1.0,1,69.0,incident,2,7,21.0,22,release,4,Бакалавр,qa,9,Логистика перевозок нефтепродуктов,NEFTEHIM-LOG,3,ООО «НефтехимСервис»,нефтехимия,7,f
1790,680,13,7,2026-05-17 21:00:00,2026-05-20 21:00:00,2026-05-23 02:00:00,2026-05-20 21:00:00,125.0,3.0,1,53.0,incident,2,7,21.0,22,release,3,Средне-специальное,fullstack,9,Логистика перевозок нефтепродуктов,NEFTEHIM-LOG,3,ООО «НефтехимСервис»,нефтехимия,7,f
1791,680,4,4,2026-05-23 04:00:00,2026-05-24 04:00:00,2026-05-26 15:00:00,2026-05-24 04:00:00,83.0,1.0,1,59.0,incident,2,7,21.0,22,release,4,Бакалавр,qa,9,Логистика перевозок нефтепродуктов,NEFTEHIM-LOG,3,ООО «НефтехимСервис»,нефтехимия,7,f
1792,680,14,9,2026-05-26 20:00:00,2026-05-28 20:00:00,2026-06-02 01:00:00,2026-05-28 20:00:00,149.0,2.0,1,101.0,incident,2,7,21.0,22,release,5,Бакалавр,release_manager,9,Логистика перевозок нефтепродуктов,NEFTEHIM-LOG,3,ООО «НефтехимСервис»,нефтехимия,7,f
1793,681,5,2,2026-03-07 22:00:00,2026-03-15 22:00:00,2026-03-13 20:00:00,2026-03-15 22:00:00,142.0,8.0,0,0.0,development,2,10,50.0,6,being_tested,2,Средне-специальное,backend,3,Личный кабинет оператора заправки,ZAPADTOP-LK,1,АО «ЗападТопливо»,топливная розница,2,f
1795,682,6,3,2026-01-01 06:00:00,2026-01-03 06:00:00,2026-01-06 19:00:00,2026-01-03 06:00:00,133.0,2.0,1,85.0,incident,1,1,6.0,3,release,3,Бакалавр,design,2,Модуль интеграции с датчиками уровня на АЗС,ZAPADTOP-IOT,1,АО «ЗападТопливо»,топливная розница,3,f
1796,682,4,4,2026-01-06 22:00:00,2026-01-08 22:00:00,2026-01-10 23:00:00,2026-01-08 22:00:00,97.0,2.0,1,49.0,incident,1,1,6.0,3,release,4,Бакалавр,qa,2,Модуль интеграции с датчиками уровня на АЗС,ZAPADTOP-IOT,1,АО «ЗападТопливо»,топливная розница,3,f
1797,682,14,9,2026-01-11 02:00:00,2026-01-12 02:00:00,2026-01-11 23:00:00,2026-01-12 02:00:00,21.0,1.0,0,0.0,incident,1,1,6.0,3,release,5,Бакалавр,release_manager,2,Модуль интеграции с датчиками уровня на АЗС,ZAPADTOP-IOT,1,АО «ЗападТопливо»,топливная розница,3,f
1798,683,6,3,2026-03-06 10:00:00,2026-03-12 10:00:00,2026-03-13 00:00:00,2026-03-12 10:00:00,158.0,6.0,1,14.0,development,3,10,30.0,2,release,3,Бакалавр,design,1,ПО учёта остатков топлива на АЗС и электростанциях,ZAPADTOP-FUEL,1,АО «ЗападТопливо»,топливная розница,7,f
1799,683,15,4,2026-03-13 03:00:00,,2026-03-21 18:00:00,2026-03-18 03:00:00,207.0,5.0,1,87.0,development,3,10,30.0,2,release,2,Средне-специальное,qa,1,ПО учёта остатков топлива на АЗС и электростанциях,ZAPADTOP-FUEL,1,АО «ЗападТопливо»,топливная розница,7,f
1800,683,6,3,2026-03-22 01:00:00,2026-03-27 01:00:00,2026-03-23 20:00:00,2026-03-27 01:00:00,43.0,5.0,0,0.0,development,3,10,30.0,2,release,3,Бакалавр,design,1,ПО учёта остатков топлива на АЗС и электростанциях,ZAPADTOP-FUEL,1,АО «ЗападТопливо»,топливная розница,7,f
1801,683,15,4,2026-03-23 21:00:00,,2026-03-29 02:00:00,2026-03-26 21:00:00,125.0,3.0,1,53.0,development,3,10,30.0,2,release,2,Средне-специальное,qa,1,ПО учёта остатков топлива на АЗС и электростанциях,ZAPADTOP-FUEL,1,АО «ЗападТопливо»,топливная розница,7,f
1802,683,6,3,2026-03-29 04:00:00,2026-04-01 04:00:00,2026-04-02 17:00:00,2026-04-01 04:00:00,109.0,3.0,1,37.0,development,3,10,30.0,2,release,3,Бакалавр,design,1,ПО учёта остатков топлива на АЗС и электростанциях,ZAPADTOP-FUEL,1,АО «ЗападТопливо»,топливная розница,7,f
1803,683,15,4,2026-04-02 20:00:00,2026-04-03 20:00:00,2026-04-06 03:00:00,2026-04-03 20:00:00,79.0,1.0,1,55.0,development,3,10,30.0,2,release,2,Средне-специальное,qa,1,ПО учёта остатков топлива на АЗС и электростанциях,ZAPADTOP-FUEL,1,АО «ЗападТопливо»,топливная розница,7,f
1804,683,14,9,2026-04-06 07:00:00,2026-04-08 07:00:00,2026-04-07 03:00:00,2026-04-08 07:00:00,20.0,2.0,0,0.0,development,3,10,30.0,2,release,5,Бакалавр,release_manager,1,ПО учёта остатков топлива на АЗС и электростанциях,ZAPADTOP-FUEL,1,АО «ЗападТопливо»,топливная розница,7,f
1805,684,6,3,2026-03-02 18:00:00,2026-03-05 18:00:00,2026-03-04 10:00:00,2026-03-05 18:00:00,40.0,3.0,0,0.0,incident,3,7,28.0,6,release,3,Бакалавр,design,3,Личный кабинет оператора заправки,ZAPADTOP-LK,1,АО «ЗападТопливо»,топливная розница,9,f
1806,684,4,4,2026-03-04 12:00:00,,2026-03-09 20:00:00,2026-03-09 12:00:00,128.0,5.0,1,8.0,incident,3,7,28.0,6,release,4,Бакалавр,qa,3,Личный кабинет оператора заправки,ZAPADTOP-LK,1,АО «ЗападТопливо»,топливная розница,9,f
1807,684,6,3,2026-03-10 00:00:00,2026-03-14 00:00:00,2026-03-16 08:00:00,2026-03-14 00:00:00,152.0,4.0,1,56.0,incident,3,7,28.0,6,release,3,Бакалавр,design,3,Личный кабинет оператора заправки,ZAPADTOP-LK,1,АО «ЗападТопливо»,топливная розница,9,f
1808,684,4,4,2026-03-16 11:00:00,2026-03-17 11:00:00,2026-03-20 21:00:00,2026-03-17 11:00:00,106.0,1.0,1,82.0,incident,3,7,28.0,6,release,4,Бакалавр,qa,3,Личный кабинет оператора заправки,ZAPADTOP-LK,1,АО «ЗападТопливо»,топливная розница,9,f
1809,684,6,3,2026-03-21 04:00:00,2026-03-24 04:00:00,2026-03-26 02:00:00,2026-03-24 04:00:00,118.0,3.0,1,46.0,incident,3,7,28.0,6,release,3,Бакалавр,design,3,Личный кабинет оператора заправки,ZAPADTOP-LK,1,АО «ЗападТопливо»,топливная розница,9,f
1810,684,4,4,2026-03-26 06:00:00,,2026-04-05 02:00:00,2026-03-31 06:00:00,236.0,5.0,1,116.0,incident,3,7,28.0,6,release,4,Бакалавр,qa,3,Личный кабинет оператора заправки,ZAPADTOP-LK,1,АО «ЗападТопливо»,топливная розница,9,f
1811,684,6,3,2026-04-05 04:00:00,2026-04-08 04:00:00,2026-04-10 06:00:00,2026-04-08 04:00:00,122.0,3.0,1,50.0,incident,3,7,28.0,6,release,3,Бакалавр,design,3,Личный кабинет оператора заправки,ZAPADTOP-LK,1,АО «ЗападТопливо»,топливная розница,9,f
1812,684,4,4,2026-04-10 09:00:00,,2026-04-15 13:00:00,2026-04-15 09:00:00,124.0,5.0,1,4.0,incident,3,7,28.0,6,release,4,Бакалавр,qa,3,Личный кабинет оператора заправки,ZAPADTOP-LK,1,АО «ЗападТопливо»,топливная розница,9,f
1813,684,14,9,2026-04-15 14:00:00,2026-04-17 14:00:00,2026-04-16 18:00:00,2026-04-17 14:00:00,28.0,2.0,0,0.0,incident,3,7,28.0,6,release,5,Бакалавр,release_manager,3,Личный кабинет оператора заправки,ZAPADTOP-LK,1,АО «ЗападТопливо»,топливная розница,9,f
1814,685,8,1,2026-01-03 19:00:00,2026-01-12 19:00:00,2026-01-09 10:00:00,2026-01-12 19:00:00,135.0,9.0,0,0.0,development,1,8,48.0,3,release,1,Средне-специальное,frontend,2,Модуль интеграции с датчиками уровня на АЗС,ZAPADTOP-IOT,1,АО «ЗападТопливо»,топливная розница,3,f
1815,685,4,4,2026-01-09 14:00:00,,2026-01-16 14:00:00,2026-01-14 14:00:00,168.0,5.0,1,48.0,development,1,8,48.0,3,release,4,Бакалавр,qa,2,Модуль интеграции с датчиками уровня на АЗС,ZAPADTOP-IOT,1,АО «ЗападТопливо»,топливная розница,3,f
1816,685,10,9,2026-01-16 19:00:00,2026-01-17 19:00:00,2026-01-17 09:00:00,2026-01-17 19:00:00,14.0,1.0,0,0.0,development,1,8,48.0,3,release,6,Бакалавр,release_manager,2,Модуль интеграции с датчиками уровня на АЗС,ZAPADTOP-IOT,1,АО «ЗападТопливо»,топливная розница,3,f
1817,686,1,2,2026-01-09 17:00:00,2026-01-12 17:00:00,2026-01-15 06:00:00,2026-01-12 17:00:00,133.0,3.0,1,61.0,incident,4,8,24.0,10,release,8,Специалист,backend,5,Учёт топлива на котельных и ТЭЦ,REGENERGO-TEC,2,ПАО «РегионЭнерго»,энергетика,5,t
1818,686,4,4,2026-01-15 09:00:00,,2026-01-22 02:00:00,2026-01-20 09:00:00,161.0,5.0,1,41.0,incident,4,8,24.0,10,release,4,Бакалавр,qa,5,Учёт топлива на котельных и ТЭЦ,REGENERGO-TEC,2,ПАО «РегионЭнерго»,энергетика,5,t
1819,686,1,2,2026-01-22 08:00:00,2026-01-25 08:00:00,2026-01-26 14:00:00,2026-01-25 08:00:00,102.0,3.0,1,30.0,incident,4,8,24.0,10,release,8,Специалист,backend,5,Учёт топлива на котельных и ТЭЦ,REGENERGO-TEC,2,ПАО «РегионЭнерго»,энергетика,5,t
1820,686,4,4,2026-01-26 15:00:00,,2026-02-04 03:00:00,2026-01-29 15:00:00,204.0,3.0,1,132.0,incident,4,8,24.0,10,release,4,Бакалавр,qa,5,Учёт топлива на котельных и ТЭЦ,REGENERGO-TEC,2,ПАО «РегионЭнерго»,энергетика,5,t
1821,686,14,9,2026-02-04 04:00:00,2026-02-06 04:00:00,2026-02-05 23:00:00,2026-02-06 04:00:00,43.0,2.0,0,0.0,incident,4,8,24.0,10,release,5,Бакалавр,release_manager,5,Учёт топлива на котельных и ТЭЦ,REGENERGO-TEC,2,ПАО «РегионЭнерго»,энергетика,5,t
1822,687,6,3,2026-01-03 08:00:00,2026-01-04 08:00:00,2026-01-04 16:00:00,2026-01-04 08:00:00,32.0,1.0,1,8.0,incident,3,4,16.0,10,release,3,Бакалавр,design,5,Учёт топлива на котельных и ТЭЦ,REGENERGO-TEC,2,ПАО «РегионЭнерго»,энергетика,5,f
1823,687,9,4,2026-01-04 19:00:00,,2026-01-10 09:00:00,2026-01-07 19:00:00,134.0,3.0,1,62.0,incident,3,4,16.0,10,release,5,Бакалавр,qa,5,Учёт топлива на котельных и ТЭЦ,REGENERGO-TEC,2,ПАО «РегионЭнерго»,энергетика,5,f
1824,687,6,3,2026-01-10 13:00:00,2026-01-12 13:00:00,2026-01-15 22:00:00,2026-01-12 13:00:00,129.0,2.0,1,81.0,incident,3,4,16.0,10,release,3,Бакалавр,design,5,Учёт топлива на котельных и ТЭЦ,REGENERGO-TEC,2,ПАО «РегионЭнерго»,энергетика,5,f
1825,687,9,4,2026-01-16 00:00:00,,2026-01-19 10:00:00,2026-01-21 00:00:00,82.0,5.0,0,0.0,incident,3,4,16.0,10,release,5,Бакалавр,qa,5,Учёт топлива на котельных и ТЭЦ,REGENERGO-TEC,2,ПАО «РегионЭнерго»,энергетика,5,f
1826,687,14,9,2026-01-19 15:00:00,2026-01-21 15:00:00,2026-01-20 06:00:00,2026-01-21 15:00:00,15.0,2.0,0,0.0,incident,3,4,16.0,10,release,5,Бакалавр,release_manager,5,Учёт топлива на котельных и ТЭЦ,REGENERGO-TEC,2,ПАО «РегионЭнерго»,энергетика,5,f
1827,689,5,2,2026-04-30 20:00:00,2026-05-10 20:00:00,2026-05-12 01:00:00,2026-05-10 20:00:00,269.0,10.0,1,29.0,development,2,9,36.0,9,release,2,Средне-специальное,backend,4,Отчётность по остаткам для Ростехнадзора,ZAPADTOP-RTN,1,АО «ЗападТопливо»,топливная розница,3,f
1828,689,9,4,2026-05-12 02:00:00,,2026-05-13 14:00:00,2026-05-15 02:00:00,36.0,3.0,0,0.0,development,2,9,36.0,9,release,5,Бакалавр,qa,4,Отчётность по остаткам для Ростехнадзора,ZAPADTOP-RTN,1,АО «ЗападТопливо»,топливная розница,3,f
1829,689,10,9,2026-05-13 15:00:00,2026-05-15 15:00:00,2026-05-15 03:00:00,2026-05-15 15:00:00,36.0,2.0,0,0.0,development,2,9,36.0,9,release,6,Бакалавр,release_manager,4,Отчётность по остаткам для Ростехнадзора,ZAPADTOP-RTN,1,АО «ЗападТопливо»,топливная розница,3,f
1830,690,2,1,2026-05-03 12:00:00,2026-05-11 12:00:00,2026-05-15 20:00:00,2026-05-11 12:00:00,296.0,8.0,1,104.0,development,4,1,6.0,19,release,5,Бакалавр,frontend,8,Портал заявок на доработку от эксплуатации,REGENERGO-REQ,2,ПАО «РегионЭнерго»,энергетика,7,t
1831,690,15,4,2026-05-15 23:00:00,,2026-05-24 23:00:00,2026-05-20 23:00:00,216.0,5.0,1,96.0,development,4,1,6.0,19,release,2,Средне-специальное,qa,8,Портал заявок на доработку от эксплуатации,REGENERGO-REQ,2,ПАО «РегионЭнерго»,энергетика,7,t
1832,690,2,1,2026-05-25 06:00:00,2026-05-29 06:00:00,2026-06-02 04:00:00,2026-05-29 06:00:00,190.0,4.0,1,94.0,development,4,1,6.0,19,release,5,Бакалавр,frontend,8,Портал заявок на доработку от эксплуатации,REGENERGO-REQ,2,ПАО «РегионЭнерго»,энергетика,7,t
1833,690,15,4,2026-06-02 07:00:00,,2026-06-08 19:00:00,2026-06-05 07:00:00,156.0,3.0,1,84.0,development,4,1,6.0,19,release,2,Средне-специальное,qa,8,Портал заявок на доработку от эксплуатации,REGENERGO-REQ,2,ПАО «РегионЭнерго»,энергетика,7,t
1834,690,2,1,2026-06-09 02:00:00,2026-06-11 02:00:00,2026-06-13 05:00:00,2026-06-11 02:00:00,99.0,2.0,1,51.0,development,4,1,6.0,19,release,5,Бакалавр,frontend,8,Портал заявок на доработку от эксплуатации,REGENERGO-REQ,2,ПАО «РегионЭнерго»,энергетика,7,t
1835,690,15,4,2026-06-13 07:00:00,,2026-06-17 16:00:00,2026-06-17 07:00:00,105.0,4.0,1,9.0,development,4,1,6.0,19,release,2,Средне-специальное,qa,8,Портал заявок на доработку от эксплуатации,REGENERGO-REQ,2,ПАО «РегионЭнерго»,энергетика,7,t
1836,690,10,9,2026-06-17 18:00:00,2026-06-18 18:00:00,2026-06-18 07:00:00,2026-06-18 18:00:00,13.0,1.0,0,0.0,development,4,1,6.0,19,release,6,Бакалавр,release_manager,8,Портал заявок на доработку от эксплуатации,REGENERGO-REQ,2,ПАО «РегионЭнерго»,энергетика,7,t
1837,691,3,7,2026-01-04 12:00:00,2026-01-12 12:00:00,2026-01-16 11:00:00,2026-01-12 12:00:00,287.0,8.0,1,95.0,development,3,11,66.0,25,being_tested,6,Бакалавр,fullstack,11,Аналитика и отчёты для руководства,NEFTEHIM-BI,3,ООО «НефтехимСервис»,нефтехимия,2,f
1839,692,8,1,2026-05-05 08:00:00,2026-05-08 08:00:00,2026-05-10 22:00:00,2026-05-08 08:00:00,134.0,3.0,1,62.0,development,1,4,20.0,22,release,1,Средне-специальное,frontend,9,Логистика перевозок нефтепродуктов,NEFTEHIM-LOG,3,ООО «НефтехимСервис»,нефтехимия,9,f
1840,692,4,4,2026-05-11 02:00:00,2026-05-13 02:00:00,2026-05-12 05:00:00,2026-05-13 02:00:00,27.0,2.0,0,0.0,development,1,4,20.0,22,release,4,Бакалавр,qa,9,Логистика перевозок нефтепродуктов,NEFTEHIM-LOG,3,ООО «НефтехимСервис»,нефтехимия,9,f
1841,692,8,1,2026-05-12 07:00:00,2026-05-16 07:00:00,2026-05-19 11:00:00,2026-05-16 07:00:00,172.0,4.0,1,76.0,development,1,4,20.0,22,release,1,Средне-специальное,frontend,9,Логистика перевозок нефтепродуктов,NEFTEHIM-LOG,3,ООО «НефтехимСервис»,нефтехимия,9,f
1842,692,4,4,2026-05-19 13:00:00,2026-05-22 13:00:00,2026-05-22 19:00:00,2026-05-22 13:00:00,78.0,3.0,1,6.0,development,1,4,20.0,22,release,4,Бакалавр,qa,9,Логистика перевозок нефтепродуктов,NEFTEHIM-LOG,3,ООО «НефтехимСервис»,нефтехимия,9,f
1843,692,8,1,2026-05-23 03:00:00,2026-05-26 03:00:00,2026-05-31 13:00:00,2026-05-26 03:00:00,202.0,3.0,1,130.0,development,1,4,20.0,22,release,1,Средне-специальное,frontend,9,Логистика перевозок нефтепродуктов,NEFTEHIM-LOG,3,ООО «НефтехимСервис»,нефтехимия,9,f
1844,692,4,4,2026-05-31 14:00:00,,2026-06-06 20:00:00,2026-06-03 14:00:00,150.0,3.0,1,78.0,development,1,4,20.0,22,release,4,Бакалавр,qa,9,Логистика перевозок нефтепродуктов,NEFTEHIM-LOG,3,ООО «НефтехимСервис»,нефтехимия,9,f
1845,692,8,1,2026-06-06 22:00:00,2026-06-10 22:00:00,2026-06-14 11:00:00,2026-06-10 22:00:00,181.0,4.0,1,85.0,development,1,4,20.0,22,release,1,Средне-специальное,frontend,9,Логистика перевозок нефтепродуктов,NEFTEHIM-LOG,3,ООО «НефтехимСервис»,нефтехимия,9,f
1846,692,4,4,2026-06-14 13:00:00,,2026-06-16 05:00:00,2026-06-17 13:00:00,40.0,3.0,0,0.0,development,1,4,20.0,22,release,4,Бакалавр,qa,9,Логистика перевозок нефтепродуктов,NEFTEHIM-LOG,3,ООО «НефтехимСервис»,нефтехимия,9,f
1847,692,14,9,2026-06-16 08:00:00,2026-06-18 08:00:00,2026-06-17 07:00:00,2026-06-18 08:00:00,23.0,2.0,0,0.0,development,1,4,20.0,22,release,5,Бакалавр,release_manager,9,Логистика перевозок нефтепродуктов,NEFTEHIM-LOG,3,ООО «НефтехимСервис»,нефтехимия,9,f
1848,694,6,3,2025-12-31 00:00:00,2026-01-05 00:00:00,2026-01-03 13:00:00,2026-01-05 00:00:00,85.0,5.0,0,0.0,development,1,2,6.0,23,release,3,Бакалавр,design,10,Сверка остатков при приёмке на нефтебазе,NEFTEHIM-RCV,3,ООО «НефтехимСервис»,нефтехимия,3,f
1849,694,9,4,2026-01-03 14:00:00,,2026-01-12 02:00:00,2026-01-07 14:00:00,204.0,4.0,1,108.0,development,1,2,6.0,23,release,5,Бакалавр,qa,10,Сверка остатков при приёмке на нефтебазе,NEFTEHIM-RCV,3,ООО «НефтехимСервис»,нефтехимия,3,f
1850,694,14,9,2026-01-12 07:00:00,2026-01-13 07:00:00,2026-01-12 17:00:00,2026-01-13 07:00:00,10.0,1.0,0,0.0,development,1,2,6.0,23,release,5,Бакалавр,release_manager,10,Сверка остатков при приёмке на нефтебазе,NEFTEHIM-RCV,3,ООО «НефтехимСервис»,нефтехимия,3,f
1853,697,11,2,2026-01-06 09:00:00,2026-01-16 09:00:00,2026-01-12 14:00:00,2026-01-16 09:00:00,149.0,10.0,0,0.0,development,5,5,20.0,10,release,0,Средне-специальное,backend,5,Учёт топлива на котельных и ТЭЦ,REGENERGO-TEC,2,ПАО «РегионЭнерго»,энергетика,5,t
1854,697,9,4,2026-01-12 16:00:00,2026-01-15 16:00:00,2026-01-16 22:00:00,2026-01-15 16:00:00,102.0,3.0,1,30.0,development,5,5,20.0,10,release,5,Бакалавр,qa,5,Учёт топлива на котельных и ТЭЦ,REGENERGO-TEC,2,ПАО «РегионЭнерго»,энергетика,5,t
1855,697,11,2,2026-01-17 00:00:00,2026-01-22 00:00:00,2026-01-22 04:00:00,2026-01-22 00:00:00,124.0,5.0,1,4.0,development,5,5,20.0,10,release,0,Средне-специальное,backend,5,Учёт топлива на котельных и ТЭЦ,REGENERGO-TEC,2,ПАО «РегионЭнерго»,энергетика,5,t
1856,697,9,4,2026-01-22 05:00:00,,2026-01-26 02:00:00,2026-01-27 05:00:00,93.0,5.0,0,0.0,development,5,5,20.0,10,release,5,Бакалавр,qa,5,Учёт топлива на котельных и ТЭЦ,REGENERGO-TEC,2,ПАО «РегионЭнерго»,энергетика,5,t
1857,697,14,9,2026-01-26 04:00:00,2026-01-28 04:00:00,2026-01-27 03:00:00,2026-01-28 04:00:00,23.0,2.0,0,0.0,development,5,5,20.0,10,release,5,Бакалавр,release_manager,5,Учёт топлива на котельных и ТЭЦ,REGENERGO-TEC,2,ПАО «РегионЭнерго»,энергетика,5,t
1858,698,6,3,2026-03-13 17:00:00,2026-03-16 17:00:00,2026-03-19 15:00:00,2026-03-16 17:00:00,142.0,3.0,1,70.0,development,1,2,6.0,2,being_tested,3,Бакалавр,design,1,ПО учёта остатков топлива на АЗС и электростанциях,ZAPADTOP-FUEL,1,АО «ЗападТопливо»,топливная розница,2,f
1860,699,8,1,2026-05-02 08:00:00,2026-05-12 08:00:00,2026-05-11 15:00:00,2026-05-12 08:00:00,223.0,10.0,0,0.0,development,3,9,45.0,16,release,1,Средне-специальное,frontend,7,Интеграция с SCADA энергообъектов,REGENERGO-SCADA,2,ПАО «РегионЭнерго»,энергетика,3,f
1861,699,4,4,2026-05-11 16:00:00,,2026-05-16 02:00:00,2026-05-14 16:00:00,106.0,3.0,1,34.0,development,3,9,45.0,16,release,4,Бакалавр,qa,7,Интеграция с SCADA энергообъектов,REGENERGO-SCADA,2,ПАО «РегионЭнерго»,энергетика,3,f
1862,699,14,9,2026-05-16 07:00:00,2026-05-18 07:00:00,2026-05-17 22:00:00,2026-05-18 07:00:00,39.0,2.0,0,0.0,development,3,9,45.0,16,release,5,Бакалавр,release_manager,7,Интеграция с SCADA энергообъектов,REGENERGO-SCADA,2,ПАО «РегионЭнерго»,энергетика,3,f
1863,700,6,3,2026-03-14 07:00:00,2026-03-19 07:00:00,2026-03-23 12:00:00,2026-03-19 07:00:00,221.0,5.0,1,101.0,development,2,7,28.0,2,release,3,Бакалавр,design,1,ПО учёта остатков топлива на АЗС и электростанциях,ZAPADTOP-FUEL,1,АО «ЗападТопливо»,топливная розница,3,f
1864,700,9,4,2026-03-23 15:00:00,2026-03-25 15:00:00,2026-03-26 08:00:00,2026-03-25 15:00:00,65.0,2.0,1,17.0,development,2,7,28.0,2,release,5,Бакалавр,qa,1,ПО учёта остатков топлива на АЗС и электростанциях,ZAPADTOP-FUEL,1,АО «ЗападТопливо»,топливная розница,3,f
1865,700,10,9,2026-03-26 10:00:00,2026-03-27 10:00:00,2026-03-26 19:00:00,2026-03-27 10:00:00,9.0,1.0,0,0.0,development,2,7,28.0,2,release,6,Бакалавр,release_manager,1,ПО учёта остатков топлива на АЗС и электростанциях,ZAPADTOP-FUEL,1,АО «ЗападТопливо»,топливная розница,3,f
1866,701,1,2,2026-03-10 10:00:00,2026-03-13 10:00:00,2026-03-12 07:00:00,2026-03-13 10:00:00,45.0,3.0,0,0.0,development,3,9,27.0,8,being_tested,8,Специалист,backend,4,Отчётность по остаткам для Ростехнадзора,ZAPADTOP-RTN,1,АО «ЗападТопливо»,топливная розница,2,f
1869,703,5,2,2026-05-05 05:00:00,2026-05-07 05:00:00,2026-05-12 00:00:00,2026-05-07 05:00:00,163.0,2.0,1,115.0,incident,3,12,72.0,19,release,2,Средне-специальное,backend,8,Портал заявок на доработку от эксплуатации,REGENERGO-REQ,2,ПАО «РегионЭнерго»,энергетика,5,f
1870,703,15,4,2026-05-12 01:00:00,,2026-05-17 05:00:00,2026-05-15 01:00:00,124.0,3.0,1,52.0,incident,3,12,72.0,19,release,2,Средне-специальное,qa,8,Портал заявок на доработку от эксплуатации,REGENERGO-REQ,2,ПАО «РегионЭнерго»,энергетика,5,f
1871,703,5,2,2026-05-17 13:00:00,2026-05-21 13:00:00,2026-05-27 04:00:00,2026-05-21 13:00:00,231.0,4.0,1,135.0,incident,3,12,72.0,19,release,2,Средне-специальное,backend,8,Портал заявок на доработку от эксплуатации,REGENERGO-REQ,2,ПАО «РегионЭнерго»,энергетика,5,f
1872,703,15,4,2026-05-27 07:00:00,,2026-05-29 19:00:00,2026-06-01 07:00:00,60.0,5.0,0,0.0,incident,3,12,72.0,19,release,2,Средне-специальное,qa,8,Портал заявок на доработку от эксплуатации,REGENERGO-REQ,2,ПАО «РегионЭнерго»,энергетика,5,f
1873,703,14,9,2026-05-29 21:00:00,2026-05-30 21:00:00,2026-05-30 09:00:00,2026-05-30 21:00:00,12.0,1.0,0,0.0,incident,3,12,72.0,19,release,5,Бакалавр,release_manager,8,Портал заявок на доработку от эксплуатации,REGENERGO-REQ,2,ПАО «РегионЭнерго»,энергетика,5,f
1874,704,6,3,2026-01-09 01:00:00,2026-01-12 01:00:00,2026-01-13 12:00:00,2026-01-12 01:00:00,107.0,3.0,1,35.0,incident,2,9,36.0,25,release,3,Бакалавр,design,11,Аналитика и отчёты для руководства,NEFTEHIM-BI,3,ООО «НефтехимСервис»,нефтехимия,5,f
1875,704,4,4,2026-01-13 13:00:00,2026-01-14 13:00:00,2026-01-18 03:00:00,2026-01-14 13:00:00,110.0,1.0,1,86.0,incident,2,9,36.0,25,release,4,Бакалавр,qa,11,Аналитика и отчёты для руководства,NEFTEHIM-BI,3,ООО «НефтехимСервис»,нефтехимия,5,f
1876,704,6,3,2026-01-18 07:00:00,2026-01-20 07:00:00,2026-01-23 17:00:00,2026-01-20 07:00:00,130.0,2.0,1,82.0,incident,2,9,36.0,25,release,3,Бакалавр,design,11,Аналитика и отчёты для руководства,NEFTEHIM-BI,3,ООО «НефтехимСервис»,нефтехимия,5,f
1877,704,4,4,2026-01-23 19:00:00,2026-01-24 19:00:00,2026-01-25 20:00:00,2026-01-24 19:00:00,49.0,1.0,1,25.0,incident,2,9,36.0,25,release,4,Бакалавр,qa,11,Аналитика и отчёты для руководства,NEFTEHIM-BI,3,ООО «НефтехимСервис»,нефтехимия,5,f
1878,704,10,9,2026-01-26 00:00:00,2026-01-27 00:00:00,2026-01-26 21:00:00,2026-01-27 00:00:00,21.0,1.0,0,0.0,incident,2,9,36.0,25,release,6,Бакалавр,release_manager,11,Аналитика и отчёты для руководства,NEFTEHIM-BI,3,ООО «НефтехимСервис»,нефтехимия,5,f
1879,705,6,3,2026-01-10 06:00:00,2026-01-12 06:00:00,2026-01-13 21:00:00,2026-01-12 06:00:00,87.0,2.0,1,39.0,incident,1,12,60.0,11,release,3,Бакалавр,design,6,Система мониторинга резервных топливных складов,REGENERGO-SKLAD,2,ПАО «РегионЭнерго»,энергетика,3,f
1880,705,9,4,2026-01-13 23:00:00,2026-01-15 23:00:00,2026-01-20 07:00:00,2026-01-15 23:00:00,152.0,2.0,1,104.0,incident,1,12,60.0,11,release,5,Бакалавр,qa,6,Система мониторинга резервных топливных складов,REGENERGO-SKLAD,2,ПАО «РегионЭнерго»,энергетика,3,f
1881,705,14,9,2026-01-20 13:00:00,2026-01-22 13:00:00,2026-01-21 07:00:00,2026-01-22 13:00:00,18.0,2.0,0,0.0,incident,1,12,60.0,11,release,5,Бакалавр,release_manager,6,Система мониторинга резервных топливных складов,REGENERGO-SKLAD,2,ПАО «РегионЭнерго»,энергетика,3,f
1882,706,11,2,2026-04-30 20:00:00,2026-05-01 20:00:00,2026-05-01 16:00:00,2026-05-01 20:00:00,20.0,1.0,0,0.0,incident,3,9,36.0,22,release,0,Средне-специальное,backend,9,Логистика перевозок нефтепродуктов,NEFTEHIM-LOG,3,ООО «НефтехимСервис»,нефтехимия,7,f
1883,706,9,4,2026-05-01 17:00:00,2026-05-04 17:00:00,2026-05-07 00:00:00,2026-05-04 17:00:00,127.0,3.0,1,55.0,incident,3,9,36.0,22,release,5,Бакалавр,qa,9,Логистика перевозок нефтепродуктов,NEFTEHIM-LOG,3,ООО «НефтехимСервис»,нефтехимия,7,f
1884,706,11,2,2026-05-07 05:00:00,2026-05-12 05:00:00,2026-05-17 01:00:00,2026-05-12 05:00:00,236.0,5.0,1,116.0,incident,3,9,36.0,22,release,0,Средне-специальное,backend,9,Логистика перевозок нефтепродуктов,NEFTEHIM-LOG,3,ООО «НефтехимСервис»,нефтехимия,7,f
1885,706,9,4,2026-05-17 05:00:00,,2026-05-21 19:00:00,2026-05-20 05:00:00,110.0,3.0,1,38.0,incident,3,9,36.0,22,release,5,Бакалавр,qa,9,Логистика перевозок нефтепродуктов,NEFTEHIM-LOG,3,ООО «НефтехимСервис»,нефтехимия,7,f
1886,706,11,2,2026-05-22 02:00:00,2026-05-24 02:00:00,2026-05-27 17:00:00,2026-05-24 02:00:00,135.0,2.0,1,87.0,incident,3,9,36.0,22,release,0,Средне-специальное,backend,9,Логистика перевозок нефтепродуктов,NEFTEHIM-LOG,3,ООО «НефтехимСервис»,нефтехимия,7,f
1887,706,9,4,2026-05-27 20:00:00,,2026-05-31 21:00:00,2026-06-01 20:00:00,97.0,5.0,0,0.0,incident,3,9,36.0,22,release,5,Бакалавр,qa,9,Логистика перевозок нефтепродуктов,NEFTEHIM-LOG,3,ООО «НефтехимСервис»,нефтехимия,7,f
1888,706,14,9,2026-06-01 03:00:00,2026-06-03 03:00:00,2026-06-01 20:00:00,2026-06-03 03:00:00,17.0,2.0,0,0.0,incident,3,9,36.0,22,release,5,Бакалавр,release_manager,9,Логистика перевозок нефтепродуктов,NEFTEHIM-LOG,3,ООО «НефтехимСервис»,нефтехимия,7,f
1889,707,2,1,2026-05-08 00:00:00,2026-05-14 00:00:00,2026-05-10 16:00:00,2026-05-14 00:00:00,64.0,6.0,0,0.0,development,3,10,40.0,13,release,5,Бакалавр,frontend,6,Система мониторинга резервных топливных складов,REGENERGO-SKLAD,2,ПАО «РегионЭнерго»,энергетика,3,f
1890,707,4,4,2026-05-10 20:00:00,,2026-05-16 02:00:00,2026-05-13 20:00:00,126.0,3.0,1,54.0,development,3,10,40.0,13,release,4,Бакалавр,qa,6,Система мониторинга резервных топливных складов,REGENERGO-SKLAD,2,ПАО «РегионЭнерго»,энергетика,3,f
1891,707,14,9,2026-05-16 07:00:00,2026-05-17 07:00:00,2026-05-18 06:00:00,2026-05-17 07:00:00,47.0,1.0,1,23.0,development,3,10,40.0,13,release,5,Бакалавр,release_manager,6,Система мониторинга резервных топливных складов,REGENERGO-SKLAD,2,ПАО «РегионЭнерго»,энергетика,3,f
1892,708,3,7,2026-01-02 18:00:00,2026-01-09 18:00:00,2026-01-10 19:00:00,2026-01-09 18:00:00,193.0,7.0,1,25.0,development,2,1,5.0,10,being_tested,6,Бакалавр,fullstack,5,Учёт топлива на котельных и ТЭЦ,REGENERGO-TEC,2,ПАО «РегионЭнерго»,энергетика,2,f
1895,710,2,1,2026-01-01 06:00:00,2026-01-03 06:00:00,2026-01-02 18:00:00,2026-01-03 06:00:00,36.0,2.0,0,0.0,incident,1,11,66.0,11,release,5,Бакалавр,frontend,6,Система мониторинга резервных топливных складов,REGENERGO-SKLAD,2,ПАО «РегионЭнерго»,энергетика,9,f
1896,710,15,4,2026-01-02 22:00:00,2026-01-03 22:00:00,2026-01-08 06:00:00,2026-01-03 22:00:00,128.0,1.0,1,104.0,incident,1,11,66.0,11,release,2,Средне-специальное,qa,6,Система мониторинга резервных топливных складов,REGENERGO-SKLAD,2,ПАО «РегионЭнерго»,энергетика,9,f
1897,710,2,1,2026-01-08 10:00:00,2026-01-12 10:00:00,2026-01-15 16:00:00,2026-01-12 10:00:00,174.0,4.0,1,78.0,incident,1,11,66.0,11,release,5,Бакалавр,frontend,6,Система мониторинга резервных топливных складов,REGENERGO-SKLAD,2,ПАО «РегионЭнерго»,энергетика,9,f
1898,710,15,4,2026-01-15 17:00:00,2026-01-18 17:00:00,2026-01-22 09:00:00,2026-01-18 17:00:00,160.0,3.0,1,88.0,incident,1,11,66.0,11,release,2,Средне-специальное,qa,6,Система мониторинга резервных топливных складов,REGENERGO-SKLAD,2,ПАО «РегионЭнерго»,энергетика,9,f
1899,710,2,1,2026-01-22 16:00:00,2026-01-27 16:00:00,2026-01-31 08:00:00,2026-01-27 16:00:00,208.0,5.0,1,88.0,incident,1,11,66.0,11,release,5,Бакалавр,frontend,6,Система мониторинга резервных топливных складов,REGENERGO-SKLAD,2,ПАО «РегионЭнерго»,энергетика,9,f
1900,710,15,4,2026-01-31 12:00:00,,2026-02-08 05:00:00,2026-02-04 12:00:00,185.0,4.0,1,89.0,incident,1,11,66.0,11,release,2,Средне-специальное,qa,6,Система мониторинга резервных топливных складов,REGENERGO-SKLAD,2,ПАО «РегионЭнерго»,энергетика,9,f
1901,710,2,1,2026-02-08 08:00:00,2026-02-11 08:00:00,2026-02-16 21:00:00,2026-02-11 08:00:00,205.0,3.0,1,133.0,incident,1,11,66.0,11,release,5,Бакалавр,frontend,6,Система мониторинга резервных топливных складов,REGENERGO-SKLAD,2,ПАО «РегионЭнерго»,энергетика,9,f
1902,710,15,4,2026-02-16 23:00:00,2026-02-19 23:00:00,2026-02-19 03:00:00,2026-02-19 23:00:00,52.0,3.0,0,0.0,incident,1,11,66.0,11,release,2,Средне-специальное,qa,6,Система мониторинга резервных топливных складов,REGENERGO-SKLAD,2,ПАО «РегионЭнерго»,энергетика,9,f
1903,710,10,9,2026-02-19 07:00:00,2026-02-20 07:00:00,2026-02-19 23:00:00,2026-02-20 07:00:00,16.0,1.0,0,0.0,incident,1,11,66.0,11,release,6,Бакалавр,release_manager,6,Система мониторинга резервных топливных складов,REGENERGO-SKLAD,2,ПАО «РегионЭнерго»,энергетика,9,f
1904,711,2,1,2026-05-03 03:00:00,2026-05-05 03:00:00,2026-05-08 14:00:00,2026-05-05 03:00:00,131.0,2.0,1,83.0,incident,5,11,33.0,16,release,5,Бакалавр,frontend,7,Интеграция с SCADA энергообъектов,REGENERGO-SCADA,2,ПАО «РегионЭнерго»,энергетика,3,t
1905,711,4,4,2026-05-09 18:00:00,2026-05-10 18:00:00,2026-05-14 06:00:00,2026-05-10 18:00:00,108.0,1.0,1,84.0,incident,5,11,33.0,16,release,4,Бакалавр,qa,7,Интеграция с SCADA энергообъектов,REGENERGO-SCADA,2,ПАО «РегионЭнерго»,энергетика,3,t
1906,711,10,9,2026-05-14 07:00:00,2026-05-16 07:00:00,2026-05-15 17:00:00,2026-05-16 07:00:00,34.0,2.0,0,0.0,incident,5,11,33.0,16,release,6,Бакалавр,release_manager,7,Интеграция с SCADA энергообъектов,REGENERGO-SCADA,2,ПАО «РегионЭнерго»,энергетика,3,t
1907,712,6,3,2026-03-13 04:00:00,2026-03-23 04:00:00,2026-03-25 21:00:00,2026-03-23 04:00:00,305.0,10.0,1,65.0,development,3,4,20.0,28,being_tested,3,Бакалавр,design,12,Мобильное приложение для инспекторов АЗС,NEFTEHIM-MOB,3,ООО «НефтехимСервис»,нефтехимия,2,f
1909,713,3,7,2026-03-04 17:00:00,2026-03-05 17:00:00,2026-03-06 00:00:00,2026-03-05 17:00:00,31.0,1.0,1,7.0,incident,1,4,12.0,6,release,6,Бакалавр,fullstack,3,Личный кабинет оператора заправки,ZAPADTOP-LK,1,АО «ЗападТопливо»,топливная розница,9,f
1910,713,9,4,2026-03-06 01:00:00,2026-03-09 01:00:00,2026-03-13 10:00:00,2026-03-09 01:00:00,177.0,3.0,1,105.0,incident,1,4,12.0,6,release,5,Бакалавр,qa,3,Личный кабинет оператора заправки,ZAPADTOP-LK,1,АО «ЗападТопливо»,топливная розница,9,f
1911,713,3,7,2026-03-13 18:00:00,2026-03-16 18:00:00,2026-03-17 23:00:00,2026-03-16 18:00:00,101.0,3.0,1,29.0,incident,1,4,12.0,6,release,6,Бакалавр,fullstack,3,Личный кабинет оператора заправки,ZAPADTOP-LK,1,АО «ЗападТопливо»,топливная розница,9,f
1912,713,9,4,2026-03-18 02:00:00,,2026-03-26 03:00:00,2026-03-23 02:00:00,193.0,5.0,1,73.0,incident,1,4,12.0,6,release,5,Бакалавр,qa,3,Личный кабинет оператора заправки,ZAPADTOP-LK,1,АО «ЗападТопливо»,топливная розница,9,f
1913,713,3,7,2026-03-26 10:00:00,2026-03-30 10:00:00,2026-03-28 18:00:00,2026-03-30 10:00:00,56.0,4.0,0,0.0,incident,1,4,12.0,6,release,6,Бакалавр,fullstack,3,Личный кабинет оператора заправки,ZAPADTOP-LK,1,АО «ЗападТопливо»,топливная розница,9,f
1914,713,9,4,2026-03-28 19:00:00,2026-03-29 19:00:00,2026-03-31 07:00:00,2026-03-29 19:00:00,60.0,1.0,1,36.0,incident,1,4,12.0,6,release,5,Бакалавр,qa,3,Личный кабинет оператора заправки,ZAPADTOP-LK,1,АО «ЗападТопливо»,топливная розница,9,f
1915,713,3,7,2026-03-31 14:00:00,2026-04-05 14:00:00,2026-04-10 05:00:00,2026-04-05 14:00:00,231.0,5.0,1,111.0,incident,1,4,12.0,6,release,6,Бакалавр,fullstack,3,Личный кабинет оператора заправки,ZAPADTOP-LK,1,АО «ЗападТопливо»,топливная розница,9,f
1916,713,9,4,2026-04-10 08:00:00,2026-04-13 08:00:00,2026-04-17 03:00:00,2026-04-13 08:00:00,163.0,3.0,1,91.0,incident,1,4,12.0,6,release,5,Бакалавр,qa,3,Личный кабинет оператора заправки,ZAPADTOP-LK,1,АО «ЗападТопливо»,топливная розница,9,f
1917,713,10,9,2026-04-17 07:00:00,2026-04-19 07:00:00,2026-04-18 19:00:00,2026-04-19 07:00:00,36.0,2.0,0,0.0,incident,1,4,12.0,6,release,6,Бакалавр,release_manager,3,Личный кабинет оператора заправки,ZAPADTOP-LK,1,АО «ЗападТопливо»,топливная розница,9,f
1918,715,6,3,2026-04-30 11:00:00,2026-05-03 11:00:00,2026-05-09 05:00:00,2026-05-03 11:00:00,210.0,3.0,1,138.0,incident,2,5,15.0,13,release,3,Бакалавр,design,6,Система мониторинга резервных топливных складов,REGENERGO-SKLAD,2,ПАО «РегионЭнерго»,энергетика,3,f
1919,715,4,4,2026-05-09 06:00:00,,2026-05-16 05:00:00,2026-05-13 06:00:00,167.0,4.0,1,71.0,incident,2,5,15.0,13,release,4,Бакалавр,qa,6,Система мониторинга резервных топливных складов,REGENERGO-SKLAD,2,ПАО «РегионЭнерго»,энергетика,3,f
1920,715,14,9,2026-05-16 10:00:00,2026-05-17 10:00:00,2026-05-22 01:00:00,2026-05-17 10:00:00,135.0,1.0,1,111.0,incident,2,5,15.0,13,release,5,Бакалавр,release_manager,6,Система мониторинга резервных топливных складов,REGENERGO-SKLAD,2,ПАО «РегионЭнерго»,энергетика,3,f
1921,716,11,2,2026-01-06 02:00:00,2026-01-10 02:00:00,2026-01-14 16:00:00,2026-01-10 02:00:00,206.0,4.0,1,110.0,development,1,8,24.0,10,being_tested,0,Средне-специальное,backend,5,Учёт топлива на котельных и ТЭЦ,REGENERGO-TEC,2,ПАО «РегионЭнерго»,энергетика,2,f
1923,717,3,7,2026-05-02 05:00:00,2026-05-06 05:00:00,2026-05-07 15:00:00,2026-05-06 05:00:00,130.0,4.0,1,34.0,development,3,11,33.0,19,release,6,Бакалавр,fullstack,8,Портал заявок на доработку от эксплуатации,REGENERGO-REQ,2,ПАО «РегионЭнерго»,энергетика,9,f
1924,717,4,4,2026-05-07 18:00:00,2026-05-08 18:00:00,2026-05-08 10:00:00,2026-05-08 18:00:00,16.0,1.0,0,0.0,development,3,11,33.0,19,release,4,Бакалавр,qa,8,Портал заявок на доработку от эксплуатации,REGENERGO-REQ,2,ПАО «РегионЭнерго»,энергетика,9,f
1925,717,3,7,2026-05-08 18:00:00,2026-05-12 18:00:00,2026-05-12 03:00:00,2026-05-12 18:00:00,81.0,4.0,0,0.0,development,3,11,33.0,19,release,6,Бакалавр,fullstack,8,Портал заявок на доработку от эксплуатации,REGENERGO-REQ,2,ПАО «РегионЭнерго»,энергетика,9,f
1926,717,4,4,2026-05-12 04:00:00,,2026-05-18 00:00:00,2026-05-15 04:00:00,140.0,3.0,1,68.0,development,3,11,33.0,19,release,4,Бакалавр,qa,8,Портал заявок на доработку от эксплуатации,REGENERGO-REQ,2,ПАО «РегионЭнерго»,энергетика,9,f
1927,717,3,7,2026-05-18 07:00:00,2026-05-23 07:00:00,2026-05-26 10:00:00,2026-05-23 07:00:00,195.0,5.0,1,75.0,development,3,11,33.0,19,release,6,Бакалавр,fullstack,8,Портал заявок на доработку от эксплуатации,REGENERGO-REQ,2,ПАО «РегионЭнерго»,энергетика,9,f
1928,717,4,4,2026-05-26 12:00:00,2026-05-29 12:00:00,2026-05-31 00:00:00,2026-05-29 12:00:00,108.0,3.0,1,36.0,development,3,11,33.0,19,release,4,Бакалавр,qa,8,Портал заявок на доработку от эксплуатации,REGENERGO-REQ,2,ПАО «РегионЭнерго»,энергетика,9,f
1929,717,3,7,2026-05-31 08:00:00,2026-06-05 08:00:00,2026-06-02 08:00:00,2026-06-05 08:00:00,48.0,5.0,0,0.0,development,3,11,33.0,19,release,6,Бакалавр,fullstack,8,Портал заявок на доработку от эксплуатации,REGENERGO-REQ,2,ПАО «РегионЭнерго»,энергетика,9,f
1930,717,4,4,2026-06-02 09:00:00,,2026-06-03 06:00:00,2026-06-05 09:00:00,21.0,3.0,0,0.0,development,3,11,33.0,19,release,4,Бакалавр,qa,8,Портал заявок на доработку от эксплуатации,REGENERGO-REQ,2,ПАО «РегионЭнерго»,энергетика,9,f
1931,717,14,9,2026-06-03 07:00:00,2026-06-04 07:00:00,2026-06-07 19:00:00,2026-06-04 07:00:00,108.0,1.0,1,84.0,development,3,11,33.0,19,release,5,Бакалавр,release_manager,8,Портал заявок на доработку от эксплуатации,REGENERGO-REQ,2,ПАО «РегионЭнерго»,энергетика,9,f
1932,718,6,3,2026-01-09 09:00:00,2026-01-16 09:00:00,2026-01-14 05:00:00,2026-01-16 09:00:00,116.0,7.0,0,0.0,development,5,7,21.0,25,being_tested,3,Бакалавр,design,11,Аналитика и отчёты для руководства,NEFTEHIM-BI,3,ООО «НефтехимСервис»,нефтехимия,2,t
1934,719,2,1,2026-01-11 03:00:00,2026-01-14 03:00:00,2026-01-12 08:00:00,2026-01-14 03:00:00,29.0,3.0,0,0.0,incident,5,4,24.0,25,release,5,Бакалавр,frontend,11,Аналитика и отчёты для руководства,NEFTEHIM-BI,3,ООО «НефтехимСервис»,нефтехимия,3,t
1935,719,4,4,2026-01-12 11:00:00,2026-01-14 11:00:00,2026-01-16 01:00:00,2026-01-14 11:00:00,86.0,2.0,1,38.0,incident,5,4,24.0,25,release,4,Бакалавр,qa,11,Аналитика и отчёты для руководства,NEFTEHIM-BI,3,ООО «НефтехимСервис»,нефтехимия,3,t
1936,719,10,9,2026-01-16 06:00:00,2026-01-18 06:00:00,2026-01-22 16:00:00,2026-01-18 06:00:00,154.0,2.0,1,106.0,incident,5,4,24.0,25,release,6,Бакалавр,release_manager,11,Аналитика и отчёты для руководства,NEFTEHIM-BI,3,ООО «НефтехимСервис»,нефтехимия,3,t
1937,720,11,2,2026-04-30 14:00:00,2026-05-04 14:00:00,2026-05-09 08:00:00,2026-05-04 14:00:00,210.0,4.0,1,114.0,development,2,6,30.0,9,release,0,Средне-специальное,backend,4,Отчётность по остаткам для Ростехнадзора,ZAPADTOP-RTN,1,АО «ЗападТопливо»,топливная розница,7,f
1938,720,9,4,2026-05-09 11:00:00,2026-05-12 11:00:00,2026-05-15 07:00:00,2026-05-12 11:00:00,140.0,3.0,1,68.0,development,2,6,30.0,9,release,5,Бакалавр,qa,4,Отчётность по остаткам для Ростехнадзора,ZAPADTOP-RTN,1,АО «ЗападТопливо»,топливная розница,7,f
1939,720,11,2,2026-05-15 10:00:00,2026-05-17 10:00:00,2026-05-18 04:00:00,2026-05-17 10:00:00,66.0,2.0,1,18.0,development,2,6,30.0,9,release,0,Средне-специальное,backend,4,Отчётность по остаткам для Ростехнадзора,ZAPADTOP-RTN,1,АО «ЗападТопливо»,топливная розница,7,f
1940,720,9,4,2026-05-18 05:00:00,,2026-05-24 11:00:00,2026-05-21 05:00:00,150.0,3.0,1,78.0,development,2,6,30.0,9,release,5,Бакалавр,qa,4,Отчётность по остаткам для Ростехнадзора,ZAPADTOP-RTN,1,АО «ЗападТопливо»,топливная розница,7,f
1941,720,11,2,2026-05-24 16:00:00,2026-05-26 16:00:00,2026-05-31 06:00:00,2026-05-26 16:00:00,158.0,2.0,1,110.0,development,2,6,30.0,9,release,0,Средне-специальное,backend,4,Отчётность по остаткам для Ростехнадзора,ZAPADTOP-RTN,1,АО «ЗападТопливо»,топливная розница,7,f
1942,720,9,4,2026-05-31 07:00:00,2026-06-02 07:00:00,2026-06-01 10:00:00,2026-06-02 07:00:00,27.0,2.0,0,0.0,development,2,6,30.0,9,release,5,Бакалавр,qa,4,Отчётность по остаткам для Ростехнадзора,ZAPADTOP-RTN,1,АО «ЗападТопливо»,топливная розница,7,f
1943,720,10,9,2026-06-01 14:00:00,2026-06-03 14:00:00,2026-06-02 14:00:00,2026-06-03 14:00:00,24.0,2.0,0,0.0,development,2,6,30.0,9,release,6,Бакалавр,release_manager,4,Отчётность по остаткам для Ростехнадзора,ZAPADTOP-RTN,1,АО «ЗападТопливо»,топливная розница,7,f
1944,721,13,7,2026-03-08 10:00:00,2026-03-17 10:00:00,2026-03-12 05:00:00,2026-03-17 10:00:00,91.0,9.0,0,0.0,development,4,3,9.0,26,release,3,Средне-специальное,fullstack,11,Аналитика и отчёты для руководства,NEFTEHIM-BI,3,ООО «НефтехимСервис»,нефтехимия,3,t
1945,721,9,4,2026-03-12 09:00:00,2026-03-14 09:00:00,2026-03-18 03:00:00,2026-03-14 09:00:00,138.0,2.0,1,90.0,development,4,3,9.0,26,release,5,Бакалавр,qa,11,Аналитика и отчёты для руководства,NEFTEHIM-BI,3,ООО «НефтехимСервис»,нефтехимия,3,t
1946,721,14,9,2026-03-18 04:00:00,2026-03-19 04:00:00,2026-03-18 18:00:00,2026-03-19 04:00:00,14.0,1.0,0,0.0,development,4,3,9.0,26,release,5,Бакалавр,release_manager,11,Аналитика и отчёты для руководства,NEFTEHIM-BI,3,ООО «НефтехимСервис»,нефтехимия,3,t
1947,722,13,7,2026-03-10 04:00:00,2026-03-13 04:00:00,2026-03-12 15:00:00,2026-03-13 04:00:00,59.0,3.0,0,0.0,development,2,10,30.0,4,being_tested,3,Средне-специальное,fullstack,2,Модуль интеграции с датчиками уровня на АЗС,ZAPADTOP-IOT,1,АО «ЗападТопливо»,топливная розница,2,f
1949,723,6,3,2026-03-13 12:00:00,2026-03-23 12:00:00,2026-03-21 20:00:00,2026-03-23 12:00:00,200.0,10.0,0,0.0,development,1,8,48.0,15,release,3,Бакалавр,design,7,Интеграция с SCADA энергообъектов,REGENERGO-SCADA,2,ПАО «РегионЭнерго»,энергетика,3,f
1950,723,4,4,2026-03-21 21:00:00,2026-03-22 21:00:00,2026-03-23 23:00:00,2026-03-22 21:00:00,50.0,1.0,1,26.0,development,1,8,48.0,15,release,4,Бакалавр,qa,7,Интеграция с SCADA энергообъектов,REGENERGO-SCADA,2,ПАО «РегионЭнерго»,энергетика,3,f
1951,723,14,9,2026-03-24 03:00:00,2026-03-26 03:00:00,2026-03-29 12:00:00,2026-03-26 03:00:00,129.0,2.0,1,81.0,development,1,8,48.0,15,release,5,Бакалавр,release_manager,7,Интеграция с SCADA энергообъектов,REGENERGO-SCADA,2,ПАО «РегионЭнерго»,энергетика,3,f
1952,724,2,1,2026-03-08 11:00:00,2026-03-14 11:00:00,2026-03-16 12:00:00,2026-03-14 11:00:00,193.0,6.0,1,49.0,development,2,8,24.0,24,release,5,Бакалавр,frontend,10,Сверка остатков при приёмке на нефтебазе,NEFTEHIM-RCV,3,ООО «НефтехимСервис»,нефтехимия,3,f
1953,724,15,4,2026-03-16 14:00:00,2026-03-18 14:00:00,2026-03-22 09:00:00,2026-03-18 14:00:00,139.0,2.0,1,91.0,development,2,8,24.0,24,release,2,Средне-специальное,qa,10,Сверка остатков при приёмке на нефтебазе,NEFTEHIM-RCV,3,ООО «НефтехимСервис»,нефтехимия,3,f
1954,724,14,9,2026-03-22 15:00:00,2026-03-24 15:00:00,2026-03-23 14:00:00,2026-03-24 15:00:00,23.0,2.0,0,0.0,development,2,8,24.0,24,release,5,Бакалавр,release_manager,10,Сверка остатков при приёмке на нефтебазе,NEFTEHIM-RCV,3,ООО «НефтехимСервис»,нефтехимия,3,f
1955,725,6,3,2026-01-01 03:00:00,2026-01-09 03:00:00,2026-01-11 15:00:00,2026-01-09 03:00:00,252.0,8.0,1,60.0,development,1,1,6.0,10,release,3,Бакалавр,design,5,Учёт топлива на котельных и ТЭЦ,REGENERGO-TEC,2,ПАО «РегионЭнерго»,энергетика,3,f
1956,725,4,4,2026-01-11 17:00:00,2026-01-13 17:00:00,2026-01-16 09:00:00,2026-01-13 17:00:00,112.0,2.0,1,64.0,development,1,1,6.0,10,release,4,Бакалавр,qa,5,Учёт топлива на котельных и ТЭЦ,REGENERGO-TEC,2,ПАО «РегионЭнерго»,энергетика,3,f
1957,725,10,9,2026-01-16 11:00:00,2026-01-17 11:00:00,2026-01-20 22:00:00,2026-01-17 11:00:00,107.0,1.0,1,83.0,development,1,1,6.0,10,release,6,Бакалавр,release_manager,5,Учёт топлива на котельных и ТЭЦ,REGENERGO-TEC,2,ПАО «РегионЭнерго»,энергетика,3,f
1958,726,2,1,2025-12-30 22:00:00,2026-01-03 22:00:00,2026-01-02 23:00:00,2026-01-03 22:00:00,73.0,4.0,0,0.0,development,3,5,15.0,7,release,5,Бакалавр,frontend,4,Отчётность по остаткам для Ростехнадзора,ZAPADTOP-RTN,1,АО «ЗападТопливо»,топливная розница,3,f
1959,726,9,4,2026-01-03 02:00:00,2026-01-04 02:00:00,2026-01-04 13:00:00,2026-01-04 02:00:00,35.0,1.0,1,11.0,development,3,5,15.0,7,release,5,Бакалавр,qa,4,Отчётность по остаткам для Ростехнадзора,ZAPADTOP-RTN,1,АО «ЗападТопливо»,топливная розница,3,f
1960,726,14,9,2026-01-04 19:00:00,2026-01-05 19:00:00,2026-01-10 08:00:00,2026-01-05 19:00:00,133.0,1.0,1,109.0,development,3,5,15.0,7,release,5,Бакалавр,release_manager,4,Отчётность по остаткам для Ростехнадзора,ZAPADTOP-RTN,1,АО «ЗападТопливо»,топливная розница,3,f
1961,727,13,7,2026-03-12 22:00:00,2026-03-21 22:00:00,2026-03-19 04:00:00,2026-03-21 22:00:00,150.0,9.0,0,0.0,development,3,9,27.0,24,release,3,Средне-специальное,fullstack,10,Сверка остатков при приёмке на нефтебазе,NEFTEHIM-RCV,3,ООО «НефтехимСервис»,нефтехимия,7,f
2116,781,6,3,2026-02-05 16:00:00,2026-02-09 16:00:00,2026-02-13 13:00:00,2026-02-09 16:00:00,189.0,4.0,1,93.0,incident,2,6,30.0,20,release,3,Бакалавр,design,9,Логистика перевозок нефтепродуктов,NEFTEHIM-LOG,3,ООО «НефтехимСервис»,нефтехимия,9,f
1962,727,4,4,2026-03-19 08:00:00,,2026-03-29 03:00:00,2026-03-24 08:00:00,235.0,5.0,1,115.0,development,3,9,27.0,24,release,4,Бакалавр,qa,10,Сверка остатков при приёмке на нефтебазе,NEFTEHIM-RCV,3,ООО «НефтехимСервис»,нефтехимия,7,f
1963,727,13,7,2026-03-29 05:00:00,2026-03-31 05:00:00,2026-04-02 15:00:00,2026-03-31 05:00:00,106.0,2.0,1,58.0,development,3,9,27.0,24,release,3,Средне-специальное,fullstack,10,Сверка остатков при приёмке на нефтебазе,NEFTEHIM-RCV,3,ООО «НефтехимСервис»,нефтехимия,7,f
1964,727,4,4,2026-04-02 16:00:00,2026-04-05 16:00:00,2026-04-07 05:00:00,2026-04-05 16:00:00,109.0,3.0,1,37.0,development,3,9,27.0,24,release,4,Бакалавр,qa,10,Сверка остатков при приёмке на нефтебазе,NEFTEHIM-RCV,3,ООО «НефтехимСервис»,нефтехимия,7,f
1965,727,13,7,2026-04-07 12:00:00,2026-04-10 12:00:00,2026-04-13 06:00:00,2026-04-10 12:00:00,138.0,3.0,1,66.0,development,3,9,27.0,24,release,3,Средне-специальное,fullstack,10,Сверка остатков при приёмке на нефтебазе,NEFTEHIM-RCV,3,ООО «НефтехимСервис»,нефтехимия,7,f
1966,727,4,4,2026-04-13 10:00:00,2026-04-14 10:00:00,2026-04-17 10:00:00,2026-04-14 10:00:00,96.0,1.0,1,72.0,development,3,9,27.0,24,release,4,Бакалавр,qa,10,Сверка остатков при приёмке на нефтебазе,NEFTEHIM-RCV,3,ООО «НефтехимСервис»,нефтехимия,7,f
1967,727,10,9,2026-04-17 12:00:00,2026-04-18 12:00:00,2026-04-17 20:00:00,2026-04-18 12:00:00,8.0,1.0,0,0.0,development,3,9,27.0,24,release,6,Бакалавр,release_manager,10,Сверка остатков при приёмке на нефтебазе,NEFTEHIM-RCV,3,ООО «НефтехимСервис»,нефтехимия,7,f
1968,728,1,2,2026-03-12 00:00:00,2026-03-22 00:00:00,2026-03-27 03:00:00,2026-03-22 00:00:00,363.0,10.0,1,123.0,development,3,7,42.0,15,release,8,Специалист,backend,7,Интеграция с SCADA энергообъектов,REGENERGO-SCADA,2,ПАО «РегионЭнерго»,энергетика,9,f
1969,728,15,4,2026-03-27 05:00:00,,2026-04-05 02:00:00,2026-04-01 05:00:00,213.0,5.0,1,93.0,development,3,7,42.0,15,release,2,Средне-специальное,qa,7,Интеграция с SCADA энергообъектов,REGENERGO-SCADA,2,ПАО «РегионЭнерго»,энергетика,9,f
1970,728,1,2,2026-04-05 06:00:00,2026-04-09 06:00:00,2026-04-08 13:00:00,2026-04-09 06:00:00,79.0,4.0,0,0.0,development,3,7,42.0,15,release,8,Специалист,backend,7,Интеграция с SCADA энергообъектов,REGENERGO-SCADA,2,ПАО «РегионЭнерго»,энергетика,9,f
1971,728,15,4,2026-04-08 17:00:00,2026-04-09 17:00:00,2026-04-09 11:00:00,2026-04-09 17:00:00,18.0,1.0,0,0.0,development,3,7,42.0,15,release,2,Средне-специальное,qa,7,Интеграция с SCADA энергообъектов,REGENERGO-SCADA,2,ПАО «РегионЭнерго»,энергетика,9,f
1972,728,1,2,2026-04-09 17:00:00,2026-04-12 17:00:00,2026-04-11 17:00:00,2026-04-12 17:00:00,48.0,3.0,0,0.0,development,3,7,42.0,15,release,8,Специалист,backend,7,Интеграция с SCADA энергообъектов,REGENERGO-SCADA,2,ПАО «РегионЭнерго»,энергетика,9,f
1973,728,15,4,2026-04-11 18:00:00,,2026-04-14 09:00:00,2026-04-15 18:00:00,63.0,4.0,0,0.0,development,3,7,42.0,15,release,2,Средне-специальное,qa,7,Интеграция с SCADA энергообъектов,REGENERGO-SCADA,2,ПАО «РегионЭнерго»,энергетика,9,f
1974,728,1,2,2026-04-14 13:00:00,2026-04-18 13:00:00,2026-04-16 13:00:00,2026-04-18 13:00:00,48.0,4.0,0,0.0,development,3,7,42.0,15,release,8,Специалист,backend,7,Интеграция с SCADA энергообъектов,REGENERGO-SCADA,2,ПАО «РегионЭнерго»,энергетика,9,f
1975,728,15,4,2026-04-16 15:00:00,,2026-04-24 16:00:00,2026-04-21 15:00:00,193.0,5.0,1,73.0,development,3,7,42.0,15,release,2,Средне-специальное,qa,7,Интеграция с SCADA энергообъектов,REGENERGO-SCADA,2,ПАО «РегионЭнерго»,энергетика,9,f
1976,728,10,9,2026-04-24 22:00:00,2026-04-26 22:00:00,2026-04-26 11:00:00,2026-04-26 22:00:00,37.0,2.0,0,0.0,development,3,7,42.0,15,release,6,Бакалавр,release_manager,7,Интеграция с SCADA энергообъектов,REGENERGO-SCADA,2,ПАО «РегионЭнерго»,энергетика,9,f
1977,729,5,2,2026-01-01 16:00:00,2026-01-04 16:00:00,2026-01-06 07:00:00,2026-01-04 16:00:00,111.0,3.0,1,39.0,incident,1,6,36.0,17,release,2,Средне-специальное,backend,8,Портал заявок на доработку от эксплуатации,REGENERGO-REQ,2,ПАО «РегионЭнерго»,энергетика,3,f
1978,729,15,4,2026-01-06 09:00:00,2026-01-09 09:00:00,2026-01-13 14:00:00,2026-01-09 09:00:00,173.0,3.0,1,101.0,incident,1,6,36.0,17,release,2,Средне-специальное,qa,8,Портал заявок на доработку от эксплуатации,REGENERGO-REQ,2,ПАО «РегионЭнерго»,энергетика,3,f
1979,729,14,9,2026-01-13 16:00:00,2026-01-15 16:00:00,2026-01-15 01:00:00,2026-01-15 16:00:00,33.0,2.0,0,0.0,incident,1,6,36.0,17,release,5,Бакалавр,release_manager,8,Портал заявок на доработку от эксплуатации,REGENERGO-REQ,2,ПАО «РегионЭнерго»,энергетика,3,f
1981,731,3,7,2026-03-15 07:00:00,2026-03-17 07:00:00,2026-03-18 23:00:00,2026-03-17 07:00:00,88.0,2.0,1,40.0,incident,2,8,24.0,21,release,6,Бакалавр,fullstack,9,Логистика перевозок нефтепродуктов,NEFTEHIM-LOG,3,ООО «НефтехимСервис»,нефтехимия,3,f
1982,731,9,4,2026-03-19 01:00:00,2026-03-20 01:00:00,2026-03-21 08:00:00,2026-03-20 01:00:00,55.0,1.0,1,31.0,incident,2,8,24.0,21,release,5,Бакалавр,qa,9,Логистика перевозок нефтепродуктов,NEFTEHIM-LOG,3,ООО «НефтехимСервис»,нефтехимия,3,f
1983,731,10,9,2026-03-21 13:00:00,2026-03-22 13:00:00,2026-03-22 11:00:00,2026-03-22 13:00:00,22.0,1.0,0,0.0,incident,2,8,24.0,21,release,6,Бакалавр,release_manager,9,Логистика перевозок нефтепродуктов,NEFTEHIM-LOG,3,ООО «НефтехимСервис»,нефтехимия,3,f
1986,734,11,2,2026-03-07 12:00:00,2026-03-10 12:00:00,2026-03-08 17:00:00,2026-03-10 12:00:00,29.0,3.0,0,0.0,development,3,13,65.0,8,being_tested,0,Средне-специальное,backend,4,Отчётность по остаткам для Ростехнадзора,ZAPADTOP-RTN,1,АО «ЗападТопливо»,топливная розница,2,f
1988,735,2,1,2026-03-11 17:00:00,2026-03-19 17:00:00,2026-03-14 13:00:00,2026-03-19 17:00:00,68.0,8.0,0,0.0,development,1,3,18.0,2,release,5,Бакалавр,frontend,1,ПО учёта остатков топлива на АЗС и электростанциях,ZAPADTOP-FUEL,1,АО «ЗападТопливо»,топливная розница,3,f
1989,735,15,4,2026-03-14 16:00:00,,2026-03-24 14:00:00,2026-03-18 16:00:00,238.0,4.0,1,142.0,development,1,3,18.0,2,release,2,Средне-специальное,qa,1,ПО учёта остатков топлива на АЗС и электростанциях,ZAPADTOP-FUEL,1,АО «ЗападТопливо»,топливная розница,3,f
1990,735,14,9,2026-03-24 15:00:00,2026-03-25 15:00:00,2026-03-29 16:00:00,2026-03-25 15:00:00,121.0,1.0,1,97.0,development,1,3,18.0,2,release,5,Бакалавр,release_manager,1,ПО учёта остатков топлива на АЗС и электростанциях,ZAPADTOP-FUEL,1,АО «ЗападТопливо»,топливная розница,3,f
1992,737,3,7,2026-01-08 16:00:00,2026-01-12 16:00:00,2026-01-13 00:00:00,2026-01-12 16:00:00,104.0,4.0,1,8.0,development,5,11,55.0,10,release,6,Бакалавр,fullstack,5,Учёт топлива на котельных и ТЭЦ,REGENERGO-TEC,2,ПАО «РегионЭнерго»,энергетика,9,t
1993,737,4,4,2026-01-13 03:00:00,2026-01-14 03:00:00,2026-01-14 13:00:00,2026-01-14 03:00:00,34.0,1.0,1,10.0,development,5,11,55.0,10,release,4,Бакалавр,qa,5,Учёт топлива на котельных и ТЭЦ,REGENERGO-TEC,2,ПАО «РегионЭнерго»,энергетика,9,t
1994,737,3,7,2026-01-14 19:00:00,2026-01-17 19:00:00,2026-01-16 12:00:00,2026-01-17 19:00:00,41.0,3.0,0,0.0,development,5,11,55.0,10,release,6,Бакалавр,fullstack,5,Учёт топлива на котельных и ТЭЦ,REGENERGO-TEC,2,ПАО «РегионЭнерго»,энергетика,9,t
1995,737,4,4,2026-01-16 14:00:00,2026-01-19 14:00:00,2026-01-25 08:00:00,2026-01-19 14:00:00,210.0,3.0,1,138.0,development,5,11,55.0,10,release,4,Бакалавр,qa,5,Учёт топлива на котельных и ТЭЦ,REGENERGO-TEC,2,ПАО «РегионЭнерго»,энергетика,9,t
1996,737,3,7,2026-01-25 13:00:00,2026-01-28 13:00:00,2026-01-27 03:00:00,2026-01-28 13:00:00,38.0,3.0,0,0.0,development,5,11,55.0,10,release,6,Бакалавр,fullstack,5,Учёт топлива на котельных и ТЭЦ,REGENERGO-TEC,2,ПАО «РегионЭнерго»,энергетика,9,t
1997,737,4,4,2026-01-27 06:00:00,2026-01-30 06:00:00,2026-01-30 01:00:00,2026-01-30 06:00:00,67.0,3.0,0,0.0,development,5,11,55.0,10,release,4,Бакалавр,qa,5,Учёт топлива на котельных и ТЭЦ,REGENERGO-TEC,2,ПАО «РегионЭнерго»,энергетика,9,t
1998,737,3,7,2026-01-30 07:00:00,2026-02-01 07:00:00,2026-02-01 02:00:00,2026-02-01 07:00:00,43.0,2.0,0,0.0,development,5,11,55.0,10,release,6,Бакалавр,fullstack,5,Учёт топлива на котельных и ТЭЦ,REGENERGO-TEC,2,ПАО «РегионЭнерго»,энергетика,9,t
1999,737,4,4,2026-02-01 04:00:00,,2026-02-03 06:00:00,2026-02-04 04:00:00,50.0,3.0,0,0.0,development,5,11,55.0,10,release,4,Бакалавр,qa,5,Учёт топлива на котельных и ТЭЦ,REGENERGO-TEC,2,ПАО «РегионЭнерго»,энергетика,9,t
2000,737,14,9,2026-02-03 10:00:00,2026-02-05 10:00:00,2026-02-08 01:00:00,2026-02-05 10:00:00,111.0,2.0,1,63.0,development,5,11,55.0,10,release,5,Бакалавр,release_manager,5,Учёт топлива на котельных и ТЭЦ,REGENERGO-TEC,2,ПАО «РегионЭнерго»,энергетика,9,t
2003,740,2,1,2026-03-14 13:00:00,2026-03-17 13:00:00,2026-03-19 18:00:00,2026-03-17 13:00:00,125.0,3.0,1,53.0,development,3,6,36.0,12,release,5,Бакалавр,frontend,6,Система мониторинга резервных топливных складов,REGENERGO-SKLAD,2,ПАО «РегионЭнерго»,энергетика,3,f
2004,740,4,4,2026-03-19 19:00:00,,2026-03-24 12:00:00,2026-03-24 19:00:00,113.0,5.0,0,0.0,development,3,6,36.0,12,release,4,Бакалавр,qa,6,Система мониторинга резервных топливных складов,REGENERGO-SKLAD,2,ПАО «РегионЭнерго»,энергетика,3,f
2005,740,10,9,2026-03-24 16:00:00,2026-03-26 16:00:00,2026-03-26 09:00:00,2026-03-26 16:00:00,41.0,2.0,0,0.0,development,3,6,36.0,12,release,6,Бакалавр,release_manager,6,Система мониторинга резервных топливных складов,REGENERGO-SKLAD,2,ПАО «РегионЭнерго»,энергетика,3,f
2006,741,5,2,2026-01-04 19:00:00,2026-01-05 19:00:00,2026-01-08 03:00:00,2026-01-05 19:00:00,80.0,1.0,1,56.0,incident,2,13,39.0,10,release,2,Средне-специальное,backend,5,Учёт топлива на котельных и ТЭЦ,REGENERGO-TEC,2,ПАО «РегионЭнерго»,энергетика,3,f
2007,741,15,4,2026-01-08 06:00:00,,2026-01-16 20:00:00,2026-01-13 06:00:00,206.0,5.0,1,86.0,incident,2,13,39.0,10,release,2,Средне-специальное,qa,5,Учёт топлива на котельных и ТЭЦ,REGENERGO-TEC,2,ПАО «РегионЭнерго»,энергетика,3,f
2008,741,10,9,2026-01-17 01:00:00,2026-01-19 01:00:00,2026-01-18 04:00:00,2026-01-19 01:00:00,27.0,2.0,0,0.0,incident,2,13,39.0,10,release,6,Бакалавр,release_manager,5,Учёт топлива на котельных и ТЭЦ,REGENERGO-TEC,2,ПАО «РегионЭнерго»,энергетика,3,f
2010,744,5,2,2026-03-08 21:00:00,2026-03-16 21:00:00,2026-03-18 16:00:00,2026-03-16 21:00:00,235.0,8.0,1,43.0,development,1,10,30.0,12,release,2,Средне-специальное,backend,6,Система мониторинга резервных топливных складов,REGENERGO-SKLAD,2,ПАО «РегионЭнерго»,энергетика,3,f
2011,744,9,4,2026-03-18 19:00:00,,2026-03-26 02:00:00,2026-03-23 19:00:00,175.0,5.0,1,55.0,development,1,10,30.0,12,release,5,Бакалавр,qa,6,Система мониторинга резервных топливных складов,REGENERGO-SKLAD,2,ПАО «РегионЭнерго»,энергетика,3,f
2012,744,14,9,2026-03-26 04:00:00,2026-03-28 04:00:00,2026-03-26 18:00:00,2026-03-28 04:00:00,14.0,2.0,0,0.0,development,1,10,30.0,12,release,5,Бакалавр,release_manager,6,Система мониторинга резервных топливных складов,REGENERGO-SKLAD,2,ПАО «РегионЭнерго»,энергетика,3,f
2013,745,13,7,2026-03-13 23:00:00,2026-03-20 23:00:00,2026-03-18 21:00:00,2026-03-20 23:00:00,118.0,7.0,0,0.0,development,2,8,24.0,21,release,3,Средне-специальное,fullstack,9,Логистика перевозок нефтепродуктов,NEFTEHIM-LOG,3,ООО «НефтехимСервис»,нефтехимия,3,f
2014,745,4,4,2026-03-19 00:00:00,,2026-03-20 19:00:00,2026-03-24 00:00:00,43.0,5.0,0,0.0,development,2,8,24.0,21,release,4,Бакалавр,qa,9,Логистика перевозок нефтепродуктов,NEFTEHIM-LOG,3,ООО «НефтехимСервис»,нефтехимия,3,f
2015,745,10,9,2026-03-20 22:00:00,2026-03-22 22:00:00,2026-03-22 17:00:00,2026-03-22 22:00:00,43.0,2.0,0,0.0,development,2,8,24.0,21,release,6,Бакалавр,release_manager,9,Логистика перевозок нефтепродуктов,NEFTEHIM-LOG,3,ООО «НефтехимСервис»,нефтехимия,3,f
2017,747,1,2,2026-01-02 00:00:00,2026-01-07 00:00:00,2026-01-06 17:00:00,2026-01-07 00:00:00,113.0,5.0,0,0.0,development,3,3,18.0,14,release,8,Специалист,backend,7,Интеграция с SCADA энергообъектов,REGENERGO-SCADA,2,ПАО «РегионЭнерго»,энергетика,3,f
2018,747,15,4,2026-01-06 21:00:00,2026-01-08 21:00:00,2026-01-11 14:00:00,2026-01-08 21:00:00,113.0,2.0,1,65.0,development,3,3,18.0,14,release,2,Средне-специальное,qa,7,Интеграция с SCADA энергообъектов,REGENERGO-SCADA,2,ПАО «РегионЭнерго»,энергетика,3,f
2019,747,10,9,2026-01-11 17:00:00,2026-01-13 17:00:00,2026-01-16 06:00:00,2026-01-13 17:00:00,109.0,2.0,1,61.0,development,3,3,18.0,14,release,6,Бакалавр,release_manager,7,Интеграция с SCADA энергообъектов,REGENERGO-SCADA,2,ПАО «РегионЭнерго»,энергетика,3,f
2020,748,8,1,2026-01-01 12:00:00,2026-01-05 12:00:00,2026-01-02 22:00:00,2026-01-05 12:00:00,34.0,4.0,0,0.0,development,1,4,20.0,14,release,1,Средне-специальное,frontend,7,Интеграция с SCADA энергообъектов,REGENERGO-SCADA,2,ПАО «РегионЭнерго»,энергетика,5,f
2021,748,9,4,2026-01-03 01:00:00,,2026-01-07 15:00:00,2026-01-07 01:00:00,110.0,4.0,1,14.0,development,1,4,20.0,14,release,5,Бакалавр,qa,7,Интеграция с SCADA энергообъектов,REGENERGO-SCADA,2,ПАО «РегионЭнерго»,энергетика,5,f
2022,748,8,1,2026-01-07 18:00:00,2026-01-09 18:00:00,2026-01-12 03:00:00,2026-01-09 18:00:00,105.0,2.0,1,57.0,development,1,4,20.0,14,release,1,Средне-специальное,frontend,7,Интеграция с SCADA энергообъектов,REGENERGO-SCADA,2,ПАО «РегионЭнерго»,энергетика,5,f
2023,748,9,4,2026-01-12 05:00:00,,2026-01-17 17:00:00,2026-01-15 05:00:00,132.0,3.0,1,60.0,development,1,4,20.0,14,release,5,Бакалавр,qa,7,Интеграция с SCADA энергообъектов,REGENERGO-SCADA,2,ПАО «РегионЭнерго»,энергетика,5,f
2024,748,14,9,2026-01-17 21:00:00,2026-01-19 21:00:00,2026-01-22 06:00:00,2026-01-19 21:00:00,105.0,2.0,1,57.0,development,1,4,20.0,14,release,5,Бакалавр,release_manager,7,Интеграция с SCADA энергообъектов,REGENERGO-SCADA,2,ПАО «РегионЭнерго»,энергетика,5,f
2025,749,3,7,2026-03-10 11:00:00,2026-03-13 11:00:00,2026-03-12 07:00:00,2026-03-13 11:00:00,44.0,3.0,0,0.0,development,2,13,65.0,12,being_tested,6,Бакалавр,fullstack,6,Система мониторинга резервных топливных складов,REGENERGO-SKLAD,2,ПАО «РегионЭнерго»,энергетика,2,f
2028,752,5,2,2026-03-09 22:00:00,2026-03-19 22:00:00,2026-03-23 09:00:00,2026-03-19 22:00:00,323.0,10.0,1,83.0,development,4,1,4.0,2,release,2,Средне-специальное,backend,1,ПО учёта остатков топлива на АЗС и электростанциях,ZAPADTOP-FUEL,1,АО «ЗападТопливо»,топливная розница,3,t
2029,752,15,4,2026-03-23 12:00:00,,2026-03-31 16:00:00,2026-03-26 12:00:00,196.0,3.0,1,124.0,development,4,1,4.0,2,release,2,Средне-специальное,qa,1,ПО учёта остатков топлива на АЗС и электростанциях,ZAPADTOP-FUEL,1,АО «ЗападТопливо»,топливная розница,3,t
2030,752,14,9,2026-03-31 20:00:00,2026-04-02 20:00:00,2026-04-05 11:00:00,2026-04-02 20:00:00,111.0,2.0,1,63.0,development,4,1,4.0,2,release,5,Бакалавр,release_manager,1,ПО учёта остатков топлива на АЗС и электростанциях,ZAPADTOP-FUEL,1,АО «ЗападТопливо»,топливная розница,3,t
2032,754,11,2,2026-01-10 01:00:00,2026-01-13 01:00:00,2026-01-15 17:00:00,2026-01-13 01:00:00,136.0,3.0,1,64.0,development,2,8,32.0,10,release,0,Средне-специальное,backend,5,Учёт топлива на котельных и ТЭЦ,REGENERGO-TEC,2,ПАО «РегионЭнерго»,энергетика,3,f
2033,754,15,4,2026-01-15 21:00:00,2026-01-18 21:00:00,2026-01-24 07:00:00,2026-01-18 21:00:00,202.0,3.0,1,130.0,development,2,8,32.0,10,release,2,Средне-специальное,qa,5,Учёт топлива на котельных и ТЭЦ,REGENERGO-TEC,2,ПАО «РегионЭнерго»,энергетика,3,f
2034,754,14,9,2026-01-24 10:00:00,2026-01-25 10:00:00,2026-01-24 20:00:00,2026-01-25 10:00:00,10.0,1.0,0,0.0,development,2,8,32.0,10,release,5,Бакалавр,release_manager,5,Учёт топлива на котельных и ТЭЦ,REGENERGO-TEC,2,ПАО «РегионЭнерго»,энергетика,3,f
2035,756,13,7,2026-01-09 13:00:00,2026-01-11 13:00:00,2026-01-12 14:00:00,2026-01-11 13:00:00,73.0,2.0,1,25.0,incident,2,6,30.0,3,release,3,Средне-специальное,fullstack,2,Модуль интеграции с датчиками уровня на АЗС,ZAPADTOP-IOT,1,АО «ЗападТопливо»,топливная розница,3,f
2036,756,9,4,2026-01-12 17:00:00,2026-01-15 17:00:00,2026-01-18 05:00:00,2026-01-15 17:00:00,132.0,3.0,1,60.0,incident,2,6,30.0,3,release,5,Бакалавр,qa,2,Модуль интеграции с датчиками уровня на АЗС,ZAPADTOP-IOT,1,АО «ЗападТопливо»,топливная розница,3,f
2037,756,14,9,2026-01-18 11:00:00,2026-01-19 11:00:00,2026-01-18 23:00:00,2026-01-19 11:00:00,12.0,1.0,0,0.0,incident,2,6,30.0,3,release,5,Бакалавр,release_manager,2,Модуль интеграции с датчиками уровня на АЗС,ZAPADTOP-IOT,1,АО «ЗападТопливо»,топливная розница,3,f
2040,759,13,7,2026-03-14 05:00:00,2026-03-21 05:00:00,2026-03-16 15:00:00,2026-03-21 05:00:00,58.0,7.0,0,0.0,development,2,9,45.0,15,release,3,Средне-специальное,fullstack,7,Интеграция с SCADA энергообъектов,REGENERGO-SCADA,2,ПАО «РегионЭнерго»,энергетика,5,f
2041,759,15,4,2026-03-17 18:00:00,,2026-03-19 14:00:00,2026-03-20 18:00:00,44.0,3.0,0,0.0,development,2,9,45.0,15,release,2,Средне-специальное,qa,7,Интеграция с SCADA энергообъектов,REGENERGO-SCADA,2,ПАО «РегионЭнерго»,энергетика,5,f
2042,759,13,7,2026-03-19 22:00:00,2026-03-21 22:00:00,2026-03-22 18:00:00,2026-03-21 22:00:00,68.0,2.0,1,20.0,development,2,9,45.0,15,release,3,Средне-специальное,fullstack,7,Интеграция с SCADA энергообъектов,REGENERGO-SCADA,2,ПАО «РегионЭнерго»,энергетика,5,f
2043,759,15,4,2026-03-22 22:00:00,,2026-03-27 12:00:00,2026-03-25 22:00:00,110.0,3.0,1,38.0,development,2,9,45.0,15,release,2,Средне-специальное,qa,7,Интеграция с SCADA энергообъектов,REGENERGO-SCADA,2,ПАО «РегионЭнерго»,энергетика,5,f
2044,759,14,9,2026-03-27 15:00:00,2026-03-28 15:00:00,2026-03-28 02:00:00,2026-03-28 15:00:00,11.0,1.0,0,0.0,development,2,9,45.0,15,release,5,Бакалавр,release_manager,7,Интеграция с SCADA энергообъектов,REGENERGO-SCADA,2,ПАО «РегионЭнерго»,энергетика,5,f
2045,760,1,2,2026-01-06 15:00:00,2026-01-09 15:00:00,2026-01-08 17:00:00,2026-01-09 15:00:00,50.0,3.0,0,0.0,incident,5,1,5.0,25,release,8,Специалист,backend,11,Аналитика и отчёты для руководства,NEFTEHIM-BI,3,ООО «НефтехимСервис»,нефтехимия,7,t
2046,760,15,4,2026-01-08 19:00:00,,2026-01-16 01:00:00,2026-01-13 19:00:00,174.0,5.0,1,54.0,incident,5,1,5.0,25,release,2,Средне-специальное,qa,11,Аналитика и отчёты для руководства,NEFTEHIM-BI,3,ООО «НефтехимСервис»,нефтехимия,7,t
2047,760,1,2,2026-01-16 08:00:00,2026-01-18 08:00:00,2026-01-23 01:00:00,2026-01-18 08:00:00,161.0,2.0,1,113.0,incident,5,1,5.0,25,release,8,Специалист,backend,11,Аналитика и отчёты для руководства,NEFTEHIM-BI,3,ООО «НефтехимСервис»,нефтехимия,7,t
2048,760,15,4,2026-01-23 03:00:00,,2026-01-30 23:00:00,2026-01-28 03:00:00,188.0,5.0,1,68.0,incident,5,1,5.0,25,release,2,Средне-специальное,qa,11,Аналитика и отчёты для руководства,NEFTEHIM-BI,3,ООО «НефтехимСервис»,нефтехимия,7,t
2049,760,1,2,2026-01-31 05:00:00,2026-02-03 05:00:00,2026-02-04 06:00:00,2026-02-03 05:00:00,97.0,3.0,1,25.0,incident,5,1,5.0,25,release,8,Специалист,backend,11,Аналитика и отчёты для руководства,NEFTEHIM-BI,3,ООО «НефтехимСервис»,нефтехимия,7,t
2050,760,15,4,2026-02-04 07:00:00,2026-02-06 07:00:00,2026-02-09 00:00:00,2026-02-06 07:00:00,113.0,2.0,1,65.0,incident,5,1,5.0,25,release,2,Средне-специальное,qa,11,Аналитика и отчёты для руководства,NEFTEHIM-BI,3,ООО «НефтехимСервис»,нефтехимия,7,t
2051,760,10,9,2026-02-09 02:00:00,2026-02-10 02:00:00,2026-02-13 23:00:00,2026-02-10 02:00:00,117.0,1.0,1,93.0,incident,5,1,5.0,25,release,6,Бакалавр,release_manager,11,Аналитика и отчёты для руководства,NEFTEHIM-BI,3,ООО «НефтехимСервис»,нефтехимия,7,t
2052,761,6,3,2026-01-10 18:00:00,2026-01-12 18:00:00,2026-01-15 10:00:00,2026-01-12 18:00:00,112.0,2.0,1,64.0,incident,1,13,65.0,14,release,3,Бакалавр,design,7,Интеграция с SCADA энергообъектов,REGENERGO-SCADA,2,ПАО «РегионЭнерго»,энергетика,5,f
2053,761,4,4,2026-01-15 13:00:00,,2026-01-23 19:00:00,2026-01-20 13:00:00,198.0,5.0,1,78.0,incident,1,13,65.0,14,release,4,Бакалавр,qa,7,Интеграция с SCADA энергообъектов,REGENERGO-SCADA,2,ПАО «РегионЭнерго»,энергетика,5,f
2054,761,6,3,2026-01-24 03:00:00,2026-01-26 03:00:00,2026-01-31 12:00:00,2026-01-26 03:00:00,177.0,2.0,1,129.0,incident,1,13,65.0,14,release,3,Бакалавр,design,7,Интеграция с SCADA энергообъектов,REGENERGO-SCADA,2,ПАО «РегионЭнерго»,энергетика,5,f
2055,761,4,4,2026-01-31 15:00:00,2026-02-02 15:00:00,2026-02-07 08:00:00,2026-02-02 15:00:00,161.0,2.0,1,113.0,incident,1,13,65.0,14,release,4,Бакалавр,qa,7,Интеграция с SCADA энергообъектов,REGENERGO-SCADA,2,ПАО «РегионЭнерго»,энергетика,5,f
2056,761,14,9,2026-02-07 11:00:00,2026-02-09 11:00:00,2026-02-08 05:00:00,2026-02-09 11:00:00,18.0,2.0,0,0.0,incident,1,13,65.0,14,release,5,Бакалавр,release_manager,7,Интеграция с SCADA энергообъектов,REGENERGO-SCADA,2,ПАО «РегионЭнерго»,энергетика,5,f
2057,762,6,3,2026-01-01 11:00:00,2026-01-07 11:00:00,2026-01-12 04:00:00,2026-01-07 11:00:00,257.0,6.0,1,113.0,development,4,10,50.0,7,release,3,Бакалавр,design,4,Отчётность по остаткам для Ростехнадзора,ZAPADTOP-RTN,1,АО «ЗападТопливо»,топливная розница,3,t
2058,762,4,4,2026-01-12 08:00:00,2026-01-14 08:00:00,2026-01-13 23:00:00,2026-01-14 08:00:00,39.0,2.0,0,0.0,development,4,10,50.0,7,release,4,Бакалавр,qa,4,Отчётность по остаткам для Ростехнадзора,ZAPADTOP-RTN,1,АО «ЗападТопливо»,топливная розница,3,t
2059,762,14,9,2026-01-14 03:00:00,2026-01-15 03:00:00,2026-01-14 14:00:00,2026-01-15 03:00:00,11.0,1.0,0,0.0,development,4,10,50.0,7,release,5,Бакалавр,release_manager,4,Отчётность по остаткам для Ростехнадзора,ZAPADTOP-RTN,1,АО «ЗападТопливо»,топливная розница,3,t
2060,764,3,7,2026-01-08 04:00:00,2026-01-12 04:00:00,2026-01-09 22:00:00,2026-01-12 04:00:00,42.0,4.0,0,0.0,development,3,8,40.0,11,release,6,Бакалавр,fullstack,6,Система мониторинга резервных топливных складов,REGENERGO-SKLAD,2,ПАО «РегионЭнерго»,энергетика,9,f
2061,764,9,4,2026-01-10 01:00:00,,2026-01-13 02:00:00,2026-01-14 01:00:00,73.0,4.0,0,0.0,development,3,8,40.0,11,release,5,Бакалавр,qa,6,Система мониторинга резервных топливных складов,REGENERGO-SKLAD,2,ПАО «РегионЭнерго»,энергетика,9,f
2062,764,3,7,2026-01-13 04:00:00,2026-01-17 04:00:00,2026-01-16 05:00:00,2026-01-17 04:00:00,73.0,4.0,0,0.0,development,3,8,40.0,11,release,6,Бакалавр,fullstack,6,Система мониторинга резервных топливных складов,REGENERGO-SKLAD,2,ПАО «РегионЭнерго»,энергетика,9,f
2063,764,9,4,2026-01-16 08:00:00,2026-01-17 08:00:00,2026-01-17 04:00:00,2026-01-17 08:00:00,20.0,1.0,0,0.0,development,3,8,40.0,11,release,5,Бакалавр,qa,6,Система мониторинга резервных топливных складов,REGENERGO-SKLAD,2,ПАО «РегионЭнерго»,энергетика,9,f
2064,764,3,7,2026-01-17 07:00:00,2026-01-22 07:00:00,2026-01-26 00:00:00,2026-01-22 07:00:00,209.0,5.0,1,89.0,development,3,8,40.0,11,release,6,Бакалавр,fullstack,6,Система мониторинга резервных топливных складов,REGENERGO-SKLAD,2,ПАО «РегионЭнерго»,энергетика,9,f
2065,764,9,4,2026-01-26 04:00:00,,2026-02-01 07:00:00,2026-01-29 04:00:00,147.0,3.0,1,75.0,development,3,8,40.0,11,release,5,Бакалавр,qa,6,Система мониторинга резервных топливных складов,REGENERGO-SKLAD,2,ПАО «РегионЭнерго»,энергетика,9,f
2066,764,3,7,2026-02-01 09:00:00,2026-02-05 09:00:00,2026-02-06 16:00:00,2026-02-05 09:00:00,127.0,4.0,1,31.0,development,3,8,40.0,11,release,6,Бакалавр,fullstack,6,Система мониторинга резервных топливных складов,REGENERGO-SKLAD,2,ПАО «РегионЭнерго»,энергетика,9,f
2067,764,9,4,2026-02-06 17:00:00,2026-02-07 17:00:00,2026-02-07 07:00:00,2026-02-07 17:00:00,14.0,1.0,0,0.0,development,3,8,40.0,11,release,5,Бакалавр,qa,6,Система мониторинга резервных топливных складов,REGENERGO-SKLAD,2,ПАО «РегионЭнерго»,энергетика,9,f
2068,764,14,9,2026-02-07 09:00:00,2026-02-08 09:00:00,2026-02-08 01:00:00,2026-02-08 09:00:00,16.0,1.0,0,0.0,development,3,8,40.0,11,release,5,Бакалавр,release_manager,6,Система мониторинга резервных топливных складов,REGENERGO-SKLAD,2,ПАО «РегионЭнерго»,энергетика,9,f
2069,765,8,1,2026-05-03 22:00:00,2026-05-06 22:00:00,2026-05-06 17:00:00,2026-05-06 22:00:00,67.0,3.0,0,0.0,incident,2,4,24.0,13,release,1,Средне-специальное,frontend,6,Система мониторинга резервных топливных складов,REGENERGO-SKLAD,2,ПАО «РегионЭнерго»,энергетика,3,f
2070,765,15,4,2026-05-06 20:00:00,,2026-05-16 10:00:00,2026-05-11 20:00:00,230.0,5.0,1,110.0,incident,2,4,24.0,13,release,2,Средне-специальное,qa,6,Система мониторинга резервных топливных складов,REGENERGO-SKLAD,2,ПАО «РегионЭнерго»,энергетика,3,f
2071,765,10,9,2026-05-16 14:00:00,2026-05-17 14:00:00,2026-05-17 12:00:00,2026-05-17 14:00:00,22.0,1.0,0,0.0,incident,2,4,24.0,13,release,6,Бакалавр,release_manager,6,Система мониторинга резервных топливных складов,REGENERGO-SKLAD,2,ПАО «РегионЭнерго»,энергетика,3,f
2072,766,2,1,2026-03-11 06:00:00,2026-03-14 06:00:00,2026-03-15 22:00:00,2026-03-14 06:00:00,112.0,3.0,1,40.0,incident,4,9,36.0,24,release,5,Бакалавр,frontend,10,Сверка остатков при приёмке на нефтебазе,NEFTEHIM-RCV,3,ООО «НефтехимСервис»,нефтехимия,7,t
2073,766,15,4,2026-03-17 07:00:00,,2026-03-24 06:00:00,2026-03-20 07:00:00,167.0,3.0,1,95.0,incident,4,9,36.0,24,release,2,Средне-специальное,qa,10,Сверка остатков при приёмке на нефтебазе,NEFTEHIM-RCV,3,ООО «НефтехимСервис»,нефтехимия,7,t
2074,766,2,1,2026-03-24 08:00:00,2026-03-28 08:00:00,2026-03-25 20:00:00,2026-03-28 08:00:00,36.0,4.0,0,0.0,incident,4,9,36.0,24,release,5,Бакалавр,frontend,10,Сверка остатков при приёмке на нефтебазе,NEFTEHIM-RCV,3,ООО «НефтехимСервис»,нефтехимия,7,t
2075,766,15,4,2026-03-26 00:00:00,2026-03-28 00:00:00,2026-03-30 17:00:00,2026-03-28 00:00:00,113.0,2.0,1,65.0,incident,4,9,36.0,24,release,2,Средне-специальное,qa,10,Сверка остатков при приёмке на нефтебазе,NEFTEHIM-RCV,3,ООО «НефтехимСервис»,нефтехимия,7,t
2076,766,2,1,2026-03-30 22:00:00,2026-04-01 22:00:00,2026-04-04 03:00:00,2026-04-01 22:00:00,101.0,2.0,1,53.0,incident,4,9,36.0,24,release,5,Бакалавр,frontend,10,Сверка остатков при приёмке на нефтебазе,NEFTEHIM-RCV,3,ООО «НефтехимСервис»,нефтехимия,7,t
2077,766,15,4,2026-04-04 05:00:00,,2026-04-10 08:00:00,2026-04-08 05:00:00,147.0,4.0,1,51.0,incident,4,9,36.0,24,release,2,Средне-специальное,qa,10,Сверка остатков при приёмке на нефтебазе,NEFTEHIM-RCV,3,ООО «НефтехимСервис»,нефтехимия,7,t
2078,766,14,9,2026-04-10 11:00:00,2026-04-11 11:00:00,2026-04-11 01:00:00,2026-04-11 11:00:00,14.0,1.0,0,0.0,incident,4,9,36.0,24,release,5,Бакалавр,release_manager,10,Сверка остатков при приёмке на нефтебазе,NEFTEHIM-RCV,3,ООО «НефтехимСервис»,нефтехимия,7,t
2079,767,13,7,2026-01-02 01:00:00,2026-01-11 01:00:00,2026-01-09 18:00:00,2026-01-11 01:00:00,185.0,9.0,0,0.0,development,1,2,6.0,5,release,3,Средне-специальное,fullstack,3,Личный кабинет оператора заправки,ZAPADTOP-LK,1,АО «ЗападТопливо»,топливная розница,3,f
2080,767,9,4,2026-01-09 22:00:00,,2026-01-19 00:00:00,2026-01-14 22:00:00,218.0,5.0,1,98.0,development,1,2,6.0,5,release,5,Бакалавр,qa,3,Личный кабинет оператора заправки,ZAPADTOP-LK,1,АО «ЗападТопливо»,топливная розница,3,f
2081,767,14,9,2026-01-19 05:00:00,2026-01-20 05:00:00,2026-01-23 22:00:00,2026-01-20 05:00:00,113.0,1.0,1,89.0,development,1,2,6.0,5,release,5,Бакалавр,release_manager,3,Личный кабинет оператора заправки,ZAPADTOP-LK,1,АО «ЗападТопливо»,топливная розница,3,f
2083,769,1,2,2026-03-07 22:00:00,2026-03-17 22:00:00,2026-03-13 04:00:00,2026-03-17 22:00:00,126.0,10.0,0,0.0,development,4,5,25.0,8,release,8,Специалист,backend,4,Отчётность по остаткам для Ростехнадзора,ZAPADTOP-RTN,1,АО «ЗападТопливо»,топливная розница,3,t
2084,769,15,4,2026-03-13 05:00:00,,2026-03-20 17:00:00,2026-03-18 05:00:00,180.0,5.0,1,60.0,development,4,5,25.0,8,release,2,Средне-специальное,qa,4,Отчётность по остаткам для Ростехнадзора,ZAPADTOP-RTN,1,АО «ЗападТопливо»,топливная розница,3,t
2085,769,10,9,2026-03-20 18:00:00,2026-03-22 18:00:00,2026-03-21 23:00:00,2026-03-22 18:00:00,29.0,2.0,0,0.0,development,4,5,25.0,8,release,6,Бакалавр,release_manager,4,Отчётность по остаткам для Ростехнадзора,ZAPADTOP-RTN,1,АО «ЗападТопливо»,топливная розница,3,t
2086,770,2,1,2026-01-04 10:00:00,2026-01-10 10:00:00,2026-01-09 10:00:00,2026-01-10 10:00:00,120.0,6.0,0,0.0,development,3,8,40.0,25,release,5,Бакалавр,frontend,11,Аналитика и отчёты для руководства,NEFTEHIM-BI,3,ООО «НефтехимСервис»,нефтехимия,3,f
2087,770,15,4,2026-01-09 13:00:00,2026-01-11 13:00:00,2026-01-13 22:00:00,2026-01-11 13:00:00,105.0,2.0,1,57.0,development,3,8,40.0,25,release,2,Средне-специальное,qa,11,Аналитика и отчёты для руководства,NEFTEHIM-BI,3,ООО «НефтехимСервис»,нефтехимия,3,f
2088,770,14,9,2026-01-14 01:00:00,2026-01-16 01:00:00,2026-01-18 03:00:00,2026-01-16 01:00:00,98.0,2.0,1,50.0,development,3,8,40.0,25,release,5,Бакалавр,release_manager,11,Аналитика и отчёты для руководства,NEFTEHIM-BI,3,ООО «НефтехимСервис»,нефтехимия,3,f
2089,772,3,7,2026-01-02 03:00:00,2026-01-11 03:00:00,2026-01-14 19:00:00,2026-01-11 03:00:00,304.0,9.0,1,88.0,development,3,4,20.0,25,being_tested,6,Бакалавр,fullstack,11,Аналитика и отчёты для руководства,NEFTEHIM-BI,3,ООО «НефтехимСервис»,нефтехимия,2,f
2093,776,6,3,2026-03-11 12:00:00,2026-03-19 12:00:00,2026-03-21 05:00:00,2026-03-19 12:00:00,233.0,8.0,1,41.0,development,3,11,44.0,18,release,3,Бакалавр,design,8,Портал заявок на доработку от эксплуатации,REGENERGO-REQ,2,ПАО «РегионЭнерго»,энергетика,3,f
2094,776,15,4,2026-03-21 09:00:00,2026-03-23 09:00:00,2026-03-27 18:00:00,2026-03-23 09:00:00,153.0,2.0,1,105.0,development,3,11,44.0,18,release,2,Средне-специальное,qa,8,Портал заявок на доработку от эксплуатации,REGENERGO-REQ,2,ПАО «РегионЭнерго»,энергетика,3,f
2095,776,14,9,2026-03-27 23:00:00,2026-03-28 23:00:00,2026-03-28 13:00:00,2026-03-28 23:00:00,14.0,1.0,0,0.0,development,3,11,44.0,18,release,5,Бакалавр,release_manager,8,Портал заявок на доработку от эксплуатации,REGENERGO-REQ,2,ПАО «РегионЭнерго»,энергетика,3,f
2096,777,13,7,2026-01-10 10:00:00,2026-01-13 10:00:00,2026-01-13 02:00:00,2026-01-13 10:00:00,64.0,3.0,0,0.0,incident,1,12,60.0,10,release,3,Средне-специальное,fullstack,5,Учёт топлива на котельных и ТЭЦ,REGENERGO-TEC,2,ПАО «РегионЭнерго»,энергетика,3,f
2097,777,9,4,2026-01-13 03:00:00,2026-01-16 03:00:00,2026-01-18 00:00:00,2026-01-16 03:00:00,117.0,3.0,1,45.0,incident,1,12,60.0,10,release,5,Бакалавр,qa,5,Учёт топлива на котельных и ТЭЦ,REGENERGO-TEC,2,ПАО «РегионЭнерго»,энергетика,3,f
2098,777,10,9,2026-01-18 04:00:00,2026-01-20 04:00:00,2026-01-18 22:00:00,2026-01-20 04:00:00,18.0,2.0,0,0.0,incident,1,12,60.0,10,release,6,Бакалавр,release_manager,5,Учёт топлива на котельных и ТЭЦ,REGENERGO-TEC,2,ПАО «РегионЭнерго»,энергетика,3,f
2099,778,1,2,2026-01-06 09:00:00,2026-01-16 09:00:00,2026-01-11 08:00:00,2026-01-16 09:00:00,119.0,10.0,0,0.0,development,2,4,20.0,7,release,8,Специалист,backend,4,Отчётность по остаткам для Ростехнадзора,ZAPADTOP-RTN,1,АО «ЗападТопливо»,топливная розница,3,f
2100,778,4,4,2026-01-11 09:00:00,,2026-01-17 17:00:00,2026-01-14 09:00:00,152.0,3.0,1,80.0,development,2,4,20.0,7,release,4,Бакалавр,qa,4,Отчётность по остаткам для Ростехнадзора,ZAPADTOP-RTN,1,АО «ЗападТопливо»,топливная розница,3,f
2101,778,10,9,2026-01-17 21:00:00,2026-01-19 21:00:00,2026-01-18 13:00:00,2026-01-19 21:00:00,16.0,2.0,0,0.0,development,2,4,20.0,7,release,6,Бакалавр,release_manager,4,Отчётность по остаткам для Ростехнадзора,ZAPADTOP-RTN,1,АО «ЗападТопливо»,топливная розница,3,f
2102,779,2,1,2026-03-10 07:00:00,2026-03-19 07:00:00,2026-03-17 13:00:00,2026-03-19 07:00:00,174.0,9.0,0,0.0,development,3,10,40.0,26,release,5,Бакалавр,frontend,11,Аналитика и отчёты для руководства,NEFTEHIM-BI,3,ООО «НефтехимСервис»,нефтехимия,5,f
2103,779,4,4,2026-03-17 15:00:00,,2026-03-23 16:00:00,2026-03-20 15:00:00,145.0,3.0,1,73.0,development,3,10,40.0,26,release,4,Бакалавр,qa,11,Аналитика и отчёты для руководства,NEFTEHIM-BI,3,ООО «НефтехимСервис»,нефтехимия,5,f
2104,779,2,1,2026-03-23 19:00:00,2026-03-25 19:00:00,2026-03-24 14:00:00,2026-03-25 19:00:00,19.0,2.0,0,0.0,development,3,10,40.0,26,release,5,Бакалавр,frontend,11,Аналитика и отчёты для руководства,NEFTEHIM-BI,3,ООО «НефтехимСервис»,нефтехимия,5,f
2105,779,4,4,2026-03-24 18:00:00,,2026-03-29 04:00:00,2026-03-27 18:00:00,106.0,3.0,1,34.0,development,3,10,40.0,26,release,4,Бакалавр,qa,11,Аналитика и отчёты для руководства,NEFTEHIM-BI,3,ООО «НефтехимСервис»,нефтехимия,5,f
2106,779,10,9,2026-03-29 10:00:00,2026-03-30 10:00:00,2026-04-02 23:00:00,2026-03-30 10:00:00,109.0,1.0,1,85.0,development,3,10,40.0,26,release,6,Бакалавр,release_manager,11,Аналитика и отчёты для руководства,NEFTEHIM-BI,3,ООО «НефтехимСервис»,нефтехимия,5,f
2107,780,13,7,2026-03-12 19:00:00,2026-03-18 19:00:00,2026-03-15 03:00:00,2026-03-18 19:00:00,56.0,6.0,0,0.0,development,3,2,12.0,8,release,3,Средне-специальное,fullstack,4,Отчётность по остаткам для Ростехнадзора,ZAPADTOP-RTN,1,АО «ЗападТопливо»,топливная розница,3,f
2108,780,9,4,2026-03-15 05:00:00,2026-03-18 05:00:00,2026-03-21 20:00:00,2026-03-18 05:00:00,159.0,3.0,1,87.0,development,3,2,12.0,8,release,5,Бакалавр,qa,4,Отчётность по остаткам для Ростехнадзора,ZAPADTOP-RTN,1,АО «ЗападТопливо»,топливная розница,3,f
2109,780,14,9,2026-03-22 00:00:00,2026-03-24 00:00:00,2026-03-25 09:00:00,2026-03-24 00:00:00,81.0,2.0,1,33.0,development,3,2,12.0,8,release,5,Бакалавр,release_manager,4,Отчётность по остаткам для Ростехнадзора,ZAPADTOP-RTN,1,АО «ЗападТопливо»,топливная розница,3,f
2110,781,6,3,2026-01-06 16:00:00,2026-01-08 16:00:00,2026-01-11 13:00:00,2026-01-08 16:00:00,117.0,2.0,1,69.0,incident,2,6,30.0,20,release,3,Бакалавр,design,9,Логистика перевозок нефтепродуктов,NEFTEHIM-LOG,3,ООО «НефтехимСервис»,нефтехимия,9,f
2111,781,9,4,2026-01-11 17:00:00,2026-01-12 17:00:00,2026-01-15 05:00:00,2026-01-12 17:00:00,84.0,1.0,1,60.0,incident,2,6,30.0,20,release,5,Бакалавр,qa,9,Логистика перевозок нефтепродуктов,NEFTEHIM-LOG,3,ООО «НефтехимСервис»,нефтехимия,9,f
2112,781,6,3,2026-01-15 07:00:00,2026-01-17 07:00:00,2026-01-23 07:00:00,2026-01-17 07:00:00,192.0,2.0,1,144.0,incident,2,6,30.0,20,release,3,Бакалавр,design,9,Логистика перевозок нефтепродуктов,NEFTEHIM-LOG,3,ООО «НефтехимСервис»,нефтехимия,9,f
2113,781,9,4,2026-01-23 09:00:00,2026-01-26 09:00:00,2026-01-28 14:00:00,2026-01-26 09:00:00,125.0,3.0,1,53.0,incident,2,6,30.0,20,release,5,Бакалавр,qa,9,Логистика перевозок нефтепродуктов,NEFTEHIM-LOG,3,ООО «НефтехимСервис»,нефтехимия,9,f
2114,781,6,3,2026-01-28 21:00:00,2026-01-31 21:00:00,2026-02-03 01:00:00,2026-01-31 21:00:00,124.0,3.0,1,52.0,incident,2,6,30.0,20,release,3,Бакалавр,design,9,Логистика перевозок нефтепродуктов,NEFTEHIM-LOG,3,ООО «НефтехимСервис»,нефтехимия,9,f
2115,781,9,4,2026-02-03 03:00:00,2026-02-04 03:00:00,2026-02-05 10:00:00,2026-02-04 03:00:00,55.0,1.0,1,31.0,incident,2,6,30.0,20,release,5,Бакалавр,qa,9,Логистика перевозок нефтепродуктов,NEFTEHIM-LOG,3,ООО «НефтехимСервис»,нефтехимия,9,f
2117,781,9,4,2026-02-13 16:00:00,2026-02-16 16:00:00,2026-02-21 02:00:00,2026-02-16 16:00:00,178.0,3.0,1,106.0,incident,2,6,30.0,20,release,5,Бакалавр,qa,9,Логистика перевозок нефтепродуктов,NEFTEHIM-LOG,3,ООО «НефтехимСервис»,нефтехимия,9,f
2118,781,14,9,2026-02-21 04:00:00,2026-02-22 04:00:00,2026-02-21 18:00:00,2026-02-22 04:00:00,14.0,1.0,0,0.0,incident,2,6,30.0,20,release,5,Бакалавр,release_manager,9,Логистика перевозок нефтепродуктов,NEFTEHIM-LOG,3,ООО «НефтехимСервис»,нефтехимия,9,f
2119,782,3,7,2026-01-09 20:00:00,2026-01-12 20:00:00,2026-01-14 08:00:00,2026-01-12 20:00:00,108.0,3.0,1,36.0,incident,3,11,44.0,5,release,6,Бакалавр,fullstack,3,Личный кабинет оператора заправки,ZAPADTOP-LK,1,АО «ЗападТопливо»,топливная розница,9,f
2120,782,9,4,2026-01-14 10:00:00,,2026-01-23 10:00:00,2026-01-19 10:00:00,216.0,5.0,1,96.0,incident,3,11,44.0,5,release,5,Бакалавр,qa,3,Личный кабинет оператора заправки,ZAPADTOP-LK,1,АО «ЗападТопливо»,топливная розница,9,f
2121,782,3,7,2026-01-23 15:00:00,2026-01-25 15:00:00,2026-01-28 20:00:00,2026-01-25 15:00:00,125.0,2.0,1,77.0,incident,3,11,44.0,5,release,6,Бакалавр,fullstack,3,Личный кабинет оператора заправки,ZAPADTOP-LK,1,АО «ЗападТопливо»,топливная розница,9,f
2122,782,9,4,2026-01-29 00:00:00,2026-01-30 00:00:00,2026-02-01 03:00:00,2026-01-30 00:00:00,75.0,1.0,1,51.0,incident,3,11,44.0,5,release,5,Бакалавр,qa,3,Личный кабинет оператора заправки,ZAPADTOP-LK,1,АО «ЗападТопливо»,топливная розница,9,f
2123,782,3,7,2026-02-01 11:00:00,2026-02-03 11:00:00,2026-02-05 15:00:00,2026-02-03 11:00:00,100.0,2.0,1,52.0,incident,3,11,44.0,5,release,6,Бакалавр,fullstack,3,Личный кабинет оператора заправки,ZAPADTOP-LK,1,АО «ЗападТопливо»,топливная розница,9,f
2124,782,9,4,2026-02-05 17:00:00,2026-02-06 17:00:00,2026-02-10 07:00:00,2026-02-06 17:00:00,110.0,1.0,1,86.0,incident,3,11,44.0,5,release,5,Бакалавр,qa,3,Личный кабинет оператора заправки,ZAPADTOP-LK,1,АО «ЗападТопливо»,топливная розница,9,f
2125,782,3,7,2026-02-10 10:00:00,2026-02-13 10:00:00,2026-02-19 02:00:00,2026-02-13 10:00:00,208.0,3.0,1,136.0,incident,3,11,44.0,5,release,6,Бакалавр,fullstack,3,Личный кабинет оператора заправки,ZAPADTOP-LK,1,АО «ЗападТопливо»,топливная розница,9,f
2126,782,9,4,2026-02-19 03:00:00,2026-02-22 03:00:00,2026-02-27 07:00:00,2026-02-22 03:00:00,196.0,3.0,1,124.0,incident,3,11,44.0,5,release,5,Бакалавр,qa,3,Личный кабинет оператора заправки,ZAPADTOP-LK,1,АО «ЗападТопливо»,топливная розница,9,f
2127,782,10,9,2026-02-27 13:00:00,2026-03-01 13:00:00,2026-03-02 23:00:00,2026-03-01 13:00:00,82.0,2.0,1,34.0,incident,3,11,44.0,5,release,6,Бакалавр,release_manager,3,Личный кабинет оператора заправки,ZAPADTOP-LK,1,АО «ЗападТопливо»,топливная розница,9,f
2129,784,2,1,2026-04-29 10:00:00,2026-05-01 10:00:00,2026-05-04 06:00:00,2026-05-01 10:00:00,116.0,2.0,1,68.0,incident,3,8,32.0,13,release,5,Бакалавр,frontend,6,Система мониторинга резервных топливных складов,REGENERGO-SKLAD,2,ПАО «РегионЭнерго»,энергетика,7,f
2130,784,9,4,2026-05-04 08:00:00,,2026-05-12 04:00:00,2026-05-07 08:00:00,188.0,3.0,1,116.0,incident,3,8,32.0,13,release,5,Бакалавр,qa,6,Система мониторинга резервных топливных складов,REGENERGO-SKLAD,2,ПАО «РегионЭнерго»,энергетика,7,f
2131,784,2,1,2026-05-12 07:00:00,2026-05-16 07:00:00,2026-05-19 10:00:00,2026-05-16 07:00:00,171.0,4.0,1,75.0,incident,3,8,32.0,13,release,5,Бакалавр,frontend,6,Система мониторинга резервных топливных складов,REGENERGO-SKLAD,2,ПАО «РегионЭнерго»,энергетика,7,f
2132,784,9,4,2026-05-19 12:00:00,2026-05-21 12:00:00,2026-05-27 00:00:00,2026-05-21 12:00:00,180.0,2.0,1,132.0,incident,3,8,32.0,13,release,5,Бакалавр,qa,6,Система мониторинга резервных топливных складов,REGENERGO-SKLAD,2,ПАО «РегионЭнерго»,энергетика,7,f
2133,784,2,1,2026-05-27 02:00:00,2026-05-29 02:00:00,2026-06-03 03:00:00,2026-05-29 02:00:00,169.0,2.0,1,121.0,incident,3,8,32.0,13,release,5,Бакалавр,frontend,6,Система мониторинга резервных топливных складов,REGENERGO-SKLAD,2,ПАО «РегионЭнерго»,энергетика,7,f
2134,784,9,4,2026-06-03 05:00:00,,2026-06-13 09:00:00,2026-06-08 05:00:00,244.0,5.0,1,124.0,incident,3,8,32.0,13,release,5,Бакалавр,qa,6,Система мониторинга резервных топливных складов,REGENERGO-SKLAD,2,ПАО «РегионЭнерго»,энергетика,7,f
2135,784,14,9,2026-06-13 14:00:00,2026-06-15 14:00:00,2026-06-14 16:00:00,2026-06-15 14:00:00,26.0,2.0,0,0.0,incident,3,8,32.0,13,release,5,Бакалавр,release_manager,6,Система мониторинга резервных топливных складов,REGENERGO-SKLAD,2,ПАО «РегионЭнерго»,энергетика,7,f
2136,787,11,2,2026-03-11 15:00:00,2026-03-13 15:00:00,2026-03-15 13:00:00,2026-03-13 15:00:00,94.0,2.0,1,46.0,incident,5,9,27.0,2,release,0,Средне-специальное,backend,1,ПО учёта остатков топлива на АЗС и электростанциях,ZAPADTOP-FUEL,1,АО «ЗападТопливо»,топливная розница,7,t
2137,787,9,4,2026-03-15 14:00:00,2026-03-17 14:00:00,2026-03-16 21:00:00,2026-03-17 14:00:00,31.0,2.0,0,0.0,incident,5,9,27.0,2,release,5,Бакалавр,qa,1,ПО учёта остатков топлива на АЗС и электростанциях,ZAPADTOP-FUEL,1,АО «ЗападТопливо»,топливная розница,7,t
2138,787,11,2,2026-03-17 04:00:00,2026-03-20 04:00:00,2026-03-25 00:00:00,2026-03-20 04:00:00,188.0,3.0,1,116.0,incident,5,9,27.0,2,release,0,Средне-специальное,backend,1,ПО учёта остатков топлива на АЗС и электростанциях,ZAPADTOP-FUEL,1,АО «ЗападТопливо»,топливная розница,7,t
2139,787,9,4,2026-03-25 04:00:00,,2026-04-02 11:00:00,2026-03-30 04:00:00,199.0,5.0,1,79.0,incident,5,9,27.0,2,release,5,Бакалавр,qa,1,ПО учёта остатков топлива на АЗС и электростанциях,ZAPADTOP-FUEL,1,АО «ЗападТопливо»,топливная розница,7,t
2140,787,11,2,2026-04-02 14:00:00,2026-04-05 14:00:00,2026-04-03 21:00:00,2026-04-05 14:00:00,31.0,3.0,0,0.0,incident,5,9,27.0,2,release,0,Средне-специальное,backend,1,ПО учёта остатков топлива на АЗС и электростанциях,ZAPADTOP-FUEL,1,АО «ЗападТопливо»,топливная розница,7,t
2141,787,9,4,2026-04-04 01:00:00,,2026-04-10 08:00:00,2026-04-08 01:00:00,151.0,4.0,1,55.0,incident,5,9,27.0,2,release,5,Бакалавр,qa,1,ПО учёта остатков топлива на АЗС и электростанциях,ZAPADTOP-FUEL,1,АО «ЗападТопливо»,топливная розница,7,t
2142,787,10,9,2026-04-10 10:00:00,2026-04-12 10:00:00,2026-04-14 18:00:00,2026-04-12 10:00:00,104.0,2.0,1,56.0,incident,5,9,27.0,2,release,6,Бакалавр,release_manager,1,ПО учёта остатков топлива на АЗС и электростанциях,ZAPADTOP-FUEL,1,АО «ЗападТопливо»,топливная розница,7,t
2143,788,3,7,2026-01-03 07:00:00,2026-01-13 07:00:00,2026-01-11 15:00:00,2026-01-13 07:00:00,200.0,10.0,0,0.0,development,3,5,15.0,10,release,6,Бакалавр,fullstack,5,Учёт топлива на котельных и ТЭЦ,REGENERGO-TEC,2,ПАО «РегионЭнерго»,энергетика,3,f
2144,788,9,4,2026-01-11 19:00:00,2026-01-12 19:00:00,2026-01-15 02:00:00,2026-01-12 19:00:00,79.0,1.0,1,55.0,development,3,5,15.0,10,release,5,Бакалавр,qa,5,Учёт топлива на котельных и ТЭЦ,REGENERGO-TEC,2,ПАО «РегионЭнерго»,энергетика,3,f
2145,788,10,9,2026-01-15 03:00:00,2026-01-16 03:00:00,2026-01-15 20:00:00,2026-01-16 03:00:00,17.0,1.0,0,0.0,development,3,5,15.0,10,release,6,Бакалавр,release_manager,5,Учёт топлива на котельных и ТЭЦ,REGENERGO-TEC,2,ПАО «РегионЭнерго»,энергетика,3,f
2146,790,2,1,2025-12-30 16:00:00,2026-01-06 16:00:00,2026-01-03 23:00:00,2026-01-06 16:00:00,103.0,7.0,0,0.0,development,2,8,48.0,23,release,5,Бакалавр,frontend,10,Сверка остатков при приёмке на нефтебазе,NEFTEHIM-RCV,3,ООО «НефтехимСервис»,нефтехимия,3,f
2147,790,15,4,2026-01-04 00:00:00,2026-01-06 00:00:00,2026-01-07 11:00:00,2026-01-06 00:00:00,83.0,2.0,1,35.0,development,2,8,48.0,23,release,2,Средне-специальное,qa,10,Сверка остатков при приёмке на нефтебазе,NEFTEHIM-RCV,3,ООО «НефтехимСервис»,нефтехимия,3,f
2148,790,10,9,2026-01-07 13:00:00,2026-01-09 13:00:00,2026-01-08 03:00:00,2026-01-09 13:00:00,14.0,2.0,0,0.0,development,2,8,48.0,23,release,6,Бакалавр,release_manager,10,Сверка остатков при приёмке на нефтебазе,NEFTEHIM-RCV,3,ООО «НефтехимСервис»,нефтехимия,3,f
2149,791,2,1,2026-03-09 00:00:00,2026-03-17 00:00:00,2026-03-12 09:00:00,2026-03-17 00:00:00,81.0,8.0,0,0.0,development,1,11,55.0,28,release,5,Бакалавр,frontend,12,Мобильное приложение для инспекторов АЗС,NEFTEHIM-MOB,3,ООО «НефтехимСервис»,нефтехимия,3,f
2150,791,15,4,2026-03-12 12:00:00,,2026-03-20 23:00:00,2026-03-17 12:00:00,203.0,5.0,1,83.0,development,1,11,55.0,28,release,2,Средне-специальное,qa,12,Мобильное приложение для инспекторов АЗС,NEFTEHIM-MOB,3,ООО «НефтехимСервис»,нефтехимия,3,f
2151,791,14,9,2026-03-21 01:00:00,2026-03-22 01:00:00,2026-03-25 18:00:00,2026-03-22 01:00:00,113.0,1.0,1,89.0,development,1,11,55.0,28,release,5,Бакалавр,release_manager,12,Мобильное приложение для инспекторов АЗС,NEFTEHIM-MOB,3,ООО «НефтехимСервис»,нефтехимия,3,f
2152,793,13,7,2026-01-10 14:00:00,2026-01-11 14:00:00,2026-01-15 00:00:00,2026-01-11 14:00:00,106.0,1.0,1,82.0,incident,2,7,42.0,7,release,3,Средне-специальное,fullstack,4,Отчётность по остаткам для Ростехнадзора,ZAPADTOP-RTN,1,АО «ЗападТопливо»,топливная розница,3,f
2153,793,15,4,2026-01-15 03:00:00,,2026-01-24 03:00:00,2026-01-20 03:00:00,216.0,5.0,1,96.0,incident,2,7,42.0,7,release,2,Средне-специальное,qa,4,Отчётность по остаткам для Ростехнадзора,ZAPADTOP-RTN,1,АО «ЗападТопливо»,топливная розница,3,f
2154,793,14,9,2026-01-24 08:00:00,2026-01-26 08:00:00,2026-01-25 01:00:00,2026-01-26 08:00:00,17.0,2.0,0,0.0,incident,2,7,42.0,7,release,5,Бакалавр,release_manager,4,Отчётность по остаткам для Ростехнадзора,ZAPADTOP-RTN,1,АО «ЗападТопливо»,топливная розница,3,f
2155,794,11,2,2026-01-05 14:00:00,2026-01-13 14:00:00,2026-01-15 07:00:00,2026-01-13 14:00:00,233.0,8.0,1,41.0,development,2,13,65.0,5,release,0,Средне-специальное,backend,3,Личный кабинет оператора заправки,ZAPADTOP-LK,1,АО «ЗападТопливо»,топливная розница,5,f
2156,794,9,4,2026-01-15 09:00:00,2026-01-17 09:00:00,2026-01-16 11:00:00,2026-01-17 09:00:00,26.0,2.0,0,0.0,development,2,13,65.0,5,release,5,Бакалавр,qa,3,Личный кабинет оператора заправки,ZAPADTOP-LK,1,АО «ЗападТопливо»,топливная розница,5,f
2157,794,11,2,2026-01-16 15:00:00,2026-01-21 15:00:00,2026-01-25 03:00:00,2026-01-21 15:00:00,204.0,5.0,1,84.0,development,2,13,65.0,5,release,0,Средне-специальное,backend,3,Личный кабинет оператора заправки,ZAPADTOP-LK,1,АО «ЗападТопливо»,топливная розница,5,f
2158,794,9,4,2026-01-25 07:00:00,2026-01-26 07:00:00,2026-01-25 21:00:00,2026-01-26 07:00:00,14.0,1.0,0,0.0,development,2,13,65.0,5,release,5,Бакалавр,qa,3,Личный кабинет оператора заправки,ZAPADTOP-LK,1,АО «ЗападТопливо»,топливная розница,5,f
2159,794,10,9,2026-01-26 01:00:00,2026-01-28 01:00:00,2026-01-27 09:00:00,2026-01-28 01:00:00,32.0,2.0,0,0.0,development,2,13,65.0,5,release,6,Бакалавр,release_manager,3,Личный кабинет оператора заправки,ZAPADTOP-LK,1,АО «ЗападТопливо»,топливная розница,5,f
2162,797,2,1,2026-01-09 07:00:00,2026-01-16 07:00:00,2026-01-15 02:00:00,2026-01-16 07:00:00,139.0,7.0,0,0.0,development,1,9,45.0,10,being_tested,5,Бакалавр,frontend,5,Учёт топлива на котельных и ТЭЦ,REGENERGO-TEC,2,ПАО «РегионЭнерго»,энергетика,2,f
2164,798,11,2,2026-03-11 15:00:00,2026-03-13 15:00:00,2026-03-16 03:00:00,2026-03-13 15:00:00,108.0,2.0,1,60.0,incident,5,12,60.0,26,release,0,Средне-специальное,backend,11,Аналитика и отчёты для руководства,NEFTEHIM-BI,3,ООО «НефтехимСервис»,нефтехимия,7,t
2165,798,15,4,2026-03-16 04:00:00,,2026-03-18 13:00:00,2026-03-19 04:00:00,57.0,3.0,0,0.0,incident,5,12,60.0,26,release,2,Средне-специальное,qa,11,Аналитика и отчёты для руководства,NEFTEHIM-BI,3,ООО «НефтехимСервис»,нефтехимия,7,t
2166,798,11,2,2026-03-18 15:00:00,2026-03-22 15:00:00,2026-03-26 02:00:00,2026-03-22 15:00:00,179.0,4.0,1,83.0,incident,5,12,60.0,26,release,0,Средне-специальное,backend,11,Аналитика и отчёты для руководства,NEFTEHIM-BI,3,ООО «НефтехимСервис»,нефтехимия,7,t
2167,798,15,4,2026-03-26 04:00:00,,2026-04-04 19:00:00,2026-03-31 04:00:00,231.0,5.0,1,111.0,incident,5,12,60.0,26,release,2,Средне-специальное,qa,11,Аналитика и отчёты для руководства,NEFTEHIM-BI,3,ООО «НефтехимСервис»,нефтехимия,7,t
2168,798,11,2,2026-04-05 03:00:00,2026-04-08 03:00:00,2026-04-10 05:00:00,2026-04-08 03:00:00,122.0,3.0,1,50.0,incident,5,12,60.0,26,release,0,Средне-специальное,backend,11,Аналитика и отчёты для руководства,NEFTEHIM-BI,3,ООО «НефтехимСервис»,нефтехимия,7,t
2169,798,15,4,2026-04-10 09:00:00,2026-04-11 09:00:00,2026-04-17 07:00:00,2026-04-11 09:00:00,166.0,1.0,1,142.0,incident,5,12,60.0,26,release,2,Средне-специальное,qa,11,Аналитика и отчёты для руководства,NEFTEHIM-BI,3,ООО «НефтехимСервис»,нефтехимия,7,t
2170,798,14,9,2026-04-17 10:00:00,2026-04-19 10:00:00,2026-04-19 02:00:00,2026-04-19 10:00:00,40.0,2.0,0,0.0,incident,5,12,60.0,26,release,5,Бакалавр,release_manager,11,Аналитика и отчёты для руководства,NEFTEHIM-BI,3,ООО «НефтехимСервис»,нефтехимия,7,t
2171,799,2,1,2026-05-02 12:00:00,2026-05-05 12:00:00,2026-05-08 10:00:00,2026-05-05 12:00:00,142.0,3.0,1,70.0,incident,1,5,15.0,16,release,5,Бакалавр,frontend,7,Интеграция с SCADA энергообъектов,REGENERGO-SCADA,2,ПАО «РегионЭнерго»,энергетика,3,f
2172,799,4,4,2026-05-08 13:00:00,2026-05-11 13:00:00,2026-05-14 12:00:00,2026-05-11 13:00:00,143.0,3.0,1,71.0,incident,1,5,15.0,16,release,4,Бакалавр,qa,7,Интеграция с SCADA энергообъектов,REGENERGO-SCADA,2,ПАО «РегионЭнерго»,энергетика,3,f
2173,799,10,9,2026-05-14 16:00:00,2026-05-16 16:00:00,2026-05-15 07:00:00,2026-05-16 16:00:00,15.0,2.0,0,0.0,incident,1,5,15.0,16,release,6,Бакалавр,release_manager,7,Интеграция с SCADA энергообъектов,REGENERGO-SCADA,2,ПАО «РегионЭнерго»,энергетика,3,f
2174,800,1,2,2026-03-13 19:00:00,2026-03-17 19:00:00,2026-03-17 10:00:00,2026-03-17 19:00:00,87.0,4.0,0,0.0,development,3,10,30.0,4,release,8,Специалист,backend,2,Модуль интеграции с датчиками уровня на АЗС,ZAPADTOP-IOT,1,АО «ЗападТопливо»,топливная розница,7,f
2175,800,15,4,2026-03-17 11:00:00,,2026-03-22 23:00:00,2026-03-20 11:00:00,132.0,3.0,1,60.0,development,3,10,30.0,4,release,2,Средне-специальное,qa,2,Модуль интеграции с датчиками уровня на АЗС,ZAPADTOP-IOT,1,АО «ЗападТопливо»,топливная розница,7,f
2176,800,1,2,2026-03-23 01:00:00,2026-03-28 01:00:00,2026-03-29 05:00:00,2026-03-28 01:00:00,148.0,5.0,1,28.0,development,3,10,30.0,4,release,8,Специалист,backend,2,Модуль интеграции с датчиками уровня на АЗС,ZAPADTOP-IOT,1,АО «ЗападТопливо»,топливная розница,7,f
2177,800,15,4,2026-03-29 09:00:00,2026-03-30 09:00:00,2026-03-29 20:00:00,2026-03-30 09:00:00,11.0,1.0,0,0.0,development,3,10,30.0,4,release,2,Средне-специальное,qa,2,Модуль интеграции с датчиками уровня на АЗС,ZAPADTOP-IOT,1,АО «ЗападТопливо»,топливная розница,7,f
2178,800,1,2,2026-03-30 04:00:00,2026-04-02 04:00:00,2026-04-02 10:00:00,2026-04-02 04:00:00,78.0,3.0,1,6.0,development,3,10,30.0,4,release,8,Специалист,backend,2,Модуль интеграции с датчиками уровня на АЗС,ZAPADTOP-IOT,1,АО «ЗападТопливо»,топливная розница,7,f
2179,800,15,4,2026-04-02 12:00:00,2026-04-05 12:00:00,2026-04-05 04:00:00,2026-04-05 12:00:00,64.0,3.0,0,0.0,development,3,10,30.0,4,release,2,Средне-специальное,qa,2,Модуль интеграции с датчиками уровня на АЗС,ZAPADTOP-IOT,1,АО «ЗападТопливо»,топливная розница,7,f
2180,800,10,9,2026-04-05 08:00:00,2026-04-06 08:00:00,2026-04-06 02:00:00,2026-04-06 08:00:00,18.0,1.0,0,0.0,development,3,10,30.0,4,release,6,Бакалавр,release_manager,2,Модуль интеграции с датчиками уровня на АЗС,ZAPADTOP-IOT,1,АО «ЗападТопливо»,топливная розница,7,f
2181,801,11,2,2026-05-07 03:00:00,2026-05-16 03:00:00,2026-05-14 23:00:00,2026-05-16 03:00:00,188.0,9.0,0,0.0,development,5,1,6.0,19,release,0,Средне-специальное,backend,8,Портал заявок на доработку от эксплуатации,REGENERGO-REQ,2,ПАО «РегионЭнерго»,энергетика,3,t
2182,801,4,4,2026-05-15 00:00:00,2026-05-17 00:00:00,2026-05-20 10:00:00,2026-05-17 00:00:00,130.0,2.0,1,82.0,development,5,1,6.0,19,release,4,Бакалавр,qa,8,Портал заявок на доработку от эксплуатации,REGENERGO-REQ,2,ПАО «РегионЭнерго»,энергетика,3,t
2183,801,10,9,2026-05-20 13:00:00,2026-05-21 13:00:00,2026-05-21 05:00:00,2026-05-21 13:00:00,16.0,1.0,0,0.0,development,5,1,6.0,19,release,6,Бакалавр,release_manager,8,Портал заявок на доработку от эксплуатации,REGENERGO-REQ,2,ПАО «РегионЭнерго»,энергетика,3,t
2184,802,13,7,2026-01-08 03:00:00,2026-01-11 03:00:00,2026-01-09 17:00:00,2026-01-11 03:00:00,38.0,3.0,0,0.0,incident,3,1,3.0,10,release,3,Средне-специальное,fullstack,5,Учёт топлива на котельных и ТЭЦ,REGENERGO-TEC,2,ПАО «РегионЭнерго»,энергетика,9,f
2185,802,4,4,2026-01-09 18:00:00,,2026-01-15 04:00:00,2026-01-14 18:00:00,130.0,5.0,1,10.0,incident,3,1,3.0,10,release,4,Бакалавр,qa,5,Учёт топлива на котельных и ТЭЦ,REGENERGO-TEC,2,ПАО «РегионЭнерго»,энергетика,9,f
2186,802,13,7,2026-01-15 08:00:00,2026-01-17 08:00:00,2026-01-16 05:00:00,2026-01-17 08:00:00,21.0,2.0,0,0.0,incident,3,1,3.0,10,release,3,Средне-специальное,fullstack,5,Учёт топлива на котельных и ТЭЦ,REGENERGO-TEC,2,ПАО «РегионЭнерго»,энергетика,9,f
2187,802,4,4,2026-01-16 08:00:00,,2026-01-22 23:00:00,2026-01-21 08:00:00,159.0,5.0,1,39.0,incident,3,1,3.0,10,release,4,Бакалавр,qa,5,Учёт топлива на котельных и ТЭЦ,REGENERGO-TEC,2,ПАО «РегионЭнерго»,энергетика,9,f
2188,802,13,7,2026-01-23 06:00:00,2026-01-27 06:00:00,2026-01-29 18:00:00,2026-01-27 06:00:00,156.0,4.0,1,60.0,incident,3,1,3.0,10,release,3,Средне-специальное,fullstack,5,Учёт топлива на котельных и ТЭЦ,REGENERGO-TEC,2,ПАО «РегионЭнерго»,энергетика,9,f
2189,802,4,4,2026-01-29 21:00:00,2026-01-31 21:00:00,2026-02-04 12:00:00,2026-01-31 21:00:00,135.0,2.0,1,87.0,incident,3,1,3.0,10,release,4,Бакалавр,qa,5,Учёт топлива на котельных и ТЭЦ,REGENERGO-TEC,2,ПАО «РегионЭнерго»,энергетика,9,f
2190,802,13,7,2026-02-04 15:00:00,2026-02-09 15:00:00,2026-02-08 02:00:00,2026-02-09 15:00:00,83.0,5.0,0,0.0,incident,3,1,3.0,10,release,3,Средне-специальное,fullstack,5,Учёт топлива на котельных и ТЭЦ,REGENERGO-TEC,2,ПАО «РегионЭнерго»,энергетика,9,f
2191,802,4,4,2026-02-08 05:00:00,,2026-02-09 02:00:00,2026-02-11 05:00:00,21.0,3.0,0,0.0,incident,3,1,3.0,10,release,4,Бакалавр,qa,5,Учёт топлива на котельных и ТЭЦ,REGENERGO-TEC,2,ПАО «РегионЭнерго»,энергетика,9,f
2192,802,10,9,2026-02-09 06:00:00,2026-02-11 06:00:00,2026-02-10 19:00:00,2026-02-11 06:00:00,37.0,2.0,0,0.0,incident,3,1,3.0,10,release,6,Бакалавр,release_manager,5,Учёт топлива на котельных и ТЭЦ,REGENERGO-TEC,2,ПАО «РегионЭнерго»,энергетика,9,f
2193,803,6,3,2026-03-14 11:00:00,2026-03-17 11:00:00,2026-03-15 16:00:00,2026-03-17 11:00:00,29.0,3.0,0,0.0,development,1,13,78.0,6,release,3,Бакалавр,design,3,Личный кабинет оператора заправки,ZAPADTOP-LK,1,АО «ЗападТопливо»,топливная розница,3,f
2194,803,15,4,2026-03-15 19:00:00,2026-03-17 19:00:00,2026-03-18 09:00:00,2026-03-17 19:00:00,62.0,2.0,1,14.0,development,1,13,78.0,6,release,2,Средне-специальное,qa,3,Личный кабинет оператора заправки,ZAPADTOP-LK,1,АО «ЗападТопливо»,топливная розница,3,f
2195,803,10,9,2026-03-18 13:00:00,2026-03-19 13:00:00,2026-03-22 01:00:00,2026-03-19 13:00:00,84.0,1.0,1,60.0,development,1,13,78.0,6,release,6,Бакалавр,release_manager,3,Личный кабинет оператора заправки,ZAPADTOP-LK,1,АО «ЗападТопливо»,топливная розница,3,f
2196,804,6,3,2026-01-01 20:00:00,2026-01-11 20:00:00,2026-01-06 15:00:00,2026-01-11 20:00:00,115.0,10.0,0,0.0,development,3,1,3.0,10,release,3,Бакалавр,design,5,Учёт топлива на котельных и ТЭЦ,REGENERGO-TEC,2,ПАО «РегионЭнерго»,энергетика,3,f
2197,804,4,4,2026-01-06 18:00:00,,2026-01-08 19:00:00,2026-01-09 18:00:00,49.0,3.0,0,0.0,development,3,1,3.0,10,release,4,Бакалавр,qa,5,Учёт топлива на котельных и ТЭЦ,REGENERGO-TEC,2,ПАО «РегионЭнерго»,энергетика,3,f
2198,804,14,9,2026-01-09 01:00:00,2026-01-10 01:00:00,2026-01-11 03:00:00,2026-01-10 01:00:00,50.0,1.0,1,26.0,development,3,1,3.0,10,release,5,Бакалавр,release_manager,5,Учёт топлива на котельных и ТЭЦ,REGENERGO-TEC,2,ПАО «РегионЭнерго»,энергетика,3,f
2199,805,13,7,2026-05-03 00:00:00,2026-05-10 00:00:00,2026-05-05 23:00:00,2026-05-10 00:00:00,71.0,7.0,0,0.0,development,3,9,36.0,22,release,3,Средне-специальное,fullstack,9,Логистика перевозок нефтепродуктов,NEFTEHIM-LOG,3,ООО «НефтехимСервис»,нефтехимия,3,f
2200,805,9,4,2026-05-06 02:00:00,,2026-05-13 15:00:00,2026-05-11 02:00:00,181.0,5.0,1,61.0,development,3,9,36.0,22,release,5,Бакалавр,qa,9,Логистика перевозок нефтепродуктов,NEFTEHIM-LOG,3,ООО «НефтехимСервис»,нефтехимия,3,f
2201,805,10,9,2026-05-13 20:00:00,2026-05-14 20:00:00,2026-05-15 12:00:00,2026-05-14 20:00:00,40.0,1.0,1,16.0,development,3,9,36.0,22,release,6,Бакалавр,release_manager,9,Логистика перевозок нефтепродуктов,NEFTEHIM-LOG,3,ООО «НефтехимСервис»,нефтехимия,3,f
2202,806,3,7,2026-01-02 08:00:00,2026-01-03 08:00:00,2026-01-05 06:00:00,2026-01-03 08:00:00,70.0,1.0,1,46.0,incident,3,3,12.0,25,release,6,Бакалавр,fullstack,11,Аналитика и отчёты для руководства,NEFTEHIM-BI,3,ООО «НефтехимСервис»,нефтехимия,3,f
2203,806,4,4,2026-01-05 10:00:00,,2026-01-13 22:00:00,2026-01-08 10:00:00,204.0,3.0,1,132.0,incident,3,3,12.0,25,release,4,Бакалавр,qa,11,Аналитика и отчёты для руководства,NEFTEHIM-BI,3,ООО «НефтехимСервис»,нефтехимия,3,f
2204,806,10,9,2026-01-13 23:00:00,2026-01-14 23:00:00,2026-01-16 14:00:00,2026-01-14 23:00:00,63.0,1.0,1,39.0,incident,3,3,12.0,25,release,6,Бакалавр,release_manager,11,Аналитика и отчёты для руководства,NEFTEHIM-BI,3,ООО «НефтехимСервис»,нефтехимия,3,f
2205,807,6,3,2026-03-08 16:00:00,2026-03-15 16:00:00,2026-03-20 15:00:00,2026-03-15 16:00:00,287.0,7.0,1,119.0,development,1,3,12.0,18,release,3,Бакалавр,design,8,Портал заявок на доработку от эксплуатации,REGENERGO-REQ,2,ПАО «РегионЭнерго»,энергетика,3,f
2206,807,4,4,2026-03-20 16:00:00,,2026-03-29 10:00:00,2026-03-25 16:00:00,210.0,5.0,1,90.0,development,1,3,12.0,18,release,4,Бакалавр,qa,8,Портал заявок на доработку от эксплуатации,REGENERGO-REQ,2,ПАО «РегионЭнерго»,энергетика,3,f
2207,807,10,9,2026-03-29 16:00:00,2026-03-30 16:00:00,2026-03-30 12:00:00,2026-03-30 16:00:00,20.0,1.0,0,0.0,development,1,3,12.0,18,release,6,Бакалавр,release_manager,8,Портал заявок на доработку от эксплуатации,REGENERGO-REQ,2,ПАО «РегионЭнерго»,энергетика,3,f
2208,808,3,7,2026-01-06 23:00:00,2026-01-15 23:00:00,2026-01-18 04:00:00,2026-01-15 23:00:00,269.0,9.0,1,53.0,development,3,10,30.0,20,release,6,Бакалавр,fullstack,9,Логистика перевозок нефтепродуктов,NEFTEHIM-LOG,3,ООО «НефтехимСервис»,нефтехимия,3,f
2209,808,9,4,2026-01-18 06:00:00,,2026-01-19 22:00:00,2026-01-21 06:00:00,40.0,3.0,0,0.0,development,3,10,30.0,20,release,5,Бакалавр,qa,9,Логистика перевозок нефтепродуктов,NEFTEHIM-LOG,3,ООО «НефтехимСервис»,нефтехимия,3,f
2210,808,10,9,2026-01-20 04:00:00,2026-01-22 04:00:00,2026-01-21 01:00:00,2026-01-22 04:00:00,21.0,2.0,0,0.0,development,3,10,30.0,20,release,6,Бакалавр,release_manager,9,Логистика перевозок нефтепродуктов,NEFTEHIM-LOG,3,ООО «НефтехимСервис»,нефтехимия,3,f
2211,809,1,2,2026-05-04 08:00:00,2026-05-14 08:00:00,2026-05-17 11:00:00,2026-05-14 08:00:00,315.0,10.0,1,75.0,development,3,2,12.0,9,being_tested,8,Специалист,backend,4,Отчётность по остаткам для Ростехнадзора,ZAPADTOP-RTN,1,АО «ЗападТопливо»,топливная розница,2,f
2213,811,8,1,2026-03-10 16:00:00,2026-03-19 16:00:00,2026-03-23 11:00:00,2026-03-19 16:00:00,307.0,9.0,1,91.0,development,1,6,24.0,15,release,1,Средне-специальное,frontend,7,Интеграция с SCADA энергообъектов,REGENERGO-SCADA,2,ПАО «РегионЭнерго»,энергетика,9,f
2214,811,15,4,2026-03-23 13:00:00,2026-03-24 13:00:00,2026-03-26 21:00:00,2026-03-24 13:00:00,80.0,1.0,1,56.0,development,1,6,24.0,15,release,2,Средне-специальное,qa,7,Интеграция с SCADA энергообъектов,REGENERGO-SCADA,2,ПАО «РегионЭнерго»,энергетика,9,f
2215,811,8,1,2026-03-27 01:00:00,2026-04-01 01:00:00,2026-04-01 21:00:00,2026-04-01 01:00:00,140.0,5.0,1,20.0,development,1,6,24.0,15,release,1,Средне-специальное,frontend,7,Интеграция с SCADA энергообъектов,REGENERGO-SCADA,2,ПАО «РегионЭнерго»,энергетика,9,f
2216,811,15,4,2026-04-01 23:00:00,2026-04-04 23:00:00,2026-04-05 05:00:00,2026-04-04 23:00:00,78.0,3.0,1,6.0,development,1,6,24.0,15,release,2,Средне-специальное,qa,7,Интеграция с SCADA энергообъектов,REGENERGO-SCADA,2,ПАО «РегионЭнерго»,энергетика,9,f
2217,811,8,1,2026-04-05 13:00:00,2026-04-08 13:00:00,2026-04-10 18:00:00,2026-04-08 13:00:00,125.0,3.0,1,53.0,development,1,6,24.0,15,release,1,Средне-специальное,frontend,7,Интеграция с SCADA энергообъектов,REGENERGO-SCADA,2,ПАО «РегионЭнерго»,энергетика,9,f
2218,811,15,4,2026-04-10 20:00:00,2026-04-13 20:00:00,2026-04-16 11:00:00,2026-04-13 20:00:00,135.0,3.0,1,63.0,development,1,6,24.0,15,release,2,Средне-специальное,qa,7,Интеграция с SCADA энергообъектов,REGENERGO-SCADA,2,ПАО «РегионЭнерго»,энергетика,9,f
2219,811,8,1,2026-04-16 18:00:00,2026-04-21 18:00:00,2026-04-23 16:00:00,2026-04-21 18:00:00,166.0,5.0,1,46.0,development,1,6,24.0,15,release,1,Средне-специальное,frontend,7,Интеграция с SCADA энергообъектов,REGENERGO-SCADA,2,ПАО «РегионЭнерго»,энергетика,9,f
2220,811,15,4,2026-04-23 20:00:00,2026-04-25 20:00:00,2026-04-29 08:00:00,2026-04-25 20:00:00,132.0,2.0,1,84.0,development,1,6,24.0,15,release,2,Средне-специальное,qa,7,Интеграция с SCADA энергообъектов,REGENERGO-SCADA,2,ПАО «РегионЭнерго»,энергетика,9,f
2221,811,10,9,2026-04-29 11:00:00,2026-05-01 11:00:00,2026-04-30 16:00:00,2026-05-01 11:00:00,29.0,2.0,0,0.0,development,1,6,24.0,15,release,6,Бакалавр,release_manager,7,Интеграция с SCADA энергообъектов,REGENERGO-SCADA,2,ПАО «РегионЭнерго»,энергетика,9,f
2222,812,6,3,2026-01-09 09:00:00,2026-01-11 09:00:00,2026-01-16 08:00:00,2026-01-11 09:00:00,167.0,2.0,1,119.0,incident,2,2,10.0,10,release,3,Бакалавр,design,5,Учёт топлива на котельных и ТЭЦ,REGENERGO-TEC,2,ПАО «РегионЭнерго»,энергетика,3,f
2223,812,15,4,2026-01-16 09:00:00,,2026-01-19 16:00:00,2026-01-21 09:00:00,79.0,5.0,0,0.0,incident,2,2,10.0,10,release,2,Средне-специальное,qa,5,Учёт топлива на котельных и ТЭЦ,REGENERGO-TEC,2,ПАО «РегионЭнерго»,энергетика,3,f
2224,812,14,9,2026-01-19 20:00:00,2026-01-20 20:00:00,2026-01-20 11:00:00,2026-01-20 20:00:00,15.0,1.0,0,0.0,incident,2,2,10.0,10,release,5,Бакалавр,release_manager,5,Учёт топлива на котельных и ТЭЦ,REGENERGO-TEC,2,ПАО «РегионЭнерго»,энергетика,3,f
2225,814,13,7,2026-05-07 22:00:00,2026-05-10 22:00:00,2026-05-09 21:00:00,2026-05-10 22:00:00,47.0,3.0,0,0.0,development,3,13,52.0,19,release,3,Средне-специальное,fullstack,8,Портал заявок на доработку от эксплуатации,REGENERGO-REQ,2,ПАО «РегионЭнерго»,энергетика,3,f
2226,814,9,4,2026-05-09 23:00:00,2026-05-11 23:00:00,2026-05-14 23:00:00,2026-05-11 23:00:00,120.0,2.0,1,72.0,development,3,13,52.0,19,release,5,Бакалавр,qa,8,Портал заявок на доработку от эксплуатации,REGENERGO-REQ,2,ПАО «РегионЭнерго»,энергетика,3,f
2227,814,10,9,2026-05-15 00:00:00,2026-05-16 00:00:00,2026-05-15 19:00:00,2026-05-16 00:00:00,19.0,1.0,0,0.0,development,3,13,52.0,19,release,6,Бакалавр,release_manager,8,Портал заявок на доработку от эксплуатации,REGENERGO-REQ,2,ПАО «РегионЭнерго»,энергетика,3,f
2229,816,8,1,2026-03-06 08:00:00,2026-03-10 08:00:00,2026-03-09 20:00:00,2026-03-10 08:00:00,84.0,4.0,0,0.0,development,3,5,15.0,12,release,1,Средне-специальное,frontend,6,Система мониторинга резервных топливных складов,REGENERGO-SKLAD,2,ПАО «РегионЭнерго»,энергетика,7,f
2230,816,9,4,2026-03-10 00:00:00,,2026-03-16 21:00:00,2026-03-13 00:00:00,165.0,3.0,1,93.0,development,3,5,15.0,12,release,5,Бакалавр,qa,6,Система мониторинга резервных топливных складов,REGENERGO-SKLAD,2,ПАО «РегионЭнерго»,энергетика,7,f
2231,816,8,1,2026-03-17 00:00:00,2026-03-21 00:00:00,2026-03-23 13:00:00,2026-03-21 00:00:00,157.0,4.0,1,61.0,development,3,5,15.0,12,release,1,Средне-специальное,frontend,6,Система мониторинга резервных топливных складов,REGENERGO-SKLAD,2,ПАО «РегионЭнерго»,энергетика,7,f
2232,816,9,4,2026-03-23 15:00:00,2026-03-25 15:00:00,2026-03-26 21:00:00,2026-03-25 15:00:00,78.0,2.0,1,30.0,development,3,5,15.0,12,release,5,Бакалавр,qa,6,Система мониторинга резервных топливных складов,REGENERGO-SKLAD,2,ПАО «РегионЭнерго»,энергетика,7,f
2233,816,8,1,2026-03-27 02:00:00,2026-03-31 02:00:00,2026-03-31 12:00:00,2026-03-31 02:00:00,106.0,4.0,1,10.0,development,3,5,15.0,12,release,1,Средне-специальное,frontend,6,Система мониторинга резервных топливных складов,REGENERGO-SKLAD,2,ПАО «РегионЭнерго»,энергетика,7,f
2234,816,9,4,2026-03-31 13:00:00,,2026-04-01 18:00:00,2026-04-03 13:00:00,29.0,3.0,0,0.0,development,3,5,15.0,12,release,5,Бакалавр,qa,6,Система мониторинга резервных топливных складов,REGENERGO-SKLAD,2,ПАО «РегионЭнерго»,энергетика,7,f
2235,816,14,9,2026-04-01 20:00:00,2026-04-03 20:00:00,2026-04-02 22:00:00,2026-04-03 20:00:00,26.0,2.0,0,0.0,development,3,5,15.0,12,release,5,Бакалавр,release_manager,6,Система мониторинга резервных топливных складов,REGENERGO-SKLAD,2,ПАО «РегионЭнерго»,энергетика,7,f
2237,818,1,2,2026-01-09 21:00:00,2026-01-12 21:00:00,2026-01-16 15:00:00,2026-01-12 21:00:00,162.0,3.0,1,90.0,incident,1,6,18.0,20,release,8,Специалист,backend,9,Логистика перевозок нефтепродуктов,NEFTEHIM-LOG,3,ООО «НефтехимСервис»,нефтехимия,7,f
2238,818,4,4,2026-01-16 16:00:00,,2026-01-24 09:00:00,2026-01-21 16:00:00,185.0,5.0,1,65.0,incident,1,6,18.0,20,release,4,Бакалавр,qa,9,Логистика перевозок нефтепродуктов,NEFTEHIM-LOG,3,ООО «НефтехимСервис»,нефтехимия,7,f
2239,818,1,2,2026-01-24 16:00:00,2026-01-27 16:00:00,2026-01-31 12:00:00,2026-01-27 16:00:00,164.0,3.0,1,92.0,incident,1,6,18.0,20,release,8,Специалист,backend,9,Логистика перевозок нефтепродуктов,NEFTEHIM-LOG,3,ООО «НефтехимСервис»,нефтехимия,7,f
2240,818,4,4,2026-01-31 15:00:00,2026-02-01 15:00:00,2026-02-06 10:00:00,2026-02-01 15:00:00,139.0,1.0,1,115.0,incident,1,6,18.0,20,release,4,Бакалавр,qa,9,Логистика перевозок нефтепродуктов,NEFTEHIM-LOG,3,ООО «НефтехимСервис»,нефтехимия,7,f
2241,818,1,2,2026-02-06 12:00:00,2026-02-10 12:00:00,2026-02-12 05:00:00,2026-02-10 12:00:00,137.0,4.0,1,41.0,incident,1,6,18.0,20,release,8,Специалист,backend,9,Логистика перевозок нефтепродуктов,NEFTEHIM-LOG,3,ООО «НефтехимСервис»,нефтехимия,7,f
2242,818,4,4,2026-02-12 08:00:00,,2026-02-20 01:00:00,2026-02-17 08:00:00,185.0,5.0,1,65.0,incident,1,6,18.0,20,release,4,Бакалавр,qa,9,Логистика перевозок нефтепродуктов,NEFTEHIM-LOG,3,ООО «НефтехимСервис»,нефтехимия,7,f
2243,818,10,9,2026-02-20 04:00:00,2026-02-22 04:00:00,2026-02-26 03:00:00,2026-02-22 04:00:00,143.0,2.0,1,95.0,incident,1,6,18.0,20,release,6,Бакалавр,release_manager,9,Логистика перевозок нефтепродуктов,NEFTEHIM-LOG,3,ООО «НефтехимСервис»,нефтехимия,7,f
2244,819,3,7,2026-03-14 14:00:00,2026-03-20 14:00:00,2026-03-25 02:00:00,2026-03-20 14:00:00,252.0,6.0,1,108.0,development,1,6,18.0,28,being_tested,6,Бакалавр,fullstack,12,Мобильное приложение для инспекторов АЗС,NEFTEHIM-MOB,3,ООО «НефтехимСервис»,нефтехимия,2,f
2246,820,5,2,2026-03-06 07:00:00,2026-03-11 07:00:00,2026-03-15 20:00:00,2026-03-11 07:00:00,229.0,5.0,1,109.0,development,2,3,18.0,21,release,2,Средне-специальное,backend,9,Логистика перевозок нефтепродуктов,NEFTEHIM-LOG,3,ООО «НефтехимСервис»,нефтехимия,3,f
2247,820,4,4,2026-03-15 21:00:00,,2026-03-23 06:00:00,2026-03-18 21:00:00,177.0,3.0,1,105.0,development,2,3,18.0,21,release,4,Бакалавр,qa,9,Логистика перевозок нефтепродуктов,NEFTEHIM-LOG,3,ООО «НефтехимСервис»,нефтехимия,3,f
2248,820,14,9,2026-03-23 12:00:00,2026-03-25 12:00:00,2026-03-24 09:00:00,2026-03-25 12:00:00,21.0,2.0,0,0.0,development,2,3,18.0,21,release,5,Бакалавр,release_manager,9,Логистика перевозок нефтепродуктов,NEFTEHIM-LOG,3,ООО «НефтехимСервис»,нефтехимия,3,f
2251,823,8,1,2026-01-04 10:00:00,2026-01-13 10:00:00,2026-01-17 12:00:00,2026-01-13 10:00:00,314.0,9.0,1,98.0,development,2,11,44.0,17,release,1,Средне-специальное,frontend,8,Портал заявок на доработку от эксплуатации,REGENERGO-REQ,2,ПАО «РегионЭнерго»,энергетика,3,f
2252,823,4,4,2026-01-17 16:00:00,2026-01-19 16:00:00,2026-01-19 05:00:00,2026-01-19 16:00:00,37.0,2.0,0,0.0,development,2,11,44.0,17,release,4,Бакалавр,qa,8,Портал заявок на доработку от эксплуатации,REGENERGO-REQ,2,ПАО «РегионЭнерго»,энергетика,3,f
2253,823,10,9,2026-01-19 09:00:00,2026-01-21 09:00:00,2026-01-21 01:00:00,2026-01-21 09:00:00,40.0,2.0,0,0.0,development,2,11,44.0,17,release,6,Бакалавр,release_manager,8,Портал заявок на доработку от эксплуатации,REGENERGO-REQ,2,ПАО «РегионЭнерго»,энергетика,3,f
2255,826,3,7,2026-03-02 17:00:00,2026-03-12 17:00:00,2026-03-17 07:00:00,2026-03-12 17:00:00,350.0,10.0,1,110.0,development,4,11,55.0,2,release,6,Бакалавр,fullstack,1,ПО учёта остатков топлива на АЗС и электростанциях,ZAPADTOP-FUEL,1,АО «ЗападТопливо»,топливная розница,3,t
2256,826,15,4,2026-03-17 08:00:00,2026-03-18 08:00:00,2026-03-20 13:00:00,2026-03-18 08:00:00,77.0,1.0,1,53.0,development,4,11,55.0,2,release,2,Средне-специальное,qa,1,ПО учёта остатков топлива на АЗС и электростанциях,ZAPADTOP-FUEL,1,АО «ЗападТопливо»,топливная розница,3,t
2257,826,10,9,2026-03-20 14:00:00,2026-03-22 14:00:00,2026-03-21 07:00:00,2026-03-22 14:00:00,17.0,2.0,0,0.0,development,4,11,55.0,2,release,6,Бакалавр,release_manager,1,ПО учёта остатков топлива на АЗС и электростанциях,ZAPADTOP-FUEL,1,АО «ЗападТопливо»,топливная розница,3,t
2259,828,11,2,2026-05-03 12:00:00,2026-05-07 12:00:00,2026-05-06 15:00:00,2026-05-07 12:00:00,75.0,4.0,0,0.0,development,3,5,15.0,9,being_tested,0,Средне-специальное,backend,4,Отчётность по остаткам для Ростехнадзора,ZAPADTOP-RTN,1,АО «ЗападТопливо»,топливная розница,2,f
2261,829,13,7,2026-05-02 11:00:00,2026-05-05 11:00:00,2026-05-09 14:00:00,2026-05-05 11:00:00,171.0,3.0,1,99.0,incident,2,8,40.0,9,release,3,Средне-специальное,fullstack,4,Отчётность по остаткам для Ростехнадзора,ZAPADTOP-RTN,1,АО «ЗападТопливо»,топливная розница,3,f
2262,829,4,4,2026-05-09 15:00:00,,2026-05-14 19:00:00,2026-05-13 15:00:00,124.0,4.0,1,28.0,incident,2,8,40.0,9,release,4,Бакалавр,qa,4,Отчётность по остаткам для Ростехнадзора,ZAPADTOP-RTN,1,АО «ЗападТопливо»,топливная розница,3,f
2263,829,14,9,2026-05-15 00:00:00,2026-05-17 00:00:00,2026-05-20 02:00:00,2026-05-17 00:00:00,122.0,2.0,1,74.0,incident,2,8,40.0,9,release,5,Бакалавр,release_manager,4,Отчётность по остаткам для Ростехнадзора,ZAPADTOP-RTN,1,АО «ЗападТопливо»,топливная розница,3,f
2264,830,2,1,2026-03-16 03:00:00,2026-03-23 03:00:00,2026-03-21 04:00:00,2026-03-23 03:00:00,121.0,7.0,0,0.0,development,3,3,15.0,26,release,5,Бакалавр,frontend,11,Аналитика и отчёты для руководства,NEFTEHIM-BI,3,ООО «НефтехимСервис»,нефтехимия,3,f
2265,830,15,4,2026-03-21 06:00:00,,2026-03-22 18:00:00,2026-03-25 06:00:00,36.0,4.0,0,0.0,development,3,3,15.0,26,release,2,Средне-специальное,qa,11,Аналитика и отчёты для руководства,NEFTEHIM-BI,3,ООО «НефтехимСервис»,нефтехимия,3,f
2266,830,10,9,2026-03-22 23:00:00,2026-03-23 23:00:00,2026-03-23 20:00:00,2026-03-23 23:00:00,21.0,1.0,0,0.0,development,3,3,15.0,26,release,6,Бакалавр,release_manager,11,Аналитика и отчёты для руководства,NEFTEHIM-BI,3,ООО «НефтехимСервис»,нефтехимия,3,f
2267,831,11,2,2026-01-02 05:00:00,2026-01-08 05:00:00,2026-01-05 10:00:00,2026-01-08 05:00:00,77.0,6.0,0,0.0,development,1,10,50.0,7,release,0,Средне-специальное,backend,4,Отчётность по остаткам для Ростехнадзора,ZAPADTOP-RTN,1,АО «ЗападТопливо»,топливная розница,3,f
2268,831,15,4,2026-01-05 12:00:00,,2026-01-11 22:00:00,2026-01-08 12:00:00,154.0,3.0,1,82.0,development,1,10,50.0,7,release,2,Средне-специальное,qa,4,Отчётность по остаткам для Ростехнадзора,ZAPADTOP-RTN,1,АО «ЗападТопливо»,топливная розница,3,f
2269,831,10,9,2026-01-12 02:00:00,2026-01-14 02:00:00,2026-01-13 01:00:00,2026-01-14 02:00:00,23.0,2.0,0,0.0,development,1,10,50.0,7,release,6,Бакалавр,release_manager,4,Отчётность по остаткам для Ростехнадзора,ZAPADTOP-RTN,1,АО «ЗападТопливо»,топливная розница,3,f
2273,835,3,7,2026-03-04 13:00:00,2026-03-13 13:00:00,2026-03-15 05:00:00,2026-03-13 13:00:00,256.0,9.0,1,40.0,development,3,4,12.0,28,release,6,Бакалавр,fullstack,12,Мобильное приложение для инспекторов АЗС,NEFTEHIM-MOB,3,ООО «НефтехимСервис»,нефтехимия,3,f
2274,835,15,4,2026-03-15 08:00:00,2026-03-17 08:00:00,2026-03-20 22:00:00,2026-03-17 08:00:00,134.0,2.0,1,86.0,development,3,4,12.0,28,release,2,Средне-специальное,qa,12,Мобильное приложение для инспекторов АЗС,NEFTEHIM-MOB,3,ООО «НефтехимСервис»,нефтехимия,3,f
2275,835,10,9,2026-03-20 23:00:00,2026-03-22 23:00:00,2026-03-21 15:00:00,2026-03-22 23:00:00,16.0,2.0,0,0.0,development,3,4,12.0,28,release,6,Бакалавр,release_manager,12,Мобильное приложение для инспекторов АЗС,NEFTEHIM-MOB,3,ООО «НефтехимСервис»,нефтехимия,3,f
2276,836,13,7,2026-01-06 12:00:00,2026-01-10 12:00:00,2026-01-09 19:00:00,2026-01-10 12:00:00,79.0,4.0,0,0.0,development,1,3,15.0,10,release,3,Средне-специальное,fullstack,5,Учёт топлива на котельных и ТЭЦ,REGENERGO-TEC,2,ПАО «РегионЭнерго»,энергетика,7,f
2277,836,4,4,2026-01-09 21:00:00,,2026-01-19 19:00:00,2026-01-14 21:00:00,238.0,5.0,1,118.0,development,1,3,15.0,10,release,4,Бакалавр,qa,5,Учёт топлива на котельных и ТЭЦ,REGENERGO-TEC,2,ПАО «РегионЭнерго»,энергетика,7,f
2278,836,13,7,2026-01-20 03:00:00,2026-01-23 03:00:00,2026-01-26 20:00:00,2026-01-23 03:00:00,161.0,3.0,1,89.0,development,1,3,15.0,10,release,3,Средне-специальное,fullstack,5,Учёт топлива на котельных и ТЭЦ,REGENERGO-TEC,2,ПАО «РегионЭнерго»,энергетика,7,f
2279,836,4,4,2026-01-27 00:00:00,,2026-02-01 21:00:00,2026-01-30 00:00:00,141.0,3.0,1,69.0,development,1,3,15.0,10,release,4,Бакалавр,qa,5,Учёт топлива на котельных и ТЭЦ,REGENERGO-TEC,2,ПАО «РегионЭнерго»,энергетика,7,f
2280,836,13,7,2026-02-02 03:00:00,2026-02-04 03:00:00,2026-02-02 22:00:00,2026-02-04 03:00:00,19.0,2.0,0,0.0,development,1,3,15.0,10,release,3,Средне-специальное,fullstack,5,Учёт топлива на котельных и ТЭЦ,REGENERGO-TEC,2,ПАО «РегионЭнерго»,энергетика,7,f
2281,836,4,4,2026-02-02 23:00:00,,2026-02-05 17:00:00,2026-02-05 23:00:00,66.0,3.0,0,0.0,development,1,3,15.0,10,release,4,Бакалавр,qa,5,Учёт топлива на котельных и ТЭЦ,REGENERGO-TEC,2,ПАО «РегионЭнерго»,энергетика,7,f
2282,836,10,9,2026-02-05 23:00:00,2026-02-07 23:00:00,2026-02-11 12:00:00,2026-02-07 23:00:00,133.0,2.0,1,85.0,development,1,3,15.0,10,release,6,Бакалавр,release_manager,5,Учёт топлива на котельных и ТЭЦ,REGENERGO-TEC,2,ПАО «РегионЭнерго»,энергетика,7,f
2283,837,8,1,2026-03-05 06:00:00,2026-03-09 06:00:00,2026-03-13 11:00:00,2026-03-09 06:00:00,197.0,4.0,1,101.0,development,5,10,60.0,6,being_tested,1,Средне-специальное,frontend,3,Личный кабинет оператора заправки,ZAPADTOP-LK,1,АО «ЗападТопливо»,топливная розница,2,t
2285,838,6,3,2026-04-29 18:00:00,2026-04-30 18:00:00,2026-05-03 21:00:00,2026-04-30 18:00:00,99.0,1.0,1,75.0,incident,3,13,65.0,13,being_tested,3,Бакалавр,design,6,Система мониторинга резервных топливных складов,REGENERGO-SKLAD,2,ПАО «РегионЭнерго»,энергетика,2,f
2289,841,8,1,2026-03-10 17:00:00,2026-03-16 17:00:00,2026-03-19 12:00:00,2026-03-16 17:00:00,211.0,6.0,1,67.0,development,3,13,39.0,21,release,1,Средне-специальное,frontend,9,Логистика перевозок нефтепродуктов,NEFTEHIM-LOG,3,ООО «НефтехимСервис»,нефтехимия,3,f
2290,841,4,4,2026-03-19 15:00:00,,2026-03-27 02:00:00,2026-03-24 15:00:00,179.0,5.0,1,59.0,development,3,13,39.0,21,release,4,Бакалавр,qa,9,Логистика перевозок нефтепродуктов,NEFTEHIM-LOG,3,ООО «НефтехимСервис»,нефтехимия,3,f
2291,841,10,9,2026-03-27 08:00:00,2026-03-29 08:00:00,2026-03-31 14:00:00,2026-03-29 08:00:00,102.0,2.0,1,54.0,development,3,13,39.0,21,release,6,Бакалавр,release_manager,9,Логистика перевозок нефтепродуктов,NEFTEHIM-LOG,3,ООО «НефтехимСервис»,нефтехимия,3,f
2292,842,6,3,2026-01-07 19:00:00,2026-01-13 19:00:00,2026-01-14 13:00:00,2026-01-13 19:00:00,162.0,6.0,1,18.0,development,3,5,30.0,5,release,3,Бакалавр,design,3,Личный кабинет оператора заправки,ZAPADTOP-LK,1,АО «ЗападТопливо»,топливная розница,7,f
2293,842,15,4,2026-01-14 16:00:00,2026-01-17 16:00:00,2026-01-19 23:00:00,2026-01-17 16:00:00,127.0,3.0,1,55.0,development,3,5,30.0,5,release,2,Средне-специальное,qa,3,Личный кабинет оператора заправки,ZAPADTOP-LK,1,АО «ЗападТопливо»,топливная розница,7,f
2294,842,6,3,2026-01-20 07:00:00,2026-01-22 07:00:00,2026-01-23 15:00:00,2026-01-22 07:00:00,80.0,2.0,1,32.0,development,3,5,30.0,5,release,3,Бакалавр,design,3,Личный кабинет оператора заправки,ZAPADTOP-LK,1,АО «ЗападТопливо»,топливная розница,7,f
2295,842,15,4,2026-01-23 16:00:00,,2026-02-01 13:00:00,2026-01-28 16:00:00,213.0,5.0,1,93.0,development,3,5,30.0,5,release,2,Средне-специальное,qa,3,Личный кабинет оператора заправки,ZAPADTOP-LK,1,АО «ЗападТопливо»,топливная розница,7,f
2296,842,6,3,2026-02-01 20:00:00,2026-02-05 20:00:00,2026-02-05 06:00:00,2026-02-05 20:00:00,82.0,4.0,0,0.0,development,3,5,30.0,5,release,3,Бакалавр,design,3,Личный кабинет оператора заправки,ZAPADTOP-LK,1,АО «ЗападТопливо»,топливная розница,7,f
2297,842,15,4,2026-02-05 09:00:00,2026-02-06 09:00:00,2026-02-12 06:00:00,2026-02-06 09:00:00,165.0,1.0,1,141.0,development,3,5,30.0,5,release,2,Средне-специальное,qa,3,Личный кабинет оператора заправки,ZAPADTOP-LK,1,АО «ЗападТопливо»,топливная розница,7,f
2298,842,10,9,2026-02-12 12:00:00,2026-02-13 12:00:00,2026-02-13 06:00:00,2026-02-13 12:00:00,18.0,1.0,0,0.0,development,3,5,30.0,5,release,6,Бакалавр,release_manager,3,Личный кабинет оператора заправки,ZAPADTOP-LK,1,АО «ЗападТопливо»,топливная розница,7,f
2301,845,13,7,2026-03-05 20:00:00,2026-03-08 20:00:00,2026-03-13 08:00:00,2026-03-08 20:00:00,180.0,3.0,1,108.0,development,2,2,12.0,18,being_tested,3,Средне-специальное,fullstack,8,Портал заявок на доработку от эксплуатации,REGENERGO-REQ,2,ПАО «РегионЭнерго»,энергетика,2,f
2303,846,6,3,2026-01-07 15:00:00,2026-01-09 15:00:00,2026-01-11 12:00:00,2026-01-09 15:00:00,93.0,2.0,1,45.0,incident,2,1,6.0,5,release,3,Бакалавр,design,3,Личный кабинет оператора заправки,ZAPADTOP-LK,1,АО «ЗападТопливо»,топливная розница,3,f
2304,846,4,4,2026-01-11 13:00:00,2026-01-14 13:00:00,2026-01-17 02:00:00,2026-01-14 13:00:00,133.0,3.0,1,61.0,incident,2,1,6.0,5,release,4,Бакалавр,qa,3,Личный кабинет оператора заправки,ZAPADTOP-LK,1,АО «ЗападТопливо»,топливная розница,3,f
2305,846,14,9,2026-01-17 06:00:00,2026-01-19 06:00:00,2026-01-22 14:00:00,2026-01-19 06:00:00,128.0,2.0,1,80.0,incident,2,1,6.0,5,release,5,Бакалавр,release_manager,3,Личный кабинет оператора заправки,ZAPADTOP-LK,1,АО «ЗападТопливо»,топливная розница,3,f
2307,849,11,2,2026-04-29 17:00:00,2026-05-01 17:00:00,2026-05-07 06:00:00,2026-05-01 17:00:00,181.0,2.0,1,133.0,incident,1,8,48.0,13,release,0,Средне-специальное,backend,6,Система мониторинга резервных топливных складов,REGENERGO-SKLAD,2,ПАО «РегионЭнерго»,энергетика,3,f
2308,849,9,4,2026-05-07 08:00:00,2026-05-10 08:00:00,2026-05-08 14:00:00,2026-05-10 08:00:00,30.0,3.0,0,0.0,incident,1,8,48.0,13,release,5,Бакалавр,qa,6,Система мониторинга резервных топливных складов,REGENERGO-SKLAD,2,ПАО «РегионЭнерго»,энергетика,3,f
2309,849,14,9,2026-05-08 18:00:00,2026-05-09 18:00:00,2026-05-09 06:00:00,2026-05-09 18:00:00,12.0,1.0,0,0.0,incident,1,8,48.0,13,release,5,Бакалавр,release_manager,6,Система мониторинга резервных топливных складов,REGENERGO-SKLAD,2,ПАО «РегионЭнерго»,энергетика,3,f
2310,850,1,2,2026-03-04 21:00:00,2026-03-13 21:00:00,2026-03-14 18:00:00,2026-03-13 21:00:00,237.0,9.0,1,21.0,development,2,8,48.0,26,release,8,Специалист,backend,11,Аналитика и отчёты для руководства,NEFTEHIM-BI,3,ООО «НефтехимСервис»,нефтехимия,9,f
2311,850,15,4,2026-03-14 19:00:00,2026-03-17 19:00:00,2026-03-20 15:00:00,2026-03-17 19:00:00,140.0,3.0,1,68.0,development,2,8,48.0,26,release,2,Средне-специальное,qa,11,Аналитика и отчёты для руководства,NEFTEHIM-BI,3,ООО «НефтехимСервис»,нефтехимия,9,f
2312,850,1,2,2026-03-20 23:00:00,2026-03-24 23:00:00,2026-03-27 07:00:00,2026-03-24 23:00:00,152.0,4.0,1,56.0,development,2,8,48.0,26,release,8,Специалист,backend,11,Аналитика и отчёты для руководства,NEFTEHIM-BI,3,ООО «НефтехимСервис»,нефтехимия,9,f
2313,850,15,4,2026-03-27 11:00:00,2026-03-28 11:00:00,2026-03-31 18:00:00,2026-03-28 11:00:00,103.0,1.0,1,79.0,development,2,8,48.0,26,release,2,Средне-специальное,qa,11,Аналитика и отчёты для руководства,NEFTEHIM-BI,3,ООО «НефтехимСервис»,нефтехимия,9,f
2314,850,1,2,2026-04-01 00:00:00,2026-04-04 00:00:00,2026-04-03 12:00:00,2026-04-04 00:00:00,60.0,3.0,0,0.0,development,2,8,48.0,26,release,8,Специалист,backend,11,Аналитика и отчёты для руководства,NEFTEHIM-BI,3,ООО «НефтехимСервис»,нефтехимия,9,f
2315,850,15,4,2026-04-03 14:00:00,,2026-04-12 09:00:00,2026-04-08 14:00:00,211.0,5.0,1,91.0,development,2,8,48.0,26,release,2,Средне-специальное,qa,11,Аналитика и отчёты для руководства,NEFTEHIM-BI,3,ООО «НефтехимСервис»,нефтехимия,9,f
2316,850,1,2,2026-04-12 13:00:00,2026-04-14 13:00:00,2026-04-14 00:00:00,2026-04-14 13:00:00,35.0,2.0,0,0.0,development,2,8,48.0,26,release,8,Специалист,backend,11,Аналитика и отчёты для руководства,NEFTEHIM-BI,3,ООО «НефтехимСервис»,нефтехимия,9,f
2317,850,15,4,2026-04-14 03:00:00,,2026-04-17 17:00:00,2026-04-17 03:00:00,86.0,3.0,1,14.0,development,2,8,48.0,26,release,2,Средне-специальное,qa,11,Аналитика и отчёты для руководства,NEFTEHIM-BI,3,ООО «НефтехимСервис»,нефтехимия,9,f
2318,850,10,9,2026-04-17 18:00:00,2026-04-18 18:00:00,2026-04-18 16:00:00,2026-04-18 18:00:00,22.0,1.0,0,0.0,development,2,8,48.0,26,release,6,Бакалавр,release_manager,11,Аналитика и отчёты для руководства,NEFTEHIM-BI,3,ООО «НефтехимСервис»,нефтехимия,9,f
2319,852,1,2,2026-01-07 16:00:00,2026-01-09 16:00:00,2026-01-12 21:00:00,2026-01-09 16:00:00,125.0,2.0,1,77.0,incident,2,8,24.0,27,release,8,Специалист,backend,12,Мобильное приложение для инспекторов АЗС,NEFTEHIM-MOB,3,ООО «НефтехимСервис»,нефтехимия,3,f
2320,852,15,4,2026-01-12 23:00:00,,2026-01-21 03:00:00,2026-01-15 23:00:00,196.0,3.0,1,124.0,incident,2,8,24.0,27,release,2,Средне-специальное,qa,12,Мобильное приложение для инспекторов АЗС,NEFTEHIM-MOB,3,ООО «НефтехимСервис»,нефтехимия,3,f
2321,852,10,9,2026-01-21 06:00:00,2026-01-23 06:00:00,2026-01-24 05:00:00,2026-01-23 06:00:00,71.0,2.0,1,23.0,incident,2,8,24.0,27,release,6,Бакалавр,release_manager,12,Мобильное приложение для инспекторов АЗС,NEFTEHIM-MOB,3,ООО «НефтехимСервис»,нефтехимия,3,f
2322,853,1,2,2026-01-08 16:00:00,2026-01-16 16:00:00,2026-01-22 08:00:00,2026-01-16 16:00:00,328.0,8.0,1,136.0,development,1,8,48.0,27,being_tested,8,Специалист,backend,12,Мобильное приложение для инспекторов АЗС,NEFTEHIM-MOB,3,ООО «НефтехимСервис»,нефтехимия,2,f
2325,855,5,2,2026-01-02 07:00:00,2026-01-09 07:00:00,2026-01-07 02:00:00,2026-01-09 07:00:00,115.0,7.0,0,0.0,development,1,13,52.0,25,release,2,Средне-специальное,backend,11,Аналитика и отчёты для руководства,NEFTEHIM-BI,3,ООО «НефтехимСервис»,нефтехимия,7,f
2326,855,9,4,2026-01-07 03:00:00,,2026-01-16 21:00:00,2026-01-12 03:00:00,234.0,5.0,1,114.0,development,1,13,52.0,25,release,5,Бакалавр,qa,11,Аналитика и отчёты для руководства,NEFTEHIM-BI,3,ООО «НефтехимСервис»,нефтехимия,7,f
2327,855,5,2,2026-01-17 00:00:00,2026-01-22 00:00:00,2026-01-26 00:00:00,2026-01-22 00:00:00,216.0,5.0,1,96.0,development,1,13,52.0,25,release,2,Средне-специальное,backend,11,Аналитика и отчёты для руководства,NEFTEHIM-BI,3,ООО «НефтехимСервис»,нефтехимия,7,f
2328,855,9,4,2026-01-26 01:00:00,,2026-01-31 11:00:00,2026-01-29 01:00:00,130.0,3.0,1,58.0,development,1,13,52.0,25,release,5,Бакалавр,qa,11,Аналитика и отчёты для руководства,NEFTEHIM-BI,3,ООО «НефтехимСервис»,нефтехимия,7,f
2329,855,5,2,2026-01-31 14:00:00,2026-02-03 14:00:00,2026-02-03 10:00:00,2026-02-03 14:00:00,68.0,3.0,0,0.0,development,1,13,52.0,25,release,2,Средне-специальное,backend,11,Аналитика и отчёты для руководства,NEFTEHIM-BI,3,ООО «НефтехимСервис»,нефтехимия,7,f
2330,855,9,4,2026-02-03 11:00:00,,2026-02-07 23:00:00,2026-02-06 11:00:00,108.0,3.0,1,36.0,development,1,13,52.0,25,release,5,Бакалавр,qa,11,Аналитика и отчёты для руководства,NEFTEHIM-BI,3,ООО «НефтехимСервис»,нефтехимия,7,f
2331,855,10,9,2026-02-08 04:00:00,2026-02-09 04:00:00,2026-02-11 18:00:00,2026-02-09 04:00:00,86.0,1.0,1,62.0,development,1,13,52.0,25,release,6,Бакалавр,release_manager,11,Аналитика и отчёты для руководства,NEFTEHIM-BI,3,ООО «НефтехимСервис»,нефтехимия,7,f
2332,856,13,7,2026-01-05 12:00:00,2026-01-08 12:00:00,2026-01-09 18:00:00,2026-01-08 12:00:00,102.0,3.0,1,30.0,development,5,4,12.0,5,release,3,Средне-специальное,fullstack,3,Личный кабинет оператора заправки,ZAPADTOP-LK,1,АО «ЗападТопливо»,топливная розница,3,t
2333,856,9,4,2026-01-09 22:00:00,,2026-01-12 04:00:00,2026-01-14 22:00:00,54.0,5.0,0,0.0,development,5,4,12.0,5,release,5,Бакалавр,qa,3,Личный кабинет оператора заправки,ZAPADTOP-LK,1,АО «ЗападТопливо»,топливная розница,3,t
2334,856,14,9,2026-01-12 08:00:00,2026-01-13 08:00:00,2026-01-15 06:00:00,2026-01-13 08:00:00,70.0,1.0,1,46.0,development,5,4,12.0,5,release,5,Бакалавр,release_manager,3,Личный кабинет оператора заправки,ZAPADTOP-LK,1,АО «ЗападТопливо»,топливная розница,3,t
2335,857,2,1,2026-01-04 09:00:00,2026-01-12 09:00:00,2026-01-10 13:00:00,2026-01-12 09:00:00,148.0,8.0,0,0.0,development,1,4,16.0,7,release,5,Бакалавр,frontend,4,Отчётность по остаткам для Ростехнадзора,ZAPADTOP-RTN,1,АО «ЗападТопливо»,топливная розница,5,f
2336,857,9,4,2026-01-10 16:00:00,,2026-01-16 16:00:00,2026-01-14 16:00:00,144.0,4.0,1,48.0,development,1,4,16.0,7,release,5,Бакалавр,qa,4,Отчётность по остаткам для Ростехнадзора,ZAPADTOP-RTN,1,АО «ЗападТопливо»,топливная розница,5,f
2337,857,2,1,2026-01-16 22:00:00,2026-01-19 22:00:00,2026-01-24 08:00:00,2026-01-19 22:00:00,178.0,3.0,1,106.0,development,1,4,16.0,7,release,5,Бакалавр,frontend,4,Отчётность по остаткам для Ростехнадзора,ZAPADTOP-RTN,1,АО «ЗападТопливо»,топливная розница,5,f
2338,857,9,4,2026-01-24 09:00:00,2026-01-26 09:00:00,2026-01-25 22:00:00,2026-01-26 09:00:00,37.0,2.0,0,0.0,development,1,4,16.0,7,release,5,Бакалавр,qa,4,Отчётность по остаткам для Ростехнадзора,ZAPADTOP-RTN,1,АО «ЗападТопливо»,топливная розница,5,f
2339,857,10,9,2026-01-26 03:00:00,2026-01-27 03:00:00,2026-01-26 22:00:00,2026-01-27 03:00:00,19.0,1.0,0,0.0,development,1,4,16.0,7,release,6,Бакалавр,release_manager,4,Отчётность по остаткам для Ростехнадзора,ZAPADTOP-RTN,1,АО «ЗападТопливо»,топливная розница,5,f
2340,858,1,2,2026-04-28 04:00:00,2026-05-06 04:00:00,2026-05-01 00:00:00,2026-05-06 04:00:00,68.0,8.0,0,0.0,development,3,8,24.0,13,release,8,Специалист,backend,6,Система мониторинга резервных топливных складов,REGENERGO-SKLAD,2,ПАО «РегионЭнерго»,энергетика,3,f
2341,858,9,4,2026-05-01 02:00:00,2026-05-03 02:00:00,2026-05-02 04:00:00,2026-05-03 02:00:00,26.0,2.0,0,0.0,development,3,8,24.0,13,release,5,Бакалавр,qa,6,Система мониторинга резервных топливных складов,REGENERGO-SKLAD,2,ПАО «РегионЭнерго»,энергетика,3,f
2342,858,10,9,2026-05-02 06:00:00,2026-05-03 06:00:00,2026-05-02 22:00:00,2026-05-03 06:00:00,16.0,1.0,0,0.0,development,3,8,24.0,13,release,6,Бакалавр,release_manager,6,Система мониторинга резервных топливных складов,REGENERGO-SKLAD,2,ПАО «РегионЭнерго»,энергетика,3,f
2344,860,2,1,2026-03-07 10:00:00,2026-03-13 10:00:00,2026-03-18 02:00:00,2026-03-13 10:00:00,256.0,6.0,1,112.0,development,3,3,12.0,4,release,5,Бакалавр,frontend,2,Модуль интеграции с датчиками уровня на АЗС,ZAPADTOP-IOT,1,АО «ЗападТопливо»,топливная розница,5,f
2345,860,15,4,2026-03-18 04:00:00,2026-03-20 04:00:00,2026-03-20 12:00:00,2026-03-20 04:00:00,56.0,2.0,1,8.0,development,3,3,12.0,4,release,2,Средне-специальное,qa,2,Модуль интеграции с датчиками уровня на АЗС,ZAPADTOP-IOT,1,АО «ЗападТопливо»,топливная розница,5,f
2346,860,2,1,2026-03-20 20:00:00,2026-03-25 20:00:00,2026-03-29 01:00:00,2026-03-25 20:00:00,197.0,5.0,1,77.0,development,3,3,12.0,4,release,5,Бакалавр,frontend,2,Модуль интеграции с датчиками уровня на АЗС,ZAPADTOP-IOT,1,АО «ЗападТопливо»,топливная розница,5,f
2347,860,15,4,2026-03-29 05:00:00,,2026-04-02 21:00:00,2026-04-01 05:00:00,112.0,3.0,1,40.0,development,3,3,12.0,4,release,2,Средне-специальное,qa,2,Модуль интеграции с датчиками уровня на АЗС,ZAPADTOP-IOT,1,АО «ЗападТопливо»,топливная розница,5,f
2348,860,14,9,2026-04-03 02:00:00,2026-04-05 02:00:00,2026-04-04 11:00:00,2026-04-05 02:00:00,33.0,2.0,0,0.0,development,3,3,12.0,4,release,5,Бакалавр,release_manager,2,Модуль интеграции с датчиками уровня на АЗС,ZAPADTOP-IOT,1,АО «ЗападТопливо»,топливная розница,5,f
2353,866,5,2,2026-01-10 01:00:00,2026-01-11 01:00:00,2026-01-15 23:00:00,2026-01-11 01:00:00,142.0,1.0,1,118.0,incident,2,13,52.0,10,release,2,Средне-специальное,backend,5,Учёт топлива на котельных и ТЭЦ,REGENERGO-TEC,2,ПАО «РегионЭнерго»,энергетика,9,f
2354,866,4,4,2026-01-16 01:00:00,,2026-01-23 19:00:00,2026-01-21 01:00:00,186.0,5.0,1,66.0,incident,2,13,52.0,10,release,4,Бакалавр,qa,5,Учёт топлива на котельных и ТЭЦ,REGENERGO-TEC,2,ПАО «РегионЭнерго»,энергетика,9,f
2355,866,5,2,2026-01-24 03:00:00,2026-01-26 03:00:00,2026-01-31 11:00:00,2026-01-26 03:00:00,176.0,2.0,1,128.0,incident,2,13,52.0,10,release,2,Средне-специальное,backend,5,Учёт топлива на котельных и ТЭЦ,REGENERGO-TEC,2,ПАО «РегионЭнерго»,энергетика,9,f
2356,866,4,4,2026-01-31 12:00:00,2026-02-01 12:00:00,2026-02-05 13:00:00,2026-02-01 12:00:00,121.0,1.0,1,97.0,incident,2,13,52.0,10,release,4,Бакалавр,qa,5,Учёт топлива на котельных и ТЭЦ,REGENERGO-TEC,2,ПАО «РегионЭнерго»,энергетика,9,f
2357,866,5,2,2026-02-05 17:00:00,2026-02-09 17:00:00,2026-02-11 03:00:00,2026-02-09 17:00:00,130.0,4.0,1,34.0,incident,2,13,52.0,10,release,2,Средне-специальное,backend,5,Учёт топлива на котельных и ТЭЦ,REGENERGO-TEC,2,ПАО «РегионЭнерго»,энергетика,9,f
2358,866,4,4,2026-02-11 06:00:00,,2026-02-17 12:00:00,2026-02-16 06:00:00,150.0,5.0,1,30.0,incident,2,13,52.0,10,release,4,Бакалавр,qa,5,Учёт топлива на котельных и ТЭЦ,REGENERGO-TEC,2,ПАО «РегионЭнерго»,энергетика,9,f
2359,866,5,2,2026-02-17 17:00:00,2026-02-21 17:00:00,2026-02-24 01:00:00,2026-02-21 17:00:00,152.0,4.0,1,56.0,incident,2,13,52.0,10,release,2,Средне-специальное,backend,5,Учёт топлива на котельных и ТЭЦ,REGENERGO-TEC,2,ПАО «РегионЭнерго»,энергетика,9,f
2360,866,4,4,2026-02-24 02:00:00,2026-02-26 02:00:00,2026-02-25 06:00:00,2026-02-26 02:00:00,28.0,2.0,0,0.0,incident,2,13,52.0,10,release,4,Бакалавр,qa,5,Учёт топлива на котельных и ТЭЦ,REGENERGO-TEC,2,ПАО «РегионЭнерго»,энергетика,9,f
2361,866,10,9,2026-02-25 08:00:00,2026-02-26 08:00:00,2026-02-26 00:00:00,2026-02-26 08:00:00,16.0,1.0,0,0.0,incident,2,13,52.0,10,release,6,Бакалавр,release_manager,5,Учёт топлива на котельных и ТЭЦ,REGENERGO-TEC,2,ПАО «РегионЭнерго»,энергетика,9,f
2362,868,5,2,2026-01-02 00:00:00,2026-01-03 00:00:00,2026-01-09 00:00:00,2026-01-03 00:00:00,168.0,1.0,1,144.0,incident,2,6,18.0,14,release,2,Средне-специальное,backend,7,Интеграция с SCADA энергообъектов,REGENERGO-SCADA,2,ПАО «РегионЭнерго»,энергетика,3,f
2363,868,15,4,2026-01-09 02:00:00,2026-01-11 02:00:00,2026-01-11 22:00:00,2026-01-11 02:00:00,68.0,2.0,1,20.0,incident,2,6,18.0,14,release,2,Средне-специальное,qa,7,Интеграция с SCADA энергообъектов,REGENERGO-SCADA,2,ПАО «РегионЭнерго»,энергетика,3,f
2364,868,14,9,2026-01-12 00:00:00,2026-01-13 00:00:00,2026-01-12 14:00:00,2026-01-13 00:00:00,14.0,1.0,0,0.0,incident,2,6,18.0,14,release,5,Бакалавр,release_manager,7,Интеграция с SCADA энергообъектов,REGENERGO-SCADA,2,ПАО «РегионЭнерго»,энергетика,3,f
2365,869,13,7,2026-05-10 03:00:00,2026-05-17 03:00:00,2026-05-12 12:00:00,2026-05-17 03:00:00,57.0,7.0,0,0.0,development,2,6,36.0,13,release,3,Средне-специальное,fullstack,6,Система мониторинга резервных топливных складов,REGENERGO-SKLAD,2,ПАО «РегионЭнерго»,энергетика,3,f
2366,869,15,4,2026-05-12 15:00:00,2026-05-13 15:00:00,2026-05-14 15:00:00,2026-05-13 15:00:00,48.0,1.0,1,24.0,development,2,6,36.0,13,release,2,Средне-специальное,qa,6,Система мониторинга резервных топливных складов,REGENERGO-SKLAD,2,ПАО «РегионЭнерго»,энергетика,3,f
2367,869,14,9,2026-05-14 16:00:00,2026-05-16 16:00:00,2026-05-16 06:00:00,2026-05-16 16:00:00,38.0,2.0,0,0.0,development,2,6,36.0,13,release,5,Бакалавр,release_manager,6,Система мониторинга резервных топливных складов,REGENERGO-SKLAD,2,ПАО «РегионЭнерго»,энергетика,3,f
2368,870,11,2,2026-01-01 03:00:00,2026-01-07 03:00:00,2026-01-08 07:00:00,2026-01-07 03:00:00,172.0,6.0,1,28.0,development,3,1,5.0,11,release,0,Средне-специальное,backend,6,Система мониторинга резервных топливных складов,REGENERGO-SKLAD,2,ПАО «РегионЭнерго»,энергетика,5,f
2369,870,4,4,2026-01-08 10:00:00,2026-01-11 10:00:00,2026-01-09 18:00:00,2026-01-11 10:00:00,32.0,3.0,0,0.0,development,3,1,5.0,11,release,4,Бакалавр,qa,6,Система мониторинга резервных топливных складов,REGENERGO-SKLAD,2,ПАО «РегионЭнерго»,энергетика,5,f
2370,870,11,2,2026-01-09 23:00:00,2026-01-12 23:00:00,2026-01-17 05:00:00,2026-01-12 23:00:00,174.0,3.0,1,102.0,development,3,1,5.0,11,release,0,Средне-специальное,backend,6,Система мониторинга резервных топливных складов,REGENERGO-SKLAD,2,ПАО «РегионЭнерго»,энергетика,5,f
2371,870,4,4,2026-01-17 07:00:00,2026-01-19 07:00:00,2026-01-19 18:00:00,2026-01-19 07:00:00,59.0,2.0,1,11.0,development,3,1,5.0,11,release,4,Бакалавр,qa,6,Система мониторинга резервных топливных складов,REGENERGO-SKLAD,2,ПАО «РегионЭнерго»,энергетика,5,f
2372,870,10,9,2026-01-20 00:00:00,2026-01-21 00:00:00,2026-01-21 07:00:00,2026-01-21 00:00:00,31.0,1.0,1,7.0,development,3,1,5.0,11,release,6,Бакалавр,release_manager,6,Система мониторинга резервных топливных складов,REGENERGO-SKLAD,2,ПАО «РегионЭнерго»,энергетика,5,f
2373,871,6,3,2026-01-10 20:00:00,2026-01-18 20:00:00,2026-01-16 00:00:00,2026-01-18 20:00:00,124.0,8.0,0,0.0,development,1,13,78.0,27,release,3,Бакалавр,design,12,Мобильное приложение для инспекторов АЗС,NEFTEHIM-MOB,3,ООО «НефтехимСервис»,нефтехимия,3,f
2374,871,4,4,2026-01-16 03:00:00,,2026-01-24 02:00:00,2026-01-21 03:00:00,191.0,5.0,1,71.0,development,1,13,78.0,27,release,4,Бакалавр,qa,12,Мобильное приложение для инспекторов АЗС,NEFTEHIM-MOB,3,ООО «НефтехимСервис»,нефтехимия,3,f
2375,871,14,9,2026-01-24 05:00:00,2026-01-26 05:00:00,2026-01-24 19:00:00,2026-01-26 05:00:00,14.0,2.0,0,0.0,development,1,13,78.0,27,release,5,Бакалавр,release_manager,12,Мобильное приложение для инспекторов АЗС,NEFTEHIM-MOB,3,ООО «НефтехимСервис»,нефтехимия,3,f
2376,872,6,3,2026-03-02 19:00:00,2026-03-08 19:00:00,2026-03-12 16:00:00,2026-03-08 19:00:00,237.0,6.0,1,93.0,development,3,9,54.0,24,release,3,Бакалавр,design,10,Сверка остатков при приёмке на нефтебазе,NEFTEHIM-RCV,3,ООО «НефтехимСервис»,нефтехимия,3,f
2377,872,9,4,2026-03-12 17:00:00,,2026-03-19 12:00:00,2026-03-17 17:00:00,163.0,5.0,1,43.0,development,3,9,54.0,24,release,5,Бакалавр,qa,10,Сверка остатков при приёмке на нефтебазе,NEFTEHIM-RCV,3,ООО «НефтехимСервис»,нефтехимия,3,f
2378,872,14,9,2026-03-19 18:00:00,2026-03-21 18:00:00,2026-03-25 19:00:00,2026-03-21 18:00:00,145.0,2.0,1,97.0,development,3,9,54.0,24,release,5,Бакалавр,release_manager,10,Сверка остатков при приёмке на нефтебазе,NEFTEHIM-RCV,3,ООО «НефтехимСервис»,нефтехимия,3,f
2380,874,8,1,2026-01-01 18:00:00,2026-01-05 18:00:00,2026-01-04 01:00:00,2026-01-05 18:00:00,55.0,4.0,0,0.0,development,3,7,35.0,7,release,1,Средне-специальное,frontend,4,Отчётность по остаткам для Ростехнадзора,ZAPADTOP-RTN,1,АО «ЗападТопливо»,топливная розница,3,f
2381,874,15,4,2026-01-04 02:00:00,,2026-01-10 21:00:00,2026-01-07 02:00:00,163.0,3.0,1,91.0,development,3,7,35.0,7,release,2,Средне-специальное,qa,4,Отчётность по остаткам для Ростехнадзора,ZAPADTOP-RTN,1,АО «ЗападТопливо»,топливная розница,3,f
2382,874,10,9,2026-01-11 03:00:00,2026-01-13 03:00:00,2026-01-13 12:00:00,2026-01-13 03:00:00,57.0,2.0,1,9.0,development,3,7,35.0,7,release,6,Бакалавр,release_manager,4,Отчётность по остаткам для Ростехнадзора,ZAPADTOP-RTN,1,АО «ЗападТопливо»,топливная розница,3,f
2383,875,6,3,2026-01-06 21:00:00,2026-01-13 21:00:00,2026-01-15 16:00:00,2026-01-13 21:00:00,211.0,7.0,1,43.0,development,1,2,10.0,20,release,3,Бакалавр,design,9,Логистика перевозок нефтепродуктов,NEFTEHIM-LOG,3,ООО «НефтехимСервис»,нефтехимия,3,f
2384,875,9,4,2026-01-15 17:00:00,2026-01-17 17:00:00,2026-01-16 20:00:00,2026-01-17 17:00:00,27.0,2.0,0,0.0,development,1,2,10.0,20,release,5,Бакалавр,qa,9,Логистика перевозок нефтепродуктов,NEFTEHIM-LOG,3,ООО «НефтехимСервис»,нефтехимия,3,f
2385,875,10,9,2026-01-17 00:00:00,2026-01-19 00:00:00,2026-01-18 02:00:00,2026-01-19 00:00:00,26.0,2.0,0,0.0,development,1,2,10.0,20,release,6,Бакалавр,release_manager,9,Логистика перевозок нефтепродуктов,NEFTEHIM-LOG,3,ООО «НефтехимСервис»,нефтехимия,3,f
2386,876,13,7,2026-03-13 13:00:00,2026-03-19 13:00:00,2026-03-16 16:00:00,2026-03-19 13:00:00,75.0,6.0,0,0.0,development,3,13,52.0,26,release,3,Средне-специальное,fullstack,11,Аналитика и отчёты для руководства,NEFTEHIM-BI,3,ООО «НефтехимСервис»,нефтехимия,3,f
2387,876,4,4,2026-03-16 17:00:00,,2026-03-22 13:00:00,2026-03-19 17:00:00,140.0,3.0,1,68.0,development,3,13,52.0,26,release,4,Бакалавр,qa,11,Аналитика и отчёты для руководства,NEFTEHIM-BI,3,ООО «НефтехимСервис»,нефтехимия,3,f
2388,876,14,9,2026-03-22 19:00:00,2026-03-23 19:00:00,2026-03-23 09:00:00,2026-03-23 19:00:00,14.0,1.0,0,0.0,development,3,13,52.0,26,release,5,Бакалавр,release_manager,11,Аналитика и отчёты для руководства,NEFTEHIM-BI,3,ООО «НефтехимСервис»,нефтехимия,3,f
2389,877,2,1,2026-01-09 18:00:00,2026-01-13 18:00:00,2026-01-12 07:00:00,2026-01-13 18:00:00,61.0,4.0,0,0.0,development,3,10,50.0,3,release,5,Бакалавр,frontend,2,Модуль интеграции с датчиками уровня на АЗС,ZAPADTOP-IOT,1,АО «ЗападТопливо»,топливная розница,3,f
2390,877,15,4,2026-01-12 09:00:00,,2026-01-20 00:00:00,2026-01-15 09:00:00,183.0,3.0,1,111.0,development,3,10,50.0,3,release,2,Средне-специальное,qa,2,Модуль интеграции с датчиками уровня на АЗС,ZAPADTOP-IOT,1,АО «ЗападТопливо»,топливная розница,3,f
2391,877,10,9,2026-01-20 01:00:00,2026-01-21 01:00:00,2026-01-24 21:00:00,2026-01-21 01:00:00,116.0,1.0,1,92.0,development,3,10,50.0,3,release,6,Бакалавр,release_manager,2,Модуль интеграции с датчиками уровня на АЗС,ZAPADTOP-IOT,1,АО «ЗападТопливо»,топливная розница,3,f
2392,880,13,7,2026-05-05 20:00:00,2026-05-08 20:00:00,2026-05-10 12:00:00,2026-05-08 20:00:00,112.0,3.0,1,40.0,incident,3,2,6.0,22,release,3,Средне-специальное,fullstack,9,Логистика перевозок нефтепродуктов,NEFTEHIM-LOG,3,ООО «НефтехимСервис»,нефтехимия,3,f
2393,880,4,4,2026-05-10 14:00:00,2026-05-11 14:00:00,2026-05-12 20:00:00,2026-05-11 14:00:00,54.0,1.0,1,30.0,incident,3,2,6.0,22,release,4,Бакалавр,qa,9,Логистика перевозок нефтепродуктов,NEFTEHIM-LOG,3,ООО «НефтехимСервис»,нефтехимия,3,f
2394,880,10,9,2026-05-13 01:00:00,2026-05-15 01:00:00,2026-05-14 21:00:00,2026-05-15 01:00:00,44.0,2.0,0,0.0,incident,3,2,6.0,22,release,6,Бакалавр,release_manager,9,Логистика перевозок нефтепродуктов,NEFTEHIM-LOG,3,ООО «НефтехимСервис»,нефтехимия,3,f
2395,881,6,3,2026-01-12 02:00:00,2026-01-16 02:00:00,2026-01-19 12:00:00,2026-01-16 02:00:00,178.0,4.0,1,82.0,development,1,1,6.0,1,release,3,Бакалавр,design,1,ПО учёта остатков топлива на АЗС и электростанциях,ZAPADTOP-FUEL,1,АО «ЗападТопливо»,топливная розница,9,f
2396,881,15,4,2026-01-19 13:00:00,2026-01-21 13:00:00,2026-01-24 02:00:00,2026-01-21 13:00:00,109.0,2.0,1,61.0,development,1,1,6.0,1,release,2,Средне-специальное,qa,1,ПО учёта остатков топлива на АЗС и электростанциях,ZAPADTOP-FUEL,1,АО «ЗападТопливо»,топливная розница,9,f
2397,881,6,3,2026-01-24 08:00:00,2026-01-28 08:00:00,2026-02-02 01:00:00,2026-01-28 08:00:00,209.0,4.0,1,113.0,development,1,1,6.0,1,release,3,Бакалавр,design,1,ПО учёта остатков топлива на АЗС и электростанциях,ZAPADTOP-FUEL,1,АО «ЗападТопливо»,топливная розница,9,f
2398,881,15,4,2026-02-02 05:00:00,,2026-02-03 20:00:00,2026-02-05 05:00:00,39.0,3.0,0,0.0,development,1,1,6.0,1,release,2,Средне-специальное,qa,1,ПО учёта остатков топлива на АЗС и электростанциях,ZAPADTOP-FUEL,1,АО «ЗападТопливо»,топливная розница,9,f
2399,881,6,3,2026-02-04 04:00:00,2026-02-06 04:00:00,2026-02-10 14:00:00,2026-02-06 04:00:00,154.0,2.0,1,106.0,development,1,1,6.0,1,release,3,Бакалавр,design,1,ПО учёта остатков топлива на АЗС и электростанциях,ZAPADTOP-FUEL,1,АО «ЗападТопливо»,топливная розница,9,f
2400,881,15,4,2026-02-10 17:00:00,2026-02-12 17:00:00,2026-02-15 15:00:00,2026-02-12 17:00:00,118.0,2.0,1,70.0,development,1,1,6.0,1,release,2,Средне-специальное,qa,1,ПО учёта остатков топлива на АЗС и электростанциях,ZAPADTOP-FUEL,1,АО «ЗападТопливо»,топливная розница,9,f
2401,881,6,3,2026-02-15 17:00:00,2026-02-19 17:00:00,2026-02-21 18:00:00,2026-02-19 17:00:00,145.0,4.0,1,49.0,development,1,1,6.0,1,release,3,Бакалавр,design,1,ПО учёта остатков топлива на АЗС и электростанциях,ZAPADTOP-FUEL,1,АО «ЗападТопливо»,топливная розница,9,f
2402,881,15,4,2026-02-21 21:00:00,2026-02-22 21:00:00,2026-02-23 09:00:00,2026-02-22 21:00:00,36.0,1.0,1,12.0,development,1,1,6.0,1,release,2,Средне-специальное,qa,1,ПО учёта остатков топлива на АЗС и электростанциях,ZAPADTOP-FUEL,1,АО «ЗападТопливо»,топливная розница,9,f
2403,881,14,9,2026-02-23 13:00:00,2026-02-25 13:00:00,2026-02-25 06:00:00,2026-02-25 13:00:00,41.0,2.0,0,0.0,development,1,1,6.0,1,release,5,Бакалавр,release_manager,1,ПО учёта остатков топлива на АЗС и электростанциях,ZAPADTOP-FUEL,1,АО «ЗападТопливо»,топливная розница,9,f
2404,882,8,1,2026-03-06 20:00:00,2026-03-07 20:00:00,2026-03-10 14:00:00,2026-03-07 20:00:00,90.0,1.0,1,66.0,incident,2,6,36.0,21,release,1,Средне-специальное,frontend,9,Логистика перевозок нефтепродуктов,NEFTEHIM-LOG,3,ООО «НефтехимСервис»,нефтехимия,7,f
2405,882,9,4,2026-03-10 16:00:00,2026-03-13 16:00:00,2026-03-14 22:00:00,2026-03-13 16:00:00,102.0,3.0,1,30.0,incident,2,6,36.0,21,release,5,Бакалавр,qa,9,Логистика перевозок нефтепродуктов,NEFTEHIM-LOG,3,ООО «НефтехимСервис»,нефтехимия,7,f
2406,882,8,1,2026-03-15 04:00:00,2026-03-17 04:00:00,2026-03-20 12:00:00,2026-03-17 04:00:00,128.0,2.0,1,80.0,incident,2,6,36.0,21,release,1,Средне-специальное,frontend,9,Логистика перевозок нефтепродуктов,NEFTEHIM-LOG,3,ООО «НефтехимСервис»,нефтехимия,7,f
2407,882,9,4,2026-03-20 15:00:00,2026-03-23 15:00:00,2026-03-25 11:00:00,2026-03-23 15:00:00,116.0,3.0,1,44.0,incident,2,6,36.0,21,release,5,Бакалавр,qa,9,Логистика перевозок нефтепродуктов,NEFTEHIM-LOG,3,ООО «НефтехимСервис»,нефтехимия,7,f
2408,882,8,1,2026-03-25 16:00:00,2026-03-30 16:00:00,2026-04-03 02:00:00,2026-03-30 16:00:00,202.0,5.0,1,82.0,incident,2,6,36.0,21,release,1,Средне-специальное,frontend,9,Логистика перевозок нефтепродуктов,NEFTEHIM-LOG,3,ООО «НефтехимСервис»,нефтехимия,7,f
2409,882,9,4,2026-04-03 03:00:00,2026-04-04 03:00:00,2026-04-04 00:00:00,2026-04-04 03:00:00,21.0,1.0,0,0.0,incident,2,6,36.0,21,release,5,Бакалавр,qa,9,Логистика перевозок нефтепродуктов,NEFTEHIM-LOG,3,ООО «НефтехимСервис»,нефтехимия,7,f
2410,882,14,9,2026-04-04 05:00:00,2026-04-06 05:00:00,2026-04-05 16:00:00,2026-04-06 05:00:00,35.0,2.0,0,0.0,incident,2,6,36.0,21,release,5,Бакалавр,release_manager,9,Логистика перевозок нефтепродуктов,NEFTEHIM-LOG,3,ООО «НефтехимСервис»,нефтехимия,7,f
2411,883,3,7,2026-03-10 23:00:00,2026-03-13 23:00:00,2026-03-12 05:00:00,2026-03-13 23:00:00,30.0,3.0,0,0.0,development,2,2,12.0,26,release,6,Бакалавр,fullstack,11,Аналитика и отчёты для руководства,NEFTEHIM-BI,3,ООО «НефтехимСервис»,нефтехимия,5,f
2412,883,15,4,2026-03-12 08:00:00,,2026-03-21 23:00:00,2026-03-17 08:00:00,231.0,5.0,1,111.0,development,2,2,12.0,26,release,2,Средне-специальное,qa,11,Аналитика и отчёты для руководства,NEFTEHIM-BI,3,ООО «НефтехимСервис»,нефтехимия,5,f
2413,883,3,7,2026-03-22 01:00:00,2026-03-26 01:00:00,2026-03-29 11:00:00,2026-03-26 01:00:00,178.0,4.0,1,82.0,development,2,2,12.0,26,release,6,Бакалавр,fullstack,11,Аналитика и отчёты для руководства,NEFTEHIM-BI,3,ООО «НефтехимСервис»,нефтехимия,5,f
2414,883,15,4,2026-03-29 14:00:00,,2026-04-02 13:00:00,2026-04-01 14:00:00,95.0,3.0,1,23.0,development,2,2,12.0,26,release,2,Средне-специальное,qa,11,Аналитика и отчёты для руководства,NEFTEHIM-BI,3,ООО «НефтехимСервис»,нефтехимия,5,f
2415,883,14,9,2026-04-02 18:00:00,2026-04-03 18:00:00,2026-04-03 07:00:00,2026-04-03 18:00:00,13.0,1.0,0,0.0,development,2,2,12.0,26,release,5,Бакалавр,release_manager,11,Аналитика и отчёты для руководства,NEFTEHIM-BI,3,ООО «НефтехимСервис»,нефтехимия,5,f
2416,884,6,3,2026-01-02 07:00:00,2026-01-08 07:00:00,2026-01-12 01:00:00,2026-01-08 07:00:00,234.0,6.0,1,90.0,development,4,12,48.0,1,release,3,Бакалавр,design,1,ПО учёта остатков топлива на АЗС и электростанциях,ZAPADTOP-FUEL,1,АО «ЗападТопливо»,топливная розница,3,t
2417,884,9,4,2026-01-12 05:00:00,,2026-01-17 23:00:00,2026-01-15 05:00:00,138.0,3.0,1,66.0,development,4,12,48.0,1,release,5,Бакалавр,qa,1,ПО учёта остатков топлива на АЗС и электростанциях,ZAPADTOP-FUEL,1,АО «ЗападТопливо»,топливная розница,3,t
2418,884,10,9,2026-01-18 05:00:00,2026-01-19 05:00:00,2026-01-18 16:00:00,2026-01-19 05:00:00,11.0,1.0,0,0.0,development,4,12,48.0,1,release,6,Бакалавр,release_manager,1,ПО учёта остатков топлива на АЗС и электростанциях,ZAPADTOP-FUEL,1,АО «ЗападТопливо»,топливная розница,3,t
2419,885,13,7,2026-03-10 18:00:00,2026-03-17 18:00:00,2026-03-20 10:00:00,2026-03-17 18:00:00,232.0,7.0,1,64.0,development,4,6,36.0,12,release,3,Средне-специальное,fullstack,6,Система мониторинга резервных топливных складов,REGENERGO-SKLAD,2,ПАО «РегионЭнерго»,энергетика,3,t
2420,885,4,4,2026-03-20 14:00:00,,2026-03-26 16:00:00,2026-03-25 14:00:00,146.0,5.0,1,26.0,development,4,6,36.0,12,release,4,Бакалавр,qa,6,Система мониторинга резервных топливных складов,REGENERGO-SKLAD,2,ПАО «РегионЭнерго»,энергетика,3,t
2421,885,10,9,2026-03-26 22:00:00,2026-03-27 22:00:00,2026-03-27 19:00:00,2026-03-27 22:00:00,21.0,1.0,0,0.0,development,4,6,36.0,12,release,6,Бакалавр,release_manager,6,Система мониторинга резервных топливных складов,REGENERGO-SKLAD,2,ПАО «РегионЭнерго»,энергетика,3,t
2422,887,1,2,2026-03-02 13:00:00,2026-03-05 13:00:00,2026-03-07 13:00:00,2026-03-05 13:00:00,120.0,3.0,1,48.0,incident,1,12,48.0,18,being_tested,8,Специалист,backend,8,Портал заявок на доработку от эксплуатации,REGENERGO-REQ,2,ПАО «РегионЭнерго»,энергетика,2,f
2424,888,6,3,2026-05-05 15:00:00,2026-05-08 15:00:00,2026-05-06 18:00:00,2026-05-08 15:00:00,27.0,3.0,0,0.0,development,3,2,12.0,13,release,3,Бакалавр,design,6,Система мониторинга резервных топливных складов,REGENERGO-SKLAD,2,ПАО «РегионЭнерго»,энергетика,3,f
2425,888,4,4,2026-05-06 22:00:00,2026-05-08 22:00:00,2026-05-12 04:00:00,2026-05-08 22:00:00,126.0,2.0,1,78.0,development,3,2,12.0,13,release,4,Бакалавр,qa,6,Система мониторинга резервных топливных складов,REGENERGO-SKLAD,2,ПАО «РегионЭнерго»,энергетика,3,f
2426,888,14,9,2026-05-12 05:00:00,2026-05-13 05:00:00,2026-05-15 09:00:00,2026-05-13 05:00:00,76.0,1.0,1,52.0,development,3,2,12.0,13,release,5,Бакалавр,release_manager,6,Система мониторинга резервных топливных складов,REGENERGO-SKLAD,2,ПАО «РегионЭнерго»,энергетика,3,f
2427,890,3,7,2026-04-27 16:00:00,2026-05-07 16:00:00,2026-05-04 13:00:00,2026-05-07 16:00:00,165.0,10.0,0,0.0,development,5,11,66.0,9,release,6,Бакалавр,fullstack,4,Отчётность по остаткам для Ростехнадзора,ZAPADTOP-RTN,1,АО «ЗападТопливо»,топливная розница,3,t
2428,890,15,4,2026-05-04 17:00:00,,2026-05-11 04:00:00,2026-05-07 17:00:00,155.0,3.0,1,83.0,development,5,11,66.0,9,release,2,Средне-специальное,qa,4,Отчётность по остаткам для Ростехнадзора,ZAPADTOP-RTN,1,АО «ЗападТопливо»,топливная розница,3,t
2429,890,14,9,2026-05-11 10:00:00,2026-05-13 10:00:00,2026-05-12 17:00:00,2026-05-13 10:00:00,31.0,2.0,0,0.0,development,5,11,66.0,9,release,5,Бакалавр,release_manager,4,Отчётность по остаткам для Ростехнадзора,ZAPADTOP-RTN,1,АО «ЗападТопливо»,топливная розница,3,t
2430,891,3,7,2026-01-07 08:00:00,2026-01-14 08:00:00,2026-01-12 19:00:00,2026-01-14 08:00:00,131.0,7.0,0,0.0,development,3,3,18.0,20,release,6,Бакалавр,fullstack,9,Логистика перевозок нефтепродуктов,NEFTEHIM-LOG,3,ООО «НефтехимСервис»,нефтехимия,3,f
2431,891,15,4,2026-01-12 23:00:00,,2026-01-19 19:00:00,2026-01-15 23:00:00,164.0,3.0,1,92.0,development,3,3,18.0,20,release,2,Средне-специальное,qa,9,Логистика перевозок нефтепродуктов,NEFTEHIM-LOG,3,ООО «НефтехимСервис»,нефтехимия,3,f
2432,891,14,9,2026-01-19 20:00:00,2026-01-21 20:00:00,2026-01-25 06:00:00,2026-01-21 20:00:00,130.0,2.0,1,82.0,development,3,3,18.0,20,release,5,Бакалавр,release_manager,9,Логистика перевозок нефтепродуктов,NEFTEHIM-LOG,3,ООО «НефтехимСервис»,нефтехимия,3,f
2433,892,13,7,2026-01-04 17:00:00,2026-01-07 17:00:00,2026-01-11 19:00:00,2026-01-07 17:00:00,170.0,3.0,1,98.0,incident,3,11,33.0,25,release,3,Средне-специальное,fullstack,11,Аналитика и отчёты для руководства,NEFTEHIM-BI,3,ООО «НефтехимСервис»,нефтехимия,3,f
2434,892,4,4,2026-01-11 20:00:00,,2026-01-16 17:00:00,2026-01-14 20:00:00,117.0,3.0,1,45.0,incident,3,11,33.0,25,release,4,Бакалавр,qa,11,Аналитика и отчёты для руководства,NEFTEHIM-BI,3,ООО «НефтехимСервис»,нефтехимия,3,f
2435,892,14,9,2026-01-16 19:00:00,2026-01-18 19:00:00,2026-01-18 03:00:00,2026-01-18 19:00:00,32.0,2.0,0,0.0,incident,3,11,33.0,25,release,5,Бакалавр,release_manager,11,Аналитика и отчёты для руководства,NEFTEHIM-BI,3,ООО «НефтехимСервис»,нефтехимия,3,f
2436,893,6,3,2026-03-11 01:00:00,2026-03-21 01:00:00,2026-03-20 13:00:00,2026-03-21 01:00:00,228.0,10.0,0,0.0,development,5,3,18.0,26,being_tested,3,Бакалавр,design,11,Аналитика и отчёты для руководства,NEFTEHIM-BI,3,ООО «НефтехимСервис»,нефтехимия,2,t
2438,894,11,2,2026-03-12 16:00:00,2026-03-21 16:00:00,2026-03-23 22:00:00,2026-03-21 16:00:00,270.0,9.0,1,54.0,development,3,3,15.0,6,release,0,Средне-специальное,backend,3,Личный кабинет оператора заправки,ZAPADTOP-LK,1,АО «ЗападТопливо»,топливная розница,9,f
2439,894,4,4,2026-03-24 00:00:00,,2026-03-29 13:00:00,2026-03-27 00:00:00,133.0,3.0,1,61.0,development,3,3,15.0,6,release,4,Бакалавр,qa,3,Личный кабинет оператора заправки,ZAPADTOP-LK,1,АО «ЗападТопливо»,топливная розница,9,f
2440,894,11,2,2026-03-29 18:00:00,2026-04-03 18:00:00,2026-04-07 21:00:00,2026-04-03 18:00:00,219.0,5.0,1,99.0,development,3,3,15.0,6,release,0,Средне-специальное,backend,3,Личный кабинет оператора заправки,ZAPADTOP-LK,1,АО «ЗападТопливо»,топливная розница,9,f
2441,894,4,4,2026-04-07 23:00:00,2026-04-09 23:00:00,2026-04-12 23:00:00,2026-04-09 23:00:00,120.0,2.0,1,72.0,development,3,3,15.0,6,release,4,Бакалавр,qa,3,Личный кабинет оператора заправки,ZAPADTOP-LK,1,АО «ЗападТопливо»,топливная розница,9,f
2442,894,11,2,2026-04-13 04:00:00,2026-04-18 04:00:00,2026-04-20 11:00:00,2026-04-18 04:00:00,175.0,5.0,1,55.0,development,3,3,15.0,6,release,0,Средне-специальное,backend,3,Личный кабинет оператора заправки,ZAPADTOP-LK,1,АО «ЗападТопливо»,топливная розница,9,f
2443,894,4,4,2026-04-20 14:00:00,2026-04-23 14:00:00,2026-04-26 11:00:00,2026-04-23 14:00:00,141.0,3.0,1,69.0,development,3,3,15.0,6,release,4,Бакалавр,qa,3,Личный кабинет оператора заправки,ZAPADTOP-LK,1,АО «ЗападТопливо»,топливная розница,9,f
2444,894,11,2,2026-04-26 14:00:00,2026-04-30 14:00:00,2026-05-02 09:00:00,2026-04-30 14:00:00,139.0,4.0,1,43.0,development,3,3,15.0,6,release,0,Средне-специальное,backend,3,Личный кабинет оператора заправки,ZAPADTOP-LK,1,АО «ЗападТопливо»,топливная розница,9,f
2445,894,4,4,2026-05-02 11:00:00,,2026-05-10 09:00:00,2026-05-06 11:00:00,190.0,4.0,1,94.0,development,3,3,15.0,6,release,4,Бакалавр,qa,3,Личный кабинет оператора заправки,ZAPADTOP-LK,1,АО «ЗападТопливо»,топливная розница,9,f
2446,894,10,9,2026-05-10 15:00:00,2026-05-11 15:00:00,2026-05-15 01:00:00,2026-05-11 15:00:00,106.0,1.0,1,82.0,development,3,3,15.0,6,release,6,Бакалавр,release_manager,3,Личный кабинет оператора заправки,ZAPADTOP-LK,1,АО «ЗападТопливо»,топливная розница,9,f
2447,895,13,7,2026-03-06 20:00:00,2026-03-08 20:00:00,2026-03-07 14:00:00,2026-03-08 20:00:00,18.0,2.0,0,0.0,incident,3,12,60.0,2,release,3,Средне-специальное,fullstack,1,ПО учёта остатков топлива на АЗС и электростанциях,ZAPADTOP-FUEL,1,АО «ЗападТопливо»,топливная розница,7,f
2448,895,15,4,2026-03-07 17:00:00,,2026-03-10 09:00:00,2026-03-11 17:00:00,64.0,4.0,0,0.0,incident,3,12,60.0,2,release,2,Средне-специальное,qa,1,ПО учёта остатков топлива на АЗС и электростанциях,ZAPADTOP-FUEL,1,АО «ЗападТопливо»,топливная розница,7,f
2449,895,13,7,2026-03-10 14:00:00,2026-03-13 14:00:00,2026-03-13 09:00:00,2026-03-13 14:00:00,67.0,3.0,0,0.0,incident,3,12,60.0,2,release,3,Средне-специальное,fullstack,1,ПО учёта остатков топлива на АЗС и электростанциях,ZAPADTOP-FUEL,1,АО «ЗападТопливо»,топливная розница,7,f
2450,895,15,4,2026-03-13 10:00:00,,2026-03-16 17:00:00,2026-03-18 10:00:00,79.0,5.0,0,0.0,incident,3,12,60.0,2,release,2,Средне-специальное,qa,1,ПО учёта остатков топлива на АЗС и электростанциях,ZAPADTOP-FUEL,1,АО «ЗападТопливо»,топливная розница,7,f
2451,895,13,7,2026-03-16 19:00:00,2026-03-19 19:00:00,2026-03-22 19:00:00,2026-03-19 19:00:00,144.0,3.0,1,72.0,incident,3,12,60.0,2,release,3,Средне-специальное,fullstack,1,ПО учёта остатков топлива на АЗС и электростанциях,ZAPADTOP-FUEL,1,АО «ЗападТопливо»,топливная розница,7,f
2452,895,15,4,2026-03-22 22:00:00,2026-03-23 22:00:00,2026-03-24 14:00:00,2026-03-23 22:00:00,40.0,1.0,1,16.0,incident,3,12,60.0,2,release,2,Средне-специальное,qa,1,ПО учёта остатков топлива на АЗС и электростанциях,ZAPADTOP-FUEL,1,АО «ЗападТопливо»,топливная розница,7,f
2453,895,10,9,2026-03-24 16:00:00,2026-03-26 16:00:00,2026-03-25 23:00:00,2026-03-26 16:00:00,31.0,2.0,0,0.0,incident,3,12,60.0,2,release,6,Бакалавр,release_manager,1,ПО учёта остатков топлива на АЗС и электростанциях,ZAPADTOP-FUEL,1,АО «ЗападТопливо»,топливная розница,7,f
2456,898,8,1,2026-01-05 08:00:00,2026-01-10 08:00:00,2026-01-08 23:00:00,2026-01-10 08:00:00,87.0,5.0,0,0.0,development,1,8,48.0,10,release,1,Средне-специальное,frontend,5,Учёт топлива на котельных и ТЭЦ,REGENERGO-TEC,2,ПАО «РегионЭнерго»,энергетика,3,f
2457,898,15,4,2026-01-09 02:00:00,,2026-01-16 13:00:00,2026-01-14 02:00:00,179.0,5.0,1,59.0,development,1,8,48.0,10,release,2,Средне-специальное,qa,5,Учёт топлива на котельных и ТЭЦ,REGENERGO-TEC,2,ПАО «РегионЭнерго»,энергетика,3,f
2458,898,10,9,2026-01-16 16:00:00,2026-01-17 16:00:00,2026-01-17 00:00:00,2026-01-17 16:00:00,8.0,1.0,0,0.0,development,1,8,48.0,10,release,6,Бакалавр,release_manager,5,Учёт топлива на котельных и ТЭЦ,REGENERGO-TEC,2,ПАО «РегионЭнерго»,энергетика,3,f
2459,899,2,1,2026-01-03 09:00:00,2026-01-05 09:00:00,2026-01-04 18:00:00,2026-01-05 09:00:00,33.0,2.0,0,0.0,incident,5,9,54.0,25,release,5,Бакалавр,frontend,11,Аналитика и отчёты для руководства,NEFTEHIM-BI,3,ООО «НефтехимСервис»,нефтехимия,3,t
2460,899,15,4,2026-01-04 22:00:00,,2026-01-09 22:00:00,2026-01-07 22:00:00,120.0,3.0,1,48.0,incident,5,9,54.0,25,release,2,Средне-специальное,qa,11,Аналитика и отчёты для руководства,NEFTEHIM-BI,3,ООО «НефтехимСервис»,нефтехимия,3,t
2461,899,10,9,2026-01-10 04:00:00,2026-01-12 04:00:00,2026-01-15 10:00:00,2026-01-12 04:00:00,126.0,2.0,1,78.0,incident,5,9,54.0,25,release,6,Бакалавр,release_manager,11,Аналитика и отчёты для руководства,NEFTEHIM-BI,3,ООО «НефтехимСервис»,нефтехимия,3,t
2462,900,6,3,2026-01-06 10:00:00,2026-01-10 10:00:00,2026-01-13 04:00:00,2026-01-10 10:00:00,162.0,4.0,1,66.0,development,4,11,33.0,3,release,3,Бакалавр,design,2,Модуль интеграции с датчиками уровня на АЗС,ZAPADTOP-IOT,1,АО «ЗападТопливо»,топливная розница,3,t
2463,900,4,4,2026-01-13 08:00:00,,2026-01-16 03:00:00,2026-01-16 08:00:00,67.0,3.0,0,0.0,development,4,11,33.0,3,release,4,Бакалавр,qa,2,Модуль интеграции с датчиками уровня на АЗС,ZAPADTOP-IOT,1,АО «ЗападТопливо»,топливная розница,3,t
2464,900,10,9,2026-01-16 04:00:00,2026-01-17 04:00:00,2026-01-16 23:00:00,2026-01-17 04:00:00,19.0,1.0,0,0.0,development,4,11,33.0,3,release,6,Бакалавр,release_manager,2,Модуль интеграции с датчиками уровня на АЗС,ZAPADTOP-IOT,1,АО «ЗападТопливо»,топливная розница,3,t
2465,901,13,7,2026-01-09 13:00:00,2026-01-12 13:00:00,2026-01-16 09:00:00,2026-01-12 13:00:00,164.0,3.0,1,92.0,incident,3,2,8.0,1,release,3,Средне-специальное,fullstack,1,ПО учёта остатков топлива на АЗС и электростанциях,ZAPADTOP-FUEL,1,АО «ЗападТопливо»,топливная розница,9,f
2466,901,4,4,2026-01-16 13:00:00,,2026-01-25 23:00:00,2026-01-21 13:00:00,226.0,5.0,1,106.0,incident,3,2,8.0,1,release,4,Бакалавр,qa,1,ПО учёта остатков топлива на АЗС и электростанциях,ZAPADTOP-FUEL,1,АО «ЗападТопливо»,топливная розница,9,f
2467,901,13,7,2026-01-26 06:00:00,2026-01-30 06:00:00,2026-01-28 02:00:00,2026-01-30 06:00:00,44.0,4.0,0,0.0,incident,3,2,8.0,1,release,3,Средне-специальное,fullstack,1,ПО учёта остатков топлива на АЗС и электростанциях,ZAPADTOP-FUEL,1,АО «ЗападТопливо»,топливная розница,9,f
2468,901,4,4,2026-01-28 05:00:00,,2026-02-05 12:00:00,2026-02-02 05:00:00,199.0,5.0,1,79.0,incident,3,2,8.0,1,release,4,Бакалавр,qa,1,ПО учёта остатков топлива на АЗС и электростанциях,ZAPADTOP-FUEL,1,АО «ЗападТопливо»,топливная розница,9,f
2469,901,13,7,2026-02-05 19:00:00,2026-02-07 19:00:00,2026-02-06 11:00:00,2026-02-07 19:00:00,16.0,2.0,0,0.0,incident,3,2,8.0,1,release,3,Средне-специальное,fullstack,1,ПО учёта остатков топлива на АЗС и электростанциях,ZAPADTOP-FUEL,1,АО «ЗападТопливо»,топливная розница,9,f
2470,901,4,4,2026-02-06 13:00:00,,2026-02-14 02:00:00,2026-02-11 13:00:00,181.0,5.0,1,61.0,incident,3,2,8.0,1,release,4,Бакалавр,qa,1,ПО учёта остатков топлива на АЗС и электростанциях,ZAPADTOP-FUEL,1,АО «ЗападТопливо»,топливная розница,9,f
2471,901,13,7,2026-02-14 08:00:00,2026-02-16 08:00:00,2026-02-15 21:00:00,2026-02-16 08:00:00,37.0,2.0,0,0.0,incident,3,2,8.0,1,release,3,Средне-специальное,fullstack,1,ПО учёта остатков топлива на АЗС и электростанциях,ZAPADTOP-FUEL,1,АО «ЗападТопливо»,топливная розница,9,f
2472,901,4,4,2026-02-15 23:00:00,2026-02-17 23:00:00,2026-02-22 20:00:00,2026-02-17 23:00:00,165.0,2.0,1,117.0,incident,3,2,8.0,1,release,4,Бакалавр,qa,1,ПО учёта остатков топлива на АЗС и электростанциях,ZAPADTOP-FUEL,1,АО «ЗападТопливо»,топливная розница,9,f
2473,901,14,9,2026-02-23 00:00:00,2026-02-24 00:00:00,2026-02-23 17:00:00,2026-02-24 00:00:00,17.0,1.0,0,0.0,incident,3,2,8.0,1,release,5,Бакалавр,release_manager,1,ПО учёта остатков топлива на АЗС и электростанциях,ZAPADTOP-FUEL,1,АО «ЗападТопливо»,топливная розница,9,f
2474,902,5,2,2025-12-31 04:00:00,2026-01-09 04:00:00,2026-01-11 21:00:00,2026-01-09 04:00:00,281.0,9.0,1,65.0,development,5,10,30.0,27,being_tested,2,Средне-специальное,backend,12,Мобильное приложение для инспекторов АЗС,NEFTEHIM-MOB,3,ООО «НефтехимСервис»,нефтехимия,2,t
2477,906,6,3,2026-05-04 16:00:00,2026-05-14 16:00:00,2026-05-10 01:00:00,2026-05-14 16:00:00,129.0,10.0,0,0.0,development,3,11,55.0,22,release,3,Бакалавр,design,9,Логистика перевозок нефтепродуктов,NEFTEHIM-LOG,3,ООО «НефтехимСервис»,нефтехимия,3,f
2478,906,15,4,2026-05-10 02:00:00,2026-05-11 02:00:00,2026-05-14 11:00:00,2026-05-11 02:00:00,105.0,1.0,1,81.0,development,3,11,55.0,22,release,2,Средне-специальное,qa,9,Логистика перевозок нефтепродуктов,NEFTEHIM-LOG,3,ООО «НефтехимСервис»,нефтехимия,3,f
2479,906,14,9,2026-05-14 12:00:00,2026-05-16 12:00:00,2026-05-15 09:00:00,2026-05-16 12:00:00,21.0,2.0,0,0.0,development,3,11,55.0,22,release,5,Бакалавр,release_manager,9,Логистика перевозок нефтепродуктов,NEFTEHIM-LOG,3,ООО «НефтехимСервис»,нефтехимия,3,f
2480,907,6,3,2026-03-07 15:00:00,2026-03-17 15:00:00,2026-03-21 19:00:00,2026-03-17 15:00:00,340.0,10.0,1,100.0,development,1,2,12.0,2,release,3,Бакалавр,design,1,ПО учёта остатков топлива на АЗС и электростанциях,ZAPADTOP-FUEL,1,АО «ЗападТопливо»,топливная розница,5,f
2481,907,9,4,2026-03-21 23:00:00,,2026-03-27 20:00:00,2026-03-25 23:00:00,141.0,4.0,1,45.0,development,1,2,12.0,2,release,5,Бакалавр,qa,1,ПО учёта остатков топлива на АЗС и электростанциях,ZAPADTOP-FUEL,1,АО «ЗападТопливо»,топливная розница,5,f
2482,907,6,3,2026-03-27 22:00:00,2026-03-29 22:00:00,2026-04-02 04:00:00,2026-03-29 22:00:00,126.0,2.0,1,78.0,development,1,2,12.0,2,release,3,Бакалавр,design,1,ПО учёта остатков топлива на АЗС и электростанциях,ZAPADTOP-FUEL,1,АО «ЗападТопливо»,топливная розница,5,f
2483,907,9,4,2026-04-02 05:00:00,,2026-04-11 02:00:00,2026-04-07 05:00:00,213.0,5.0,1,93.0,development,1,2,12.0,2,release,5,Бакалавр,qa,1,ПО учёта остатков топлива на АЗС и электростанциях,ZAPADTOP-FUEL,1,АО «ЗападТопливо»,топливная розница,5,f
2484,907,10,9,2026-04-11 07:00:00,2026-04-12 07:00:00,2026-04-11 22:00:00,2026-04-12 07:00:00,15.0,1.0,0,0.0,development,1,2,12.0,2,release,6,Бакалавр,release_manager,1,ПО учёта остатков топлива на АЗС и электростанциях,ZAPADTOP-FUEL,1,АО «ЗападТопливо»,топливная розница,5,f
2486,910,6,3,2026-03-05 22:00:00,2026-03-09 22:00:00,2026-03-08 17:00:00,2026-03-09 22:00:00,67.0,4.0,0,0.0,development,5,2,8.0,6,release,3,Бакалавр,design,3,Личный кабинет оператора заправки,ZAPADTOP-LK,1,АО «ЗападТопливо»,топливная розница,9,t
2487,910,4,4,2026-03-08 19:00:00,,2026-03-10 12:00:00,2026-03-11 19:00:00,41.0,3.0,0,0.0,development,5,2,8.0,6,release,4,Бакалавр,qa,3,Личный кабинет оператора заправки,ZAPADTOP-LK,1,АО «ЗападТопливо»,топливная розница,9,t
2488,910,6,3,2026-03-10 14:00:00,2026-03-12 14:00:00,2026-03-16 14:00:00,2026-03-12 14:00:00,144.0,2.0,1,96.0,development,5,2,8.0,6,release,3,Бакалавр,design,3,Личный кабинет оператора заправки,ZAPADTOP-LK,1,АО «ЗападТопливо»,топливная розница,9,t
2489,910,4,4,2026-03-16 17:00:00,2026-03-19 17:00:00,2026-03-22 17:00:00,2026-03-19 17:00:00,144.0,3.0,1,72.0,development,5,2,8.0,6,release,4,Бакалавр,qa,3,Личный кабинет оператора заправки,ZAPADTOP-LK,1,АО «ЗападТопливо»,топливная розница,9,t
2490,910,6,3,2026-03-22 21:00:00,2026-03-27 21:00:00,2026-03-30 19:00:00,2026-03-27 21:00:00,190.0,5.0,1,70.0,development,5,2,8.0,6,release,3,Бакалавр,design,3,Личный кабинет оператора заправки,ZAPADTOP-LK,1,АО «ЗападТопливо»,топливная розница,9,t
2491,910,4,4,2026-03-30 22:00:00,2026-03-31 22:00:00,2026-04-03 10:00:00,2026-03-31 22:00:00,84.0,1.0,1,60.0,development,5,2,8.0,6,release,4,Бакалавр,qa,3,Личный кабинет оператора заправки,ZAPADTOP-LK,1,АО «ЗападТопливо»,топливная розница,9,t
2492,910,6,3,2026-04-03 18:00:00,2026-04-06 18:00:00,2026-04-07 13:00:00,2026-04-06 18:00:00,91.0,3.0,1,19.0,development,5,2,8.0,6,release,3,Бакалавр,design,3,Личный кабинет оператора заправки,ZAPADTOP-LK,1,АО «ЗападТопливо»,топливная розница,9,t
2493,910,4,4,2026-04-07 16:00:00,,2026-04-08 17:00:00,2026-04-10 16:00:00,25.0,3.0,0,0.0,development,5,2,8.0,6,release,4,Бакалавр,qa,3,Личный кабинет оператора заправки,ZAPADTOP-LK,1,АО «ЗападТопливо»,топливная розница,9,t
2494,910,14,9,2026-04-08 23:00:00,2026-04-10 23:00:00,2026-04-10 06:00:00,2026-04-10 23:00:00,31.0,2.0,0,0.0,development,5,2,8.0,6,release,5,Бакалавр,release_manager,3,Личный кабинет оператора заправки,ZAPADTOP-LK,1,АО «ЗападТопливо»,топливная розница,9,t
2495,911,3,7,2026-01-08 22:00:00,2026-01-10 22:00:00,2026-01-09 12:00:00,2026-01-10 22:00:00,14.0,2.0,0,0.0,incident,3,1,6.0,7,release,6,Бакалавр,fullstack,4,Отчётность по остаткам для Ростехнадзора,ZAPADTOP-RTN,1,АО «ЗападТопливо»,топливная розница,9,f
2496,911,9,4,2026-01-09 16:00:00,2026-01-12 16:00:00,2026-01-15 13:00:00,2026-01-12 16:00:00,141.0,3.0,1,69.0,incident,3,1,6.0,7,release,5,Бакалавр,qa,4,Отчётность по остаткам для Ростехнадзора,ZAPADTOP-RTN,1,АО «ЗападТопливо»,топливная розница,9,f
2497,911,3,7,2026-01-15 15:00:00,2026-01-17 15:00:00,2026-01-21 21:00:00,2026-01-17 15:00:00,150.0,2.0,1,102.0,incident,3,1,6.0,7,release,6,Бакалавр,fullstack,4,Отчётность по остаткам для Ростехнадзора,ZAPADTOP-RTN,1,АО «ЗападТопливо»,топливная розница,9,f
2498,911,9,4,2026-01-22 00:00:00,,2026-01-31 04:00:00,2026-01-27 00:00:00,220.0,5.0,1,100.0,incident,3,1,6.0,7,release,5,Бакалавр,qa,4,Отчётность по остаткам для Ростехнадзора,ZAPADTOP-RTN,1,АО «ЗападТопливо»,топливная розница,9,f
2499,911,3,7,2026-01-31 09:00:00,2026-02-02 09:00:00,2026-02-06 21:00:00,2026-02-02 09:00:00,156.0,2.0,1,108.0,incident,3,1,6.0,7,release,6,Бакалавр,fullstack,4,Отчётность по остаткам для Ростехнадзора,ZAPADTOP-RTN,1,АО «ЗападТопливо»,топливная розница,9,f
2500,911,9,4,2026-02-06 22:00:00,2026-02-08 22:00:00,2026-02-12 23:00:00,2026-02-08 22:00:00,145.0,2.0,1,97.0,incident,3,1,6.0,7,release,5,Бакалавр,qa,4,Отчётность по остаткам для Ростехнадзора,ZAPADTOP-RTN,1,АО «ЗападТопливо»,топливная розница,9,f
2501,911,3,7,2026-02-13 07:00:00,2026-02-16 07:00:00,2026-02-19 07:00:00,2026-02-16 07:00:00,144.0,3.0,1,72.0,incident,3,1,6.0,7,release,6,Бакалавр,fullstack,4,Отчётность по остаткам для Ростехнадзора,ZAPADTOP-RTN,1,АО «ЗападТопливо»,топливная розница,9,f
2502,911,9,4,2026-02-19 09:00:00,,2026-02-26 02:00:00,2026-02-24 09:00:00,161.0,5.0,1,41.0,incident,3,1,6.0,7,release,5,Бакалавр,qa,4,Отчётность по остаткам для Ростехнадзора,ZAPADTOP-RTN,1,АО «ЗападТопливо»,топливная розница,9,f
2503,911,14,9,2026-02-26 05:00:00,2026-02-28 05:00:00,2026-03-03 10:00:00,2026-02-28 05:00:00,125.0,2.0,1,77.0,incident,3,1,6.0,7,release,5,Бакалавр,release_manager,4,Отчётность по остаткам для Ростехнадзора,ZAPADTOP-RTN,1,АО «ЗападТопливо»,топливная розница,9,f
2504,912,6,3,2026-01-10 14:00:00,2026-01-12 14:00:00,2026-01-15 10:00:00,2026-01-12 14:00:00,116.0,2.0,1,68.0,incident,1,12,36.0,10,release,3,Бакалавр,design,5,Учёт топлива на котельных и ТЭЦ,REGENERGO-TEC,2,ПАО «РегионЭнерго»,энергетика,3,f
2505,912,9,4,2026-01-15 13:00:00,2026-01-17 13:00:00,2026-01-20 18:00:00,2026-01-17 13:00:00,125.0,2.0,1,77.0,incident,1,12,36.0,10,release,5,Бакалавр,qa,5,Учёт топлива на котельных и ТЭЦ,REGENERGO-TEC,2,ПАО «РегионЭнерго»,энергетика,3,f
2506,912,14,9,2026-01-20 20:00:00,2026-01-21 20:00:00,2026-01-21 03:00:00,2026-01-21 20:00:00,7.0,1.0,0,0.0,incident,1,12,36.0,10,release,5,Бакалавр,release_manager,5,Учёт топлива на котельных и ТЭЦ,REGENERGO-TEC,2,ПАО «РегионЭнерго»,энергетика,3,f
2507,913,1,2,2026-01-04 21:00:00,2026-01-14 21:00:00,2026-01-13 13:00:00,2026-01-14 21:00:00,208.0,10.0,0,0.0,development,3,8,24.0,10,release,8,Специалист,backend,5,Учёт топлива на котельных и ТЭЦ,REGENERGO-TEC,2,ПАО «РегионЭнерго»,энергетика,3,f
2508,913,15,4,2026-01-13 16:00:00,2026-01-14 16:00:00,2026-01-18 20:00:00,2026-01-14 16:00:00,124.0,1.0,1,100.0,development,3,8,24.0,10,release,2,Средне-специальное,qa,5,Учёт топлива на котельных и ТЭЦ,REGENERGO-TEC,2,ПАО «РегионЭнерго»,энергетика,3,f
2509,913,14,9,2026-01-18 23:00:00,2026-01-20 23:00:00,2026-01-26 21:00:00,2026-01-20 23:00:00,190.0,2.0,1,142.0,development,3,8,24.0,10,release,5,Бакалавр,release_manager,5,Учёт топлива на котельных и ТЭЦ,REGENERGO-TEC,2,ПАО «РегионЭнерго»,энергетика,3,f
2510,914,1,2,2026-03-10 23:00:00,2026-03-17 23:00:00,2026-03-15 18:00:00,2026-03-17 23:00:00,115.0,7.0,0,0.0,development,3,6,24.0,2,release,8,Специалист,backend,1,ПО учёта остатков топлива на АЗС и электростанциях,ZAPADTOP-FUEL,1,АО «ЗападТопливо»,топливная розница,3,f
2511,914,9,4,2026-03-15 20:00:00,,2026-03-21 05:00:00,2026-03-18 20:00:00,129.0,3.0,1,57.0,development,3,6,24.0,2,release,5,Бакалавр,qa,1,ПО учёта остатков топлива на АЗС и электростанциях,ZAPADTOP-FUEL,1,АО «ЗападТопливо»,топливная розница,3,f
2512,914,10,9,2026-03-21 10:00:00,2026-03-22 10:00:00,2026-03-21 17:00:00,2026-03-22 10:00:00,7.0,1.0,0,0.0,development,3,6,24.0,2,release,6,Бакалавр,release_manager,1,ПО учёта остатков топлива на АЗС и электростанциях,ZAPADTOP-FUEL,1,АО «ЗападТопливо»,топливная розница,3,f
2513,915,5,2,2026-01-09 23:00:00,2026-01-17 23:00:00,2026-01-21 07:00:00,2026-01-17 23:00:00,272.0,8.0,1,80.0,development,2,1,4.0,3,release,2,Средне-специальное,backend,2,Модуль интеграции с датчиками уровня на АЗС,ZAPADTOP-IOT,1,АО «ЗападТопливо»,топливная розница,3,f
2514,915,15,4,2026-01-21 08:00:00,2026-01-23 08:00:00,2026-01-21 23:00:00,2026-01-23 08:00:00,15.0,2.0,0,0.0,development,2,1,4.0,3,release,2,Средне-специальное,qa,2,Модуль интеграции с датчиками уровня на АЗС,ZAPADTOP-IOT,1,АО «ЗападТопливо»,топливная розница,3,f
2515,915,14,9,2026-01-22 00:00:00,2026-01-24 00:00:00,2026-01-23 21:00:00,2026-01-24 00:00:00,45.0,2.0,0,0.0,development,2,1,4.0,3,release,5,Бакалавр,release_manager,2,Модуль интеграции с датчиками уровня на АЗС,ZAPADTOP-IOT,1,АО «ЗападТопливо»,топливная розница,3,f
2517,917,5,2,2026-03-15 00:00:00,2026-03-25 00:00:00,2026-03-27 20:00:00,2026-03-25 00:00:00,308.0,10.0,1,68.0,development,2,10,60.0,28,release,2,Средне-специальное,backend,12,Мобильное приложение для инспекторов АЗС,NEFTEHIM-MOB,3,ООО «НефтехимСервис»,нефтехимия,9,f
2518,917,15,4,2026-03-28 11:00:00,,2026-04-04 07:00:00,2026-04-01 11:00:00,164.0,4.0,1,68.0,development,2,10,60.0,28,release,2,Средне-специальное,qa,12,Мобильное приложение для инспекторов АЗС,NEFTEHIM-MOB,3,ООО «НефтехимСервис»,нефтехимия,9,f
2519,917,5,2,2026-04-04 15:00:00,2026-04-07 15:00:00,2026-04-07 10:00:00,2026-04-07 15:00:00,67.0,3.0,0,0.0,development,2,10,60.0,28,release,2,Средне-специальное,backend,12,Мобильное приложение для инспекторов АЗС,NEFTEHIM-MOB,3,ООО «НефтехимСервис»,нефтехимия,9,f
2520,917,15,4,2026-04-07 14:00:00,2026-04-09 14:00:00,2026-04-11 05:00:00,2026-04-09 14:00:00,87.0,2.0,1,39.0,development,2,10,60.0,28,release,2,Средне-специальное,qa,12,Мобильное приложение для инспекторов АЗС,NEFTEHIM-MOB,3,ООО «НефтехимСервис»,нефтехимия,9,f
2521,917,5,2,2026-04-11 11:00:00,2026-04-15 11:00:00,2026-04-17 00:00:00,2026-04-15 11:00:00,133.0,4.0,1,37.0,development,2,10,60.0,28,release,2,Средне-специальное,backend,12,Мобильное приложение для инспекторов АЗС,NEFTEHIM-MOB,3,ООО «НефтехимСервис»,нефтехимия,9,f
2522,917,15,4,2026-04-17 04:00:00,2026-04-18 04:00:00,2026-04-21 04:00:00,2026-04-18 04:00:00,96.0,1.0,1,72.0,development,2,10,60.0,28,release,2,Средне-специальное,qa,12,Мобильное приложение для инспекторов АЗС,NEFTEHIM-MOB,3,ООО «НефтехимСервис»,нефтехимия,9,f
2523,917,5,2,2026-04-21 06:00:00,2026-04-23 06:00:00,2026-04-27 20:00:00,2026-04-23 06:00:00,158.0,2.0,1,110.0,development,2,10,60.0,28,release,2,Средне-специальное,backend,12,Мобильное приложение для инспекторов АЗС,NEFTEHIM-MOB,3,ООО «НефтехимСервис»,нефтехимия,9,f
2524,917,15,4,2026-04-27 22:00:00,2026-04-28 22:00:00,2026-05-02 07:00:00,2026-04-28 22:00:00,105.0,1.0,1,81.0,development,2,10,60.0,28,release,2,Средне-специальное,qa,12,Мобильное приложение для инспекторов АЗС,NEFTEHIM-MOB,3,ООО «НефтехимСервис»,нефтехимия,9,f
2525,917,14,9,2026-05-02 13:00:00,2026-05-04 13:00:00,2026-05-05 18:00:00,2026-05-04 13:00:00,77.0,2.0,1,29.0,development,2,10,60.0,28,release,5,Бакалавр,release_manager,12,Мобильное приложение для инспекторов АЗС,NEFTEHIM-MOB,3,ООО «НефтехимСервис»,нефтехимия,9,f
2526,918,8,1,2026-03-08 14:00:00,2026-03-15 14:00:00,2026-03-18 14:00:00,2026-03-15 14:00:00,240.0,7.0,1,72.0,development,1,6,24.0,26,release,1,Средне-специальное,frontend,11,Аналитика и отчёты для руководства,NEFTEHIM-BI,3,ООО «НефтехимСервис»,нефтехимия,5,f
2527,918,15,4,2026-03-18 15:00:00,,2026-03-25 19:00:00,2026-03-23 15:00:00,172.0,5.0,1,52.0,development,1,6,24.0,26,release,2,Средне-специальное,qa,11,Аналитика и отчёты для руководства,NEFTEHIM-BI,3,ООО «НефтехимСервис»,нефтехимия,5,f
2528,918,8,1,2026-03-26 02:00:00,2026-03-29 02:00:00,2026-03-30 07:00:00,2026-03-29 02:00:00,101.0,3.0,1,29.0,development,1,6,24.0,26,release,1,Средне-специальное,frontend,11,Аналитика и отчёты для руководства,NEFTEHIM-BI,3,ООО «НефтехимСервис»,нефтехимия,5,f
2529,918,15,4,2026-03-30 10:00:00,,2026-04-05 12:00:00,2026-04-02 10:00:00,146.0,3.0,1,74.0,development,1,6,24.0,26,release,2,Средне-специальное,qa,11,Аналитика и отчёты для руководства,NEFTEHIM-BI,3,ООО «НефтехимСервис»,нефтехимия,5,f
2530,918,14,9,2026-04-05 18:00:00,2026-04-06 18:00:00,2026-04-08 15:00:00,2026-04-06 18:00:00,69.0,1.0,1,45.0,development,1,6,24.0,26,release,5,Бакалавр,release_manager,11,Аналитика и отчёты для руководства,NEFTEHIM-BI,3,ООО «НефтехимСервис»,нефтехимия,5,f
2531,919,2,1,2026-03-13 19:00:00,2026-03-15 19:00:00,2026-03-20 23:00:00,2026-03-15 19:00:00,172.0,2.0,1,124.0,incident,5,12,36.0,24,being_tested,5,Бакалавр,frontend,10,Сверка остатков при приёмке на нефтебазе,NEFTEHIM-RCV,3,ООО «НефтехимСервис»,нефтехимия,2,t
2533,920,3,7,2026-04-30 23:00:00,2026-05-03 23:00:00,2026-05-07 08:00:00,2026-05-03 23:00:00,153.0,3.0,1,81.0,incident,2,7,21.0,19,release,6,Бакалавр,fullstack,8,Портал заявок на доработку от эксплуатации,REGENERGO-REQ,2,ПАО «РегионЭнерго»,энергетика,3,f
2534,920,9,4,2026-05-07 09:00:00,2026-05-08 09:00:00,2026-05-11 14:00:00,2026-05-08 09:00:00,101.0,1.0,1,77.0,incident,2,7,21.0,19,release,5,Бакалавр,qa,8,Портал заявок на доработку от эксплуатации,REGENERGO-REQ,2,ПАО «РегионЭнерго»,энергетика,3,f
2535,920,14,9,2026-05-11 15:00:00,2026-05-13 15:00:00,2026-05-12 06:00:00,2026-05-13 15:00:00,15.0,2.0,0,0.0,incident,2,7,21.0,19,release,5,Бакалавр,release_manager,8,Портал заявок на доработку от эксплуатации,REGENERGO-REQ,2,ПАО «РегионЭнерго»,энергетика,3,f
2536,921,3,7,2026-03-08 14:00:00,2026-03-15 14:00:00,2026-03-13 01:00:00,2026-03-15 14:00:00,107.0,7.0,0,0.0,development,3,10,30.0,2,release,6,Бакалавр,fullstack,1,ПО учёта остатков топлива на АЗС и электростанциях,ZAPADTOP-FUEL,1,АО «ЗападТопливо»,топливная розница,3,f
2537,921,4,4,2026-03-13 03:00:00,,2026-03-17 10:00:00,2026-03-18 03:00:00,103.0,5.0,0,0.0,development,3,10,30.0,2,release,4,Бакалавр,qa,1,ПО учёта остатков топлива на АЗС и электростанциях,ZAPADTOP-FUEL,1,АО «ЗападТопливо»,топливная розница,3,f
2538,921,14,9,2026-03-17 11:00:00,2026-03-18 11:00:00,2026-03-17 22:00:00,2026-03-18 11:00:00,11.0,1.0,0,0.0,development,3,10,30.0,2,release,5,Бакалавр,release_manager,1,ПО учёта остатков топлива на АЗС и электростанциях,ZAPADTOP-FUEL,1,АО «ЗападТопливо»,топливная розница,3,f
2540,923,2,1,2026-03-02 18:00:00,2026-03-10 18:00:00,2026-03-15 06:00:00,2026-03-10 18:00:00,300.0,8.0,1,108.0,development,2,5,25.0,2,release,5,Бакалавр,frontend,1,ПО учёта остатков топлива на АЗС и электростанциях,ZAPADTOP-FUEL,1,АО «ЗападТопливо»,топливная розница,3,f
2541,923,9,4,2026-03-15 10:00:00,2026-03-16 10:00:00,2026-03-20 12:00:00,2026-03-16 10:00:00,122.0,1.0,1,98.0,development,2,5,25.0,2,release,5,Бакалавр,qa,1,ПО учёта остатков топлива на АЗС и электростанциях,ZAPADTOP-FUEL,1,АО «ЗападТопливо»,топливная розница,3,f
2542,923,14,9,2026-03-20 14:00:00,2026-03-21 14:00:00,2026-03-26 13:00:00,2026-03-21 14:00:00,143.0,1.0,1,119.0,development,2,5,25.0,2,release,5,Бакалавр,release_manager,1,ПО учёта остатков топлива на АЗС и электростанциях,ZAPADTOP-FUEL,1,АО «ЗападТопливо»,топливная розница,3,f
2543,924,8,1,2026-01-09 03:00:00,2026-01-13 03:00:00,2026-01-10 09:00:00,2026-01-13 03:00:00,30.0,4.0,0,0.0,development,2,7,28.0,7,release,1,Средне-специальное,frontend,4,Отчётность по остаткам для Ростехнадзора,ZAPADTOP-RTN,1,АО «ЗападТопливо»,топливная розница,5,f
2544,924,15,4,2026-01-10 13:00:00,2026-01-11 13:00:00,2026-01-14 04:00:00,2026-01-11 13:00:00,87.0,1.0,1,63.0,development,2,7,28.0,7,release,2,Средне-специальное,qa,4,Отчётность по остаткам для Ростехнадзора,ZAPADTOP-RTN,1,АО «ЗападТопливо»,топливная розница,5,f
2545,924,8,1,2026-01-14 09:00:00,2026-01-19 09:00:00,2026-01-19 18:00:00,2026-01-19 09:00:00,129.0,5.0,1,9.0,development,2,7,28.0,7,release,1,Средне-специальное,frontend,4,Отчётность по остаткам для Ростехнадзора,ZAPADTOP-RTN,1,АО «ЗападТопливо»,топливная розница,5,f
2546,924,15,4,2026-01-19 19:00:00,2026-01-21 19:00:00,2026-01-20 10:00:00,2026-01-21 19:00:00,15.0,2.0,0,0.0,development,2,7,28.0,7,release,2,Средне-специальное,qa,4,Отчётность по остаткам для Ростехнадзора,ZAPADTOP-RTN,1,АО «ЗападТопливо»,топливная розница,5,f
2547,924,14,9,2026-01-20 12:00:00,2026-01-22 12:00:00,2026-01-21 03:00:00,2026-01-22 12:00:00,15.0,2.0,0,0.0,development,2,7,28.0,7,release,5,Бакалавр,release_manager,4,Отчётность по остаткам для Ростехнадзора,ZAPADTOP-RTN,1,АО «ЗападТопливо»,топливная розница,5,f
2548,925,13,7,2026-01-04 14:00:00,2026-01-13 14:00:00,2026-01-12 02:00:00,2026-01-13 14:00:00,180.0,9.0,0,0.0,development,4,4,24.0,1,release,3,Средне-специальное,fullstack,1,ПО учёта остатков топлива на АЗС и электростанциях,ZAPADTOP-FUEL,1,АО «ЗападТопливо»,топливная розница,3,t
2549,925,4,4,2026-01-12 03:00:00,2026-01-14 03:00:00,2026-01-13 20:00:00,2026-01-14 03:00:00,41.0,2.0,0,0.0,development,4,4,24.0,1,release,4,Бакалавр,qa,1,ПО учёта остатков топлива на АЗС и электростанциях,ZAPADTOP-FUEL,1,АО «ЗападТопливо»,топливная розница,3,t
2550,925,14,9,2026-01-13 21:00:00,2026-01-15 21:00:00,2026-01-15 10:00:00,2026-01-15 21:00:00,37.0,2.0,0,0.0,development,4,4,24.0,1,release,5,Бакалавр,release_manager,1,ПО учёта остатков топлива на АЗС и электростанциях,ZAPADTOP-FUEL,1,АО «ЗападТопливо»,топливная розница,3,t
2551,926,1,2,2026-01-09 15:00:00,2026-01-14 15:00:00,2026-01-16 21:00:00,2026-01-14 15:00:00,174.0,5.0,1,54.0,development,5,12,48.0,3,release,8,Специалист,backend,2,Модуль интеграции с датчиками уровня на АЗС,ZAPADTOP-IOT,1,АО «ЗападТопливо»,топливная розница,3,t
2552,926,9,4,2026-01-16 23:00:00,,2026-01-24 18:00:00,2026-01-21 23:00:00,187.0,5.0,1,67.0,development,5,12,48.0,3,release,5,Бакалавр,qa,2,Модуль интеграции с датчиками уровня на АЗС,ZAPADTOP-IOT,1,АО «ЗападТопливо»,топливная розница,3,t
2553,926,14,9,2026-01-25 00:00:00,2026-01-27 00:00:00,2026-01-27 12:00:00,2026-01-27 00:00:00,60.0,2.0,1,12.0,development,5,12,48.0,3,release,5,Бакалавр,release_manager,2,Модуль интеграции с датчиками уровня на АЗС,ZAPADTOP-IOT,1,АО «ЗападТопливо»,топливная розница,3,t
2556,930,11,2,2026-01-01 19:00:00,2026-01-07 19:00:00,2026-01-10 07:00:00,2026-01-07 19:00:00,204.0,6.0,1,60.0,development,3,6,30.0,27,release,0,Средне-специальное,backend,12,Мобильное приложение для инспекторов АЗС,NEFTEHIM-MOB,3,ООО «НефтехимСервис»,нефтехимия,3,f
2557,930,15,4,2026-01-11 18:00:00,,2026-01-19 16:00:00,2026-01-14 18:00:00,190.0,3.0,1,118.0,development,3,6,30.0,27,release,2,Средне-специальное,qa,12,Мобильное приложение для инспекторов АЗС,NEFTEHIM-MOB,3,ООО «НефтехимСервис»,нефтехимия,3,f
2558,930,14,9,2026-01-19 17:00:00,2026-01-20 17:00:00,2026-01-20 01:00:00,2026-01-20 17:00:00,8.0,1.0,0,0.0,development,3,6,30.0,27,release,5,Бакалавр,release_manager,12,Мобильное приложение для инспекторов АЗС,NEFTEHIM-MOB,3,ООО «НефтехимСервис»,нефтехимия,3,f
2560,932,2,1,2026-03-07 11:00:00,2026-03-17 11:00:00,2026-03-21 06:00:00,2026-03-17 11:00:00,331.0,10.0,1,91.0,development,1,12,36.0,26,release,5,Бакалавр,frontend,11,Аналитика и отчёты для руководства,NEFTEHIM-BI,3,ООО «НефтехимСервис»,нефтехимия,3,f
2561,932,9,4,2026-03-21 07:00:00,,2026-03-27 11:00:00,2026-03-25 07:00:00,148.0,4.0,1,52.0,development,1,12,36.0,26,release,5,Бакалавр,qa,11,Аналитика и отчёты для руководства,NEFTEHIM-BI,3,ООО «НефтехимСервис»,нефтехимия,3,f
2562,932,14,9,2026-03-27 14:00:00,2026-03-29 14:00:00,2026-04-03 10:00:00,2026-03-29 14:00:00,164.0,2.0,1,116.0,development,1,12,36.0,26,release,5,Бакалавр,release_manager,11,Аналитика и отчёты для руководства,NEFTEHIM-BI,3,ООО «НефтехимСервис»,нефтехимия,3,f
2563,933,13,7,2026-01-12 13:00:00,2026-01-13 13:00:00,2026-01-17 22:00:00,2026-01-13 13:00:00,129.0,1.0,1,105.0,incident,2,8,32.0,27,release,3,Средне-специальное,fullstack,12,Мобильное приложение для инспекторов АЗС,NEFTEHIM-MOB,3,ООО «НефтехимСервис»,нефтехимия,9,f
2564,933,9,4,2026-01-18 00:00:00,2026-01-19 00:00:00,2026-01-21 14:00:00,2026-01-19 00:00:00,86.0,1.0,1,62.0,incident,2,8,32.0,27,release,5,Бакалавр,qa,12,Мобильное приложение для инспекторов АЗС,NEFTEHIM-MOB,3,ООО «НефтехимСервис»,нефтехимия,9,f
2565,933,13,7,2026-01-21 16:00:00,2026-01-24 16:00:00,2026-01-22 13:00:00,2026-01-24 16:00:00,21.0,3.0,0,0.0,incident,2,8,32.0,27,release,3,Средне-специальное,fullstack,12,Мобильное приложение для инспекторов АЗС,NEFTEHIM-MOB,3,ООО «НефтехимСервис»,нефтехимия,9,f
2566,933,9,4,2026-01-22 17:00:00,2026-01-24 17:00:00,2026-01-24 00:00:00,2026-01-24 17:00:00,31.0,2.0,0,0.0,incident,2,8,32.0,27,release,5,Бакалавр,qa,12,Мобильное приложение для инспекторов АЗС,NEFTEHIM-MOB,3,ООО «НефтехимСервис»,нефтехимия,9,f
2567,933,13,7,2026-01-24 04:00:00,2026-01-29 04:00:00,2026-01-29 19:00:00,2026-01-29 04:00:00,135.0,5.0,1,15.0,incident,2,8,32.0,27,release,3,Средне-специальное,fullstack,12,Мобильное приложение для инспекторов АЗС,NEFTEHIM-MOB,3,ООО «НефтехимСервис»,нефтехимия,9,f
2568,933,9,4,2026-01-29 20:00:00,2026-01-31 20:00:00,2026-02-01 13:00:00,2026-01-31 20:00:00,65.0,2.0,1,17.0,incident,2,8,32.0,27,release,5,Бакалавр,qa,12,Мобильное приложение для инспекторов АЗС,NEFTEHIM-MOB,3,ООО «НефтехимСервис»,нефтехимия,9,f
2569,933,13,7,2026-02-01 17:00:00,2026-02-06 17:00:00,2026-02-10 13:00:00,2026-02-06 17:00:00,212.0,5.0,1,92.0,incident,2,8,32.0,27,release,3,Средне-специальное,fullstack,12,Мобильное приложение для инспекторов АЗС,NEFTEHIM-MOB,3,ООО «НефтехимСервис»,нефтехимия,9,f
2570,933,9,4,2026-02-10 14:00:00,2026-02-13 14:00:00,2026-02-15 14:00:00,2026-02-13 14:00:00,120.0,3.0,1,48.0,incident,2,8,32.0,27,release,5,Бакалавр,qa,12,Мобильное приложение для инспекторов АЗС,NEFTEHIM-MOB,3,ООО «НефтехимСервис»,нефтехимия,9,f
2571,933,14,9,2026-02-15 19:00:00,2026-02-17 19:00:00,2026-02-17 15:00:00,2026-02-17 19:00:00,44.0,2.0,0,0.0,incident,2,8,32.0,27,release,5,Бакалавр,release_manager,12,Мобильное приложение для инспекторов АЗС,NEFTEHIM-MOB,3,ООО «НефтехимСервис»,нефтехимия,9,f
2572,935,5,2,2026-01-09 00:00:00,2026-01-15 00:00:00,2026-01-11 07:00:00,2026-01-15 00:00:00,55.0,6.0,0,0.0,development,4,13,39.0,10,release,2,Средне-специальное,backend,5,Учёт топлива на котельных и ТЭЦ,REGENERGO-TEC,2,ПАО «РегионЭнерго»,энергетика,3,t
2573,935,15,4,2026-01-11 09:00:00,,2026-01-20 06:00:00,2026-01-14 09:00:00,213.0,3.0,1,141.0,development,4,13,39.0,10,release,2,Средне-специальное,qa,5,Учёт топлива на котельных и ТЭЦ,REGENERGO-TEC,2,ПАО «РегионЭнерго»,энергетика,3,t
2574,935,10,9,2026-01-20 12:00:00,2026-01-22 12:00:00,2026-01-21 11:00:00,2026-01-22 12:00:00,23.0,2.0,0,0.0,development,4,13,39.0,10,release,6,Бакалавр,release_manager,5,Учёт топлива на котельных и ТЭЦ,REGENERGO-TEC,2,ПАО «РегионЭнерго»,энергетика,3,t
2575,936,2,1,2026-01-04 14:00:00,2026-01-12 14:00:00,2026-01-15 00:00:00,2026-01-12 14:00:00,250.0,8.0,1,58.0,development,3,13,65.0,17,being_tested,5,Бакалавр,frontend,8,Портал заявок на доработку от эксплуатации,REGENERGO-REQ,2,ПАО «РегионЭнерго»,энергетика,2,f
2577,937,6,3,2026-01-10 05:00:00,2026-01-16 05:00:00,2026-01-15 16:00:00,2026-01-16 05:00:00,131.0,6.0,0,0.0,development,3,8,48.0,27,release,3,Бакалавр,design,12,Мобильное приложение для инспекторов АЗС,NEFTEHIM-MOB,3,ООО «НефтехимСервис»,нефтехимия,3,f
2578,937,15,4,2026-01-15 19:00:00,2026-01-18 19:00:00,2026-01-24 06:00:00,2026-01-18 19:00:00,203.0,3.0,1,131.0,development,3,8,48.0,27,release,2,Средне-специальное,qa,12,Мобильное приложение для инспекторов АЗС,NEFTEHIM-MOB,3,ООО «НефтехимСервис»,нефтехимия,3,f
2579,937,10,9,2026-01-24 09:00:00,2026-01-26 09:00:00,2026-01-24 23:00:00,2026-01-26 09:00:00,14.0,2.0,0,0.0,development,3,8,48.0,27,release,6,Бакалавр,release_manager,12,Мобильное приложение для инспекторов АЗС,NEFTEHIM-MOB,3,ООО «НефтехимСервис»,нефтехимия,3,f
2580,938,13,7,2026-05-01 11:00:00,2026-05-05 11:00:00,2026-05-09 22:00:00,2026-05-05 11:00:00,203.0,4.0,1,107.0,development,2,3,18.0,9,release,3,Средне-специальное,fullstack,4,Отчётность по остаткам для Ростехнадзора,ZAPADTOP-RTN,1,АО «ЗападТопливо»,топливная розница,5,f
2581,938,15,4,2026-05-10 01:00:00,2026-05-13 01:00:00,2026-05-18 18:00:00,2026-05-13 01:00:00,209.0,3.0,1,137.0,development,2,3,18.0,9,release,2,Средне-специальное,qa,4,Отчётность по остаткам для Ростехнадзора,ZAPADTOP-RTN,1,АО «ЗападТопливо»,топливная розница,5,f
2582,938,13,7,2026-05-19 02:00:00,2026-05-24 02:00:00,2026-05-27 12:00:00,2026-05-24 02:00:00,202.0,5.0,1,82.0,development,2,3,18.0,9,release,3,Средне-специальное,fullstack,4,Отчётность по остаткам для Ростехнадзора,ZAPADTOP-RTN,1,АО «ЗападТопливо»,топливная розница,5,f
2583,938,15,4,2026-05-27 16:00:00,2026-05-28 16:00:00,2026-05-31 00:00:00,2026-05-28 16:00:00,80.0,1.0,1,56.0,development,2,3,18.0,9,release,2,Средне-специальное,qa,4,Отчётность по остаткам для Ростехнадзора,ZAPADTOP-RTN,1,АО «ЗападТопливо»,топливная розница,5,f
2584,938,10,9,2026-05-31 03:00:00,2026-06-01 03:00:00,2026-05-31 18:00:00,2026-06-01 03:00:00,15.0,1.0,0,0.0,development,2,3,18.0,9,release,6,Бакалавр,release_manager,4,Отчётность по остаткам для Ростехнадзора,ZAPADTOP-RTN,1,АО «ЗападТопливо»,топливная розница,5,f
2585,939,1,2,2026-05-07 09:00:00,2026-05-16 09:00:00,2026-05-16 15:00:00,2026-05-16 09:00:00,222.0,9.0,1,6.0,development,2,12,48.0,13,release,8,Специалист,backend,6,Система мониторинга резервных топливных складов,REGENERGO-SKLAD,2,ПАО «РегионЭнерго»,энергетика,3,f
2586,939,4,4,2026-05-16 18:00:00,2026-05-17 18:00:00,2026-05-22 07:00:00,2026-05-17 18:00:00,133.0,1.0,1,109.0,development,2,12,48.0,13,release,4,Бакалавр,qa,6,Система мониторинга резервных топливных складов,REGENERGO-SKLAD,2,ПАО «РегионЭнерго»,энергетика,3,f
2587,939,10,9,2026-05-22 11:00:00,2026-05-24 11:00:00,2026-05-24 08:00:00,2026-05-24 11:00:00,45.0,2.0,0,0.0,development,2,12,48.0,13,release,6,Бакалавр,release_manager,6,Система мониторинга резервных топливных складов,REGENERGO-SKLAD,2,ПАО «РегионЭнерго»,энергетика,3,f
2590,942,13,7,2026-03-12 15:00:00,2026-03-18 15:00:00,2026-03-23 00:00:00,2026-03-18 15:00:00,249.0,6.0,1,105.0,development,2,13,78.0,28,release,3,Средне-специальное,fullstack,12,Мобильное приложение для инспекторов АЗС,NEFTEHIM-MOB,3,ООО «НефтехимСервис»,нефтехимия,3,f
2591,942,9,4,2026-03-23 02:00:00,2026-03-24 02:00:00,2026-03-27 00:00:00,2026-03-24 02:00:00,94.0,1.0,1,70.0,development,2,13,78.0,28,release,5,Бакалавр,qa,12,Мобильное приложение для инспекторов АЗС,NEFTEHIM-MOB,3,ООО «НефтехимСервис»,нефтехимия,3,f
2592,942,10,9,2026-03-27 02:00:00,2026-03-28 02:00:00,2026-03-27 09:00:00,2026-03-28 02:00:00,7.0,1.0,0,0.0,development,2,13,78.0,28,release,6,Бакалавр,release_manager,12,Мобильное приложение для инспекторов АЗС,NEFTEHIM-MOB,3,ООО «НефтехимСервис»,нефтехимия,3,f
2593,943,8,1,2026-03-06 07:00:00,2026-03-08 07:00:00,2026-03-10 14:00:00,2026-03-08 07:00:00,103.0,2.0,1,55.0,incident,3,12,60.0,4,release,1,Средне-специальное,frontend,2,Модуль интеграции с датчиками уровня на АЗС,ZAPADTOP-IOT,1,АО «ЗападТопливо»,топливная розница,3,f
2594,943,4,4,2026-03-10 16:00:00,2026-03-12 16:00:00,2026-03-18 01:00:00,2026-03-12 16:00:00,177.0,2.0,1,129.0,incident,3,12,60.0,4,release,4,Бакалавр,qa,2,Модуль интеграции с датчиками уровня на АЗС,ZAPADTOP-IOT,1,АО «ЗападТопливо»,топливная розница,3,f
2595,943,14,9,2026-03-18 06:00:00,2026-03-20 06:00:00,2026-03-21 02:00:00,2026-03-20 06:00:00,68.0,2.0,1,20.0,incident,3,12,60.0,4,release,5,Бакалавр,release_manager,2,Модуль интеграции с датчиками уровня на АЗС,ZAPADTOP-IOT,1,АО «ЗападТопливо»,топливная розница,3,f
2596,944,8,1,2026-03-09 20:00:00,2026-03-13 20:00:00,2026-03-18 22:00:00,2026-03-13 20:00:00,218.0,4.0,1,122.0,development,2,11,44.0,26,release,1,Средне-специальное,frontend,11,Аналитика и отчёты для руководства,NEFTEHIM-BI,3,ООО «НефтехимСервис»,нефтехимия,3,f
2597,944,15,4,2026-03-20 07:00:00,,2026-03-26 20:00:00,2026-03-25 07:00:00,157.0,5.0,1,37.0,development,2,11,44.0,26,release,2,Средне-специальное,qa,11,Аналитика и отчёты для руководства,NEFTEHIM-BI,3,ООО «НефтехимСервис»,нефтехимия,3,f
2598,944,14,9,2026-03-27 00:00:00,2026-03-28 00:00:00,2026-03-27 09:00:00,2026-03-28 00:00:00,9.0,1.0,0,0.0,development,2,11,44.0,26,release,5,Бакалавр,release_manager,11,Аналитика и отчёты для руководства,NEFTEHIM-BI,3,ООО «НефтехимСервис»,нефтехимия,3,f
2599,945,2,1,2026-01-02 23:00:00,2026-01-05 23:00:00,2026-01-10 16:00:00,2026-01-05 23:00:00,185.0,3.0,1,113.0,incident,4,5,30.0,5,being_tested,5,Бакалавр,frontend,3,Личный кабинет оператора заправки,ZAPADTOP-LK,1,АО «ЗападТопливо»,топливная розница,2,t
2602,948,6,3,2026-03-05 07:00:00,2026-03-10 07:00:00,2026-03-07 23:00:00,2026-03-10 07:00:00,64.0,5.0,0,0.0,development,4,5,15.0,18,being_tested,3,Бакалавр,design,8,Портал заявок на доработку от эксплуатации,REGENERGO-REQ,2,ПАО «РегионЭнерго»,энергетика,2,t
2605,950,11,2,2026-03-13 06:00:00,2026-03-22 06:00:00,2026-03-25 03:00:00,2026-03-22 06:00:00,285.0,9.0,1,69.0,development,3,9,45.0,28,release,0,Средне-специальное,backend,12,Мобильное приложение для инспекторов АЗС,NEFTEHIM-MOB,3,ООО «НефтехимСервис»,нефтехимия,5,f
2606,950,9,4,2026-03-25 04:00:00,2026-03-26 04:00:00,2026-03-27 15:00:00,2026-03-26 04:00:00,59.0,1.0,1,35.0,development,3,9,45.0,28,release,5,Бакалавр,qa,12,Мобильное приложение для инспекторов АЗС,NEFTEHIM-MOB,3,ООО «НефтехимСервис»,нефтехимия,5,f
2607,950,11,2,2026-03-27 21:00:00,2026-03-29 21:00:00,2026-04-02 06:00:00,2026-03-29 21:00:00,129.0,2.0,1,81.0,development,3,9,45.0,28,release,0,Средне-специальное,backend,12,Мобильное приложение для инспекторов АЗС,NEFTEHIM-MOB,3,ООО «НефтехимСервис»,нефтехимия,5,f
2608,950,9,4,2026-04-02 08:00:00,,2026-04-06 16:00:00,2026-04-07 08:00:00,104.0,5.0,0,0.0,development,3,9,45.0,28,release,5,Бакалавр,qa,12,Мобильное приложение для инспекторов АЗС,NEFTEHIM-MOB,3,ООО «НефтехимСервис»,нефтехимия,5,f
2609,950,10,9,2026-04-06 20:00:00,2026-04-08 20:00:00,2026-04-08 00:00:00,2026-04-08 20:00:00,28.0,2.0,0,0.0,development,3,9,45.0,28,release,6,Бакалавр,release_manager,12,Мобильное приложение для инспекторов АЗС,NEFTEHIM-MOB,3,ООО «НефтехимСервис»,нефтехимия,5,f
2610,951,11,2,2026-03-09 01:00:00,2026-03-12 01:00:00,2026-03-12 06:00:00,2026-03-12 01:00:00,77.0,3.0,1,5.0,development,3,9,54.0,4,release,0,Средне-специальное,backend,2,Модуль интеграции с датчиками уровня на АЗС,ZAPADTOP-IOT,1,АО «ЗападТопливо»,топливная розница,3,f
2611,951,9,4,2026-03-13 12:00:00,,2026-03-22 06:00:00,2026-03-18 12:00:00,210.0,5.0,1,90.0,development,3,9,54.0,4,release,5,Бакалавр,qa,2,Модуль интеграции с датчиками уровня на АЗС,ZAPADTOP-IOT,1,АО «ЗападТопливо»,топливная розница,3,f
2612,951,10,9,2026-03-22 11:00:00,2026-03-23 11:00:00,2026-03-22 18:00:00,2026-03-23 11:00:00,7.0,1.0,0,0.0,development,3,9,54.0,4,release,6,Бакалавр,release_manager,2,Модуль интеграции с датчиками уровня на АЗС,ZAPADTOP-IOT,1,АО «ЗападТопливо»,топливная розница,3,f
2613,953,3,7,2026-03-15 02:00:00,2026-03-24 02:00:00,2026-03-26 13:00:00,2026-03-24 02:00:00,275.0,9.0,1,59.0,development,2,7,35.0,2,release,6,Бакалавр,fullstack,1,ПО учёта остатков топлива на АЗС и электростанциях,ZAPADTOP-FUEL,1,АО «ЗападТопливо»,топливная розница,3,f
2614,953,4,4,2026-03-27 20:00:00,2026-03-28 20:00:00,2026-03-31 01:00:00,2026-03-28 20:00:00,77.0,1.0,1,53.0,development,2,7,35.0,2,release,4,Бакалавр,qa,1,ПО учёта остатков топлива на АЗС и электростанциях,ZAPADTOP-FUEL,1,АО «ЗападТопливо»,топливная розница,3,f
2615,953,14,9,2026-03-31 05:00:00,2026-04-01 05:00:00,2026-03-31 21:00:00,2026-04-01 05:00:00,16.0,1.0,0,0.0,development,2,7,35.0,2,release,5,Бакалавр,release_manager,1,ПО учёта остатков топлива на АЗС и электростанциях,ZAPADTOP-FUEL,1,АО «ЗападТопливо»,топливная розница,3,f
2616,954,6,3,2026-04-30 13:00:00,2026-05-01 13:00:00,2026-05-03 09:00:00,2026-05-01 13:00:00,68.0,1.0,1,44.0,incident,1,2,6.0,13,being_tested,3,Бакалавр,design,6,Система мониторинга резервных топливных складов,REGENERGO-SKLAD,2,ПАО «РегионЭнерго»,энергетика,2,f
2618,955,8,1,2026-01-08 17:00:00,2026-01-17 17:00:00,2026-01-16 05:00:00,2026-01-17 17:00:00,180.0,9.0,0,0.0,development,1,7,21.0,1,release,1,Средне-специальное,frontend,1,ПО учёта остатков топлива на АЗС и электростанциях,ZAPADTOP-FUEL,1,АО «ЗападТопливо»,топливная розница,3,f
2619,955,4,4,2026-01-16 09:00:00,,2026-01-24 15:00:00,2026-01-21 09:00:00,198.0,5.0,1,78.0,development,1,7,21.0,1,release,4,Бакалавр,qa,1,ПО учёта остатков топлива на АЗС и электростанциях,ZAPADTOP-FUEL,1,АО «ЗападТопливо»,топливная розница,3,f
2620,955,10,9,2026-01-24 17:00:00,2026-01-26 17:00:00,2026-01-26 03:00:00,2026-01-26 17:00:00,34.0,2.0,0,0.0,development,1,7,21.0,1,release,6,Бакалавр,release_manager,1,ПО учёта остатков топлива на АЗС и электростанциях,ZAPADTOP-FUEL,1,АО «ЗападТопливо»,топливная розница,3,f
2621,956,3,7,2026-03-14 13:00:00,2026-03-16 13:00:00,2026-03-18 15:00:00,2026-03-16 13:00:00,98.0,2.0,1,50.0,incident,1,12,72.0,6,release,6,Бакалавр,fullstack,3,Личный кабинет оператора заправки,ZAPADTOP-LK,1,АО «ЗападТопливо»,топливная розница,3,f
2622,956,9,4,2026-03-18 19:00:00,,2026-03-22 06:00:00,2026-03-23 19:00:00,83.0,5.0,0,0.0,incident,1,12,72.0,6,release,5,Бакалавр,qa,3,Личный кабинет оператора заправки,ZAPADTOP-LK,1,АО «ЗападТопливо»,топливная розница,3,f
2623,956,10,9,2026-03-22 10:00:00,2026-03-24 10:00:00,2026-03-23 16:00:00,2026-03-24 10:00:00,30.0,2.0,0,0.0,incident,1,12,72.0,6,release,6,Бакалавр,release_manager,3,Личный кабинет оператора заправки,ZAPADTOP-LK,1,АО «ЗападТопливо»,топливная розница,3,f
2624,957,6,3,2026-01-07 21:00:00,2026-01-09 21:00:00,2026-01-14 15:00:00,2026-01-09 21:00:00,162.0,2.0,1,114.0,incident,2,1,6.0,10,being_tested,3,Бакалавр,design,5,Учёт топлива на котельных и ТЭЦ,REGENERGO-TEC,2,ПАО «РегионЭнерго»,энергетика,2,f
2626,958,3,7,2026-05-06 13:00:00,2026-05-10 13:00:00,2026-05-14 02:00:00,2026-05-10 13:00:00,181.0,4.0,1,85.0,development,1,6,36.0,16,release,6,Бакалавр,fullstack,7,Интеграция с SCADA энергообъектов,REGENERGO-SCADA,2,ПАО «РегионЭнерго»,энергетика,5,f
2627,958,15,4,2026-05-14 03:00:00,2026-05-16 03:00:00,2026-05-20 08:00:00,2026-05-16 03:00:00,149.0,2.0,1,101.0,development,1,6,36.0,16,release,2,Средне-специальное,qa,7,Интеграция с SCADA энергообъектов,REGENERGO-SCADA,2,ПАО «РегионЭнерго»,энергетика,5,f
2628,958,3,7,2026-05-20 12:00:00,2026-05-25 12:00:00,2026-05-27 22:00:00,2026-05-25 12:00:00,178.0,5.0,1,58.0,development,1,6,36.0,16,release,6,Бакалавр,fullstack,7,Интеграция с SCADA энергообъектов,REGENERGO-SCADA,2,ПАО «РегионЭнерго»,энергетика,5,f
2629,958,15,4,2026-05-28 00:00:00,,2026-06-06 00:00:00,2026-06-02 00:00:00,216.0,5.0,1,96.0,development,1,6,36.0,16,release,2,Средне-специальное,qa,7,Интеграция с SCADA энергообъектов,REGENERGO-SCADA,2,ПАО «РегионЭнерго»,энергетика,5,f
2630,958,10,9,2026-06-06 02:00:00,2026-06-07 02:00:00,2026-06-06 23:00:00,2026-06-07 02:00:00,21.0,1.0,0,0.0,development,1,6,36.0,16,release,6,Бакалавр,release_manager,7,Интеграция с SCADA энергообъектов,REGENERGO-SCADA,2,ПАО «РегионЭнерго»,энергетика,5,f
2631,959,6,3,2026-05-04 05:00:00,2026-05-05 05:00:00,2026-05-10 18:00:00,2026-05-05 05:00:00,157.0,1.0,1,133.0,incident,2,11,44.0,16,release,3,Бакалавр,design,7,Интеграция с SCADA энергообъектов,REGENERGO-SCADA,2,ПАО «РегионЭнерго»,энергетика,3,f
2632,959,9,4,2026-05-10 19:00:00,,2026-05-13 02:00:00,2026-05-13 19:00:00,55.0,3.0,0,0.0,incident,2,11,44.0,16,release,5,Бакалавр,qa,7,Интеграция с SCADA энергообъектов,REGENERGO-SCADA,2,ПАО «РегионЭнерго»,энергетика,3,f
2633,959,14,9,2026-05-13 08:00:00,2026-05-15 08:00:00,2026-05-14 21:00:00,2026-05-15 08:00:00,37.0,2.0,0,0.0,incident,2,11,44.0,16,release,5,Бакалавр,release_manager,7,Интеграция с SCADA энергообъектов,REGENERGO-SCADA,2,ПАО «РегионЭнерго»,энергетика,3,f
2634,960,3,7,2026-03-08 16:00:00,2026-03-11 16:00:00,2026-03-14 09:00:00,2026-03-11 16:00:00,137.0,3.0,1,65.0,incident,1,5,15.0,6,release,6,Бакалавр,fullstack,3,Личный кабинет оператора заправки,ZAPADTOP-LK,1,АО «ЗападТопливо»,топливная розница,7,f
2635,960,15,4,2026-03-14 11:00:00,2026-03-15 11:00:00,2026-03-19 21:00:00,2026-03-15 11:00:00,130.0,1.0,1,106.0,incident,1,5,15.0,6,release,2,Средне-специальное,qa,3,Личный кабинет оператора заправки,ZAPADTOP-LK,1,АО «ЗападТопливо»,топливная розница,7,f
2636,960,3,7,2026-03-20 02:00:00,2026-03-23 02:00:00,2026-03-21 00:00:00,2026-03-23 02:00:00,22.0,3.0,0,0.0,incident,1,5,15.0,6,release,6,Бакалавр,fullstack,3,Личный кабинет оператора заправки,ZAPADTOP-LK,1,АО «ЗападТопливо»,топливная розница,7,f
2637,960,15,4,2026-03-21 01:00:00,,2026-03-28 12:00:00,2026-03-25 01:00:00,179.0,4.0,1,83.0,incident,1,5,15.0,6,release,2,Средне-специальное,qa,3,Личный кабинет оператора заправки,ZAPADTOP-LK,1,АО «ЗападТопливо»,топливная розница,7,f
2638,960,3,7,2026-03-28 20:00:00,2026-04-02 20:00:00,2026-03-30 16:00:00,2026-04-02 20:00:00,44.0,5.0,0,0.0,incident,1,5,15.0,6,release,6,Бакалавр,fullstack,3,Личный кабинет оператора заправки,ZAPADTOP-LK,1,АО «ЗападТопливо»,топливная розница,7,f
2639,960,15,4,2026-03-30 20:00:00,,2026-04-05 00:00:00,2026-04-02 20:00:00,124.0,3.0,1,52.0,incident,1,5,15.0,6,release,2,Средне-специальное,qa,3,Личный кабинет оператора заправки,ZAPADTOP-LK,1,АО «ЗападТопливо»,топливная розница,7,f
2640,960,10,9,2026-04-05 06:00:00,2026-04-07 06:00:00,2026-04-06 15:00:00,2026-04-07 06:00:00,33.0,2.0,0,0.0,incident,1,5,15.0,6,release,6,Бакалавр,release_manager,3,Личный кабинет оператора заправки,ZAPADTOP-LK,1,АО «ЗападТопливо»,топливная розница,7,f
2641,961,6,3,2026-03-05 14:00:00,2026-03-08 14:00:00,2026-03-11 13:00:00,2026-03-08 14:00:00,143.0,3.0,1,71.0,incident,3,11,66.0,2,release,3,Бакалавр,design,1,ПО учёта остатков топлива на АЗС и электростанциях,ZAPADTOP-FUEL,1,АО «ЗападТопливо»,топливная розница,3,f
2642,961,15,4,2026-03-11 15:00:00,,2026-03-20 03:00:00,2026-03-16 15:00:00,204.0,5.0,1,84.0,incident,3,11,66.0,2,release,2,Средне-специальное,qa,1,ПО учёта остатков топлива на АЗС и электростанциях,ZAPADTOP-FUEL,1,АО «ЗападТопливо»,топливная розница,3,f
2643,961,14,9,2026-03-20 05:00:00,2026-03-22 05:00:00,2026-03-20 20:00:00,2026-03-22 05:00:00,15.0,2.0,0,0.0,incident,3,11,66.0,2,release,5,Бакалавр,release_manager,1,ПО учёта остатков топлива на АЗС и электростанциях,ZAPADTOP-FUEL,1,АО «ЗападТопливо»,топливная розница,3,f
2644,962,2,1,2026-01-10 21:00:00,2026-01-20 21:00:00,2026-01-22 16:00:00,2026-01-20 21:00:00,283.0,10.0,1,43.0,development,2,11,55.0,5,release,5,Бакалавр,frontend,3,Личный кабинет оператора заправки,ZAPADTOP-LK,1,АО «ЗападТопливо»,топливная розница,3,f
2645,962,4,4,2026-01-23 13:00:00,2026-01-26 13:00:00,2026-01-30 06:00:00,2026-01-26 13:00:00,161.0,3.0,1,89.0,development,2,11,55.0,5,release,4,Бакалавр,qa,3,Личный кабинет оператора заправки,ZAPADTOP-LK,1,АО «ЗападТопливо»,топливная розница,3,f
2646,962,10,9,2026-01-30 07:00:00,2026-01-31 07:00:00,2026-01-31 04:00:00,2026-01-31 07:00:00,21.0,1.0,0,0.0,development,2,11,55.0,5,release,6,Бакалавр,release_manager,3,Личный кабинет оператора заправки,ZAPADTOP-LK,1,АО «ЗападТопливо»,топливная розница,3,f
2647,963,1,2,2026-01-07 06:00:00,2026-01-09 06:00:00,2026-01-08 23:00:00,2026-01-09 06:00:00,41.0,2.0,0,0.0,incident,1,6,18.0,14,release,8,Специалист,backend,7,Интеграция с SCADA энергообъектов,REGENERGO-SCADA,2,ПАО «РегионЭнерго»,энергетика,5,f
2648,963,4,4,2026-01-09 17:00:00,2026-01-10 17:00:00,2026-01-13 22:00:00,2026-01-10 17:00:00,101.0,1.0,1,77.0,incident,1,6,18.0,14,release,4,Бакалавр,qa,7,Интеграция с SCADA энергообъектов,REGENERGO-SCADA,2,ПАО «РегионЭнерго»,энергетика,5,f
2649,963,1,2,2026-01-14 00:00:00,2026-01-19 00:00:00,2026-01-15 15:00:00,2026-01-19 00:00:00,39.0,5.0,0,0.0,incident,1,6,18.0,14,release,8,Специалист,backend,7,Интеграция с SCADA энергообъектов,REGENERGO-SCADA,2,ПАО «РегионЭнерго»,энергетика,5,f
2650,963,4,4,2026-01-15 17:00:00,2026-01-17 17:00:00,2026-01-20 22:00:00,2026-01-17 17:00:00,125.0,2.0,1,77.0,incident,1,6,18.0,14,release,4,Бакалавр,qa,7,Интеграция с SCADA энергообъектов,REGENERGO-SCADA,2,ПАО «РегионЭнерго»,энергетика,5,f
2651,963,10,9,2026-01-21 00:00:00,2026-01-22 00:00:00,2026-01-21 22:00:00,2026-01-22 00:00:00,22.0,1.0,0,0.0,incident,1,6,18.0,14,release,6,Бакалавр,release_manager,7,Интеграция с SCADA энергообъектов,REGENERGO-SCADA,2,ПАО «РегионЭнерго»,энергетика,5,f
2652,964,11,2,2026-03-13 20:00:00,2026-03-14 20:00:00,2026-03-19 14:00:00,2026-03-14 20:00:00,138.0,1.0,1,114.0,incident,2,9,36.0,6,being_tested,0,Средне-специальное,backend,3,Личный кабинет оператора заправки,ZAPADTOP-LK,1,АО «ЗападТопливо»,топливная розница,2,f
2655,966,5,2,2026-01-05 13:00:00,2026-01-08 13:00:00,2026-01-11 05:00:00,2026-01-08 13:00:00,136.0,3.0,1,64.0,development,3,9,45.0,1,release,2,Средне-специальное,backend,1,ПО учёта остатков топлива на АЗС и электростанциях,ZAPADTOP-FUEL,1,АО «ЗападТопливо»,топливная розница,5,f
2656,966,9,4,2026-01-11 09:00:00,2026-01-14 09:00:00,2026-01-19 18:00:00,2026-01-14 09:00:00,201.0,3.0,1,129.0,development,3,9,45.0,1,release,5,Бакалавр,qa,1,ПО учёта остатков топлива на АЗС и электростанциях,ZAPADTOP-FUEL,1,АО «ЗападТопливо»,топливная розница,5,f
2657,966,5,2,2026-01-19 22:00:00,2026-01-22 22:00:00,2026-01-25 12:00:00,2026-01-22 22:00:00,134.0,3.0,1,62.0,development,3,9,45.0,1,release,2,Средне-специальное,backend,1,ПО учёта остатков топлива на АЗС и электростанциях,ZAPADTOP-FUEL,1,АО «ЗападТопливо»,топливная розница,5,f
2658,966,9,4,2026-01-25 16:00:00,,2026-02-03 04:00:00,2026-01-28 16:00:00,204.0,3.0,1,132.0,development,3,9,45.0,1,release,5,Бакалавр,qa,1,ПО учёта остатков топлива на АЗС и электростанциях,ZAPADTOP-FUEL,1,АО «ЗападТопливо»,топливная розница,5,f
2659,966,10,9,2026-02-03 10:00:00,2026-02-04 10:00:00,2026-02-04 06:00:00,2026-02-04 10:00:00,20.0,1.0,0,0.0,development,3,9,45.0,1,release,6,Бакалавр,release_manager,1,ПО учёта остатков топлива на АЗС и электростанциях,ZAPADTOP-FUEL,1,АО «ЗападТопливо»,топливная розница,5,f
2660,967,3,7,2026-01-07 08:00:00,2026-01-15 08:00:00,2026-01-17 14:00:00,2026-01-15 08:00:00,246.0,8.0,1,54.0,development,3,7,35.0,1,release,6,Бакалавр,fullstack,1,ПО учёта остатков топлива на АЗС и электростанциях,ZAPADTOP-FUEL,1,АО «ЗападТопливо»,топливная розница,7,f
2661,967,9,4,2026-01-17 15:00:00,,2026-01-27 09:00:00,2026-01-21 15:00:00,234.0,4.0,1,138.0,development,3,7,35.0,1,release,5,Бакалавр,qa,1,ПО учёта остатков топлива на АЗС и электростанциях,ZAPADTOP-FUEL,1,АО «ЗападТопливо»,топливная розница,7,f
2662,967,3,7,2026-01-27 16:00:00,2026-01-29 16:00:00,2026-02-01 13:00:00,2026-01-29 16:00:00,117.0,2.0,1,69.0,development,3,7,35.0,1,release,6,Бакалавр,fullstack,1,ПО учёта остатков топлива на АЗС и электростанциях,ZAPADTOP-FUEL,1,АО «ЗападТопливо»,топливная розница,7,f
2663,967,9,4,2026-02-01 17:00:00,,2026-02-02 17:00:00,2026-02-04 17:00:00,24.0,3.0,0,0.0,development,3,7,35.0,1,release,5,Бакалавр,qa,1,ПО учёта остатков топлива на АЗС и электростанциях,ZAPADTOP-FUEL,1,АО «ЗападТопливо»,топливная розница,7,f
2664,967,3,7,2026-02-03 00:00:00,2026-02-05 00:00:00,2026-02-04 11:00:00,2026-02-05 00:00:00,35.0,2.0,0,0.0,development,3,7,35.0,1,release,6,Бакалавр,fullstack,1,ПО учёта остатков топлива на АЗС и электростанциях,ZAPADTOP-FUEL,1,АО «ЗападТопливо»,топливная розница,7,f
2665,967,9,4,2026-02-04 15:00:00,,2026-02-07 07:00:00,2026-02-09 15:00:00,64.0,5.0,0,0.0,development,3,7,35.0,1,release,5,Бакалавр,qa,1,ПО учёта остатков топлива на АЗС и электростанциях,ZAPADTOP-FUEL,1,АО «ЗападТопливо»,топливная розница,7,f
2666,967,10,9,2026-02-07 12:00:00,2026-02-09 12:00:00,2026-02-08 02:00:00,2026-02-09 12:00:00,14.0,2.0,0,0.0,development,3,7,35.0,1,release,6,Бакалавр,release_manager,1,ПО учёта остатков топлива на АЗС и электростанциях,ZAPADTOP-FUEL,1,АО «ЗападТопливо»,топливная розница,7,f
2667,968,8,1,2025-12-31 00:00:00,2026-01-03 00:00:00,2026-01-07 11:00:00,2026-01-03 00:00:00,179.0,3.0,1,107.0,incident,1,5,30.0,1,release,1,Средне-специальное,frontend,1,ПО учёта остатков топлива на АЗС и электростанциях,ZAPADTOP-FUEL,1,АО «ЗападТопливо»,топливная розница,3,f
2668,968,4,4,2026-01-07 15:00:00,,2026-01-17 13:00:00,2026-01-12 15:00:00,238.0,5.0,1,118.0,incident,1,5,30.0,1,release,4,Бакалавр,qa,1,ПО учёта остатков топлива на АЗС и электростанциях,ZAPADTOP-FUEL,1,АО «ЗападТопливо»,топливная розница,3,f
2669,968,14,9,2026-01-17 19:00:00,2026-01-19 19:00:00,2026-01-19 14:00:00,2026-01-19 19:00:00,43.0,2.0,0,0.0,incident,1,5,30.0,1,release,5,Бакалавр,release_manager,1,ПО учёта остатков топлива на АЗС и электростанциях,ZAPADTOP-FUEL,1,АО «ЗападТопливо»,топливная розница,3,f
2670,969,2,1,2026-01-02 15:00:00,2026-01-06 15:00:00,2026-01-06 08:00:00,2026-01-06 15:00:00,89.0,4.0,0,0.0,development,5,12,36.0,11,release,5,Бакалавр,frontend,6,Система мониторинга резервных топливных складов,REGENERGO-SKLAD,2,ПАО «РегионЭнерго»,энергетика,3,t
2671,969,15,4,2026-01-06 10:00:00,,2026-01-11 23:00:00,2026-01-09 10:00:00,133.0,3.0,1,61.0,development,5,12,36.0,11,release,2,Средне-специальное,qa,6,Система мониторинга резервных топливных складов,REGENERGO-SKLAD,2,ПАО «РегионЭнерго»,энергетика,3,t
2672,969,10,9,2026-01-12 04:00:00,2026-01-13 04:00:00,2026-01-12 20:00:00,2026-01-13 04:00:00,16.0,1.0,0,0.0,development,5,12,36.0,11,release,6,Бакалавр,release_manager,6,Система мониторинга резервных топливных складов,REGENERGO-SKLAD,2,ПАО «РегионЭнерго»,энергетика,3,t
2673,970,3,7,2026-03-12 23:00:00,2026-03-19 23:00:00,2026-03-16 14:00:00,2026-03-19 23:00:00,87.0,7.0,0,0.0,development,1,9,27.0,2,release,6,Бакалавр,fullstack,1,ПО учёта остатков топлива на АЗС и электростанциях,ZAPADTOP-FUEL,1,АО «ЗападТопливо»,топливная розница,9,f
2674,970,9,4,2026-03-16 17:00:00,2026-03-17 17:00:00,2026-03-19 13:00:00,2026-03-17 17:00:00,68.0,1.0,1,44.0,development,1,9,27.0,2,release,5,Бакалавр,qa,1,ПО учёта остатков топлива на АЗС и электростанциях,ZAPADTOP-FUEL,1,АО «ЗападТопливо»,топливная розница,9,f
2675,970,3,7,2026-03-19 17:00:00,2026-03-21 17:00:00,2026-03-21 13:00:00,2026-03-21 17:00:00,44.0,2.0,0,0.0,development,1,9,27.0,2,release,6,Бакалавр,fullstack,1,ПО учёта остатков топлива на АЗС и электростанциях,ZAPADTOP-FUEL,1,АО «ЗападТопливо»,топливная розница,9,f
2676,970,9,4,2026-03-21 15:00:00,2026-03-23 15:00:00,2026-03-27 17:00:00,2026-03-23 15:00:00,146.0,2.0,1,98.0,development,1,9,27.0,2,release,5,Бакалавр,qa,1,ПО учёта остатков топлива на АЗС и электростанциях,ZAPADTOP-FUEL,1,АО «ЗападТопливо»,топливная розница,9,f
2677,970,3,7,2026-03-27 22:00:00,2026-03-29 22:00:00,2026-04-01 09:00:00,2026-03-29 22:00:00,107.0,2.0,1,59.0,development,1,9,27.0,2,release,6,Бакалавр,fullstack,1,ПО учёта остатков топлива на АЗС и электростанциях,ZAPADTOP-FUEL,1,АО «ЗападТопливо»,топливная розница,9,f
2678,970,9,4,2026-04-01 10:00:00,,2026-04-08 22:00:00,2026-04-06 10:00:00,180.0,5.0,1,60.0,development,1,9,27.0,2,release,5,Бакалавр,qa,1,ПО учёта остатков топлива на АЗС и электростанциях,ZAPADTOP-FUEL,1,АО «ЗападТопливо»,топливная розница,9,f
2679,970,3,7,2026-04-09 06:00:00,2026-04-13 06:00:00,2026-04-17 16:00:00,2026-04-13 06:00:00,202.0,4.0,1,106.0,development,1,9,27.0,2,release,6,Бакалавр,fullstack,1,ПО учёта остатков топлива на АЗС и электростанциях,ZAPADTOP-FUEL,1,АО «ЗападТопливо»,топливная розница,9,f
2680,970,9,4,2026-04-17 17:00:00,,2026-04-25 05:00:00,2026-04-22 17:00:00,180.0,5.0,1,60.0,development,1,9,27.0,2,release,5,Бакалавр,qa,1,ПО учёта остатков топлива на АЗС и электростанциях,ZAPADTOP-FUEL,1,АО «ЗападТопливо»,топливная розница,9,f
2733,992,8,1,2026-01-04 18:00:00,2026-01-05 18:00:00,2026-01-09 14:00:00,2026-01-05 18:00:00,116.0,1.0,1,92.0,incident,2,8,48.0,3,release,1,Средне-специальное,frontend,2,Модуль интеграции с датчиками уровня на АЗС,ZAPADTOP-IOT,1,АО «ЗападТопливо»,топливная розница,3,f
2681,970,14,9,2026-04-25 06:00:00,2026-04-26 06:00:00,2026-04-25 17:00:00,2026-04-26 06:00:00,11.0,1.0,0,0.0,development,1,9,27.0,2,release,5,Бакалавр,release_manager,1,ПО учёта остатков топлива на АЗС и электростанциях,ZAPADTOP-FUEL,1,АО «ЗападТопливо»,топливная розница,9,f
2683,973,8,1,2026-03-12 19:00:00,2026-03-16 19:00:00,2026-03-22 05:00:00,2026-03-16 19:00:00,226.0,4.0,1,130.0,development,1,3,18.0,24,release,1,Средне-специальное,frontend,10,Сверка остатков при приёмке на нефтебазе,NEFTEHIM-RCV,3,ООО «НефтехимСервис»,нефтехимия,5,f
2684,973,15,4,2026-03-22 08:00:00,,2026-03-31 01:00:00,2026-03-25 08:00:00,209.0,3.0,1,137.0,development,1,3,18.0,24,release,2,Средне-специальное,qa,10,Сверка остатков при приёмке на нефтебазе,NEFTEHIM-RCV,3,ООО «НефтехимСервис»,нефтехимия,5,f
2685,973,8,1,2026-03-31 06:00:00,2026-04-04 06:00:00,2026-04-08 04:00:00,2026-04-04 06:00:00,190.0,4.0,1,94.0,development,1,3,18.0,24,release,1,Средне-специальное,frontend,10,Сверка остатков при приёмке на нефтебазе,NEFTEHIM-RCV,3,ООО «НефтехимСервис»,нефтехимия,5,f
2686,973,15,4,2026-04-08 06:00:00,,2026-04-12 13:00:00,2026-04-13 06:00:00,103.0,5.0,0,0.0,development,1,3,18.0,24,release,2,Средне-специальное,qa,10,Сверка остатков при приёмке на нефтебазе,NEFTEHIM-RCV,3,ООО «НефтехимСервис»,нефтехимия,5,f
2687,973,14,9,2026-04-12 15:00:00,2026-04-14 15:00:00,2026-04-13 08:00:00,2026-04-14 15:00:00,17.0,2.0,0,0.0,development,1,3,18.0,24,release,5,Бакалавр,release_manager,10,Сверка остатков при приёмке на нефтебазе,NEFTEHIM-RCV,3,ООО «НефтехимСервис»,нефтехимия,5,f
2688,975,13,7,2026-01-06 04:00:00,2026-01-11 04:00:00,2026-01-10 04:00:00,2026-01-11 04:00:00,96.0,5.0,0,0.0,development,2,12,36.0,20,release,3,Средне-специальное,fullstack,9,Логистика перевозок нефтепродуктов,NEFTEHIM-LOG,3,ООО «НефтехимСервис»,нефтехимия,3,f
2689,975,9,4,2026-01-11 00:00:00,,2026-01-13 04:00:00,2026-01-14 00:00:00,52.0,3.0,0,0.0,development,2,12,36.0,20,release,5,Бакалавр,qa,9,Логистика перевозок нефтепродуктов,NEFTEHIM-LOG,3,ООО «НефтехимСервис»,нефтехимия,3,f
2690,975,14,9,2026-01-13 07:00:00,2026-01-15 07:00:00,2026-01-19 19:00:00,2026-01-15 07:00:00,156.0,2.0,1,108.0,development,2,12,36.0,20,release,5,Бакалавр,release_manager,9,Логистика перевозок нефтепродуктов,NEFTEHIM-LOG,3,ООО «НефтехимСервис»,нефтехимия,3,f
2691,976,8,1,2026-03-12 10:00:00,2026-03-15 10:00:00,2026-03-16 07:00:00,2026-03-15 10:00:00,93.0,3.0,1,21.0,incident,5,6,18.0,24,release,1,Средне-специальное,frontend,10,Сверка остатков при приёмке на нефтебазе,NEFTEHIM-RCV,3,ООО «НефтехимСервис»,нефтехимия,3,t
2692,976,9,4,2026-03-16 11:00:00,,2026-03-17 23:00:00,2026-03-19 11:00:00,36.0,3.0,0,0.0,incident,5,6,18.0,24,release,5,Бакалавр,qa,10,Сверка остатков при приёмке на нефтебазе,NEFTEHIM-RCV,3,ООО «НефтехимСервис»,нефтехимия,3,t
2693,976,10,9,2026-03-18 05:00:00,2026-03-20 05:00:00,2026-03-23 00:00:00,2026-03-20 05:00:00,115.0,2.0,1,67.0,incident,5,6,18.0,24,release,6,Бакалавр,release_manager,10,Сверка остатков при приёмке на нефтебазе,NEFTEHIM-RCV,3,ООО «НефтехимСервис»,нефтехимия,3,t
2694,977,6,3,2026-01-06 03:00:00,2026-01-13 03:00:00,2026-01-11 22:00:00,2026-01-13 03:00:00,139.0,7.0,0,0.0,development,1,13,65.0,7,release,3,Бакалавр,design,4,Отчётность по остаткам для Ростехнадзора,ZAPADTOP-RTN,1,АО «ЗападТопливо»,топливная розница,3,f
2695,977,4,4,2026-01-12 00:00:00,,2026-01-17 22:00:00,2026-01-15 00:00:00,142.0,3.0,1,70.0,development,1,13,65.0,7,release,4,Бакалавр,qa,4,Отчётность по остаткам для Ростехнадзора,ZAPADTOP-RTN,1,АО «ЗападТопливо»,топливная розница,3,f
2696,977,14,9,2026-01-18 00:00:00,2026-01-19 00:00:00,2026-01-18 21:00:00,2026-01-19 00:00:00,21.0,1.0,0,0.0,development,1,13,65.0,7,release,5,Бакалавр,release_manager,4,Отчётность по остаткам для Ростехнадзора,ZAPADTOP-RTN,1,АО «ЗападТопливо»,топливная розница,3,f
2698,979,5,2,2026-01-02 02:00:00,2026-01-09 02:00:00,2026-01-07 23:00:00,2026-01-09 02:00:00,141.0,7.0,0,0.0,development,3,9,27.0,11,release,2,Средне-специальное,backend,6,Система мониторинга резервных топливных складов,REGENERGO-SKLAD,2,ПАО «РегионЭнерго»,энергетика,3,f
2699,979,15,4,2026-01-08 01:00:00,,2026-01-09 20:00:00,2026-01-13 01:00:00,43.0,5.0,0,0.0,development,3,9,27.0,11,release,2,Средне-специальное,qa,6,Система мониторинга резервных топливных складов,REGENERGO-SKLAD,2,ПАО «РегионЭнерго»,энергетика,3,f
2700,979,14,9,2026-01-10 01:00:00,2026-01-12 01:00:00,2026-01-11 07:00:00,2026-01-12 01:00:00,30.0,2.0,0,0.0,development,3,9,27.0,11,release,5,Бакалавр,release_manager,6,Система мониторинга резервных топливных складов,REGENERGO-SKLAD,2,ПАО «РегионЭнерго»,энергетика,3,f
2702,981,5,2,2025-12-31 18:00:00,2026-01-10 18:00:00,2026-01-07 00:00:00,2026-01-10 18:00:00,150.0,10.0,0,0.0,development,2,1,5.0,25,release,2,Средне-специальное,backend,11,Аналитика и отчёты для руководства,NEFTEHIM-BI,3,ООО «НефтехимСервис»,нефтехимия,3,f
2703,981,4,4,2026-01-07 01:00:00,2026-01-10 01:00:00,2026-01-14 16:00:00,2026-01-10 01:00:00,183.0,3.0,1,111.0,development,2,1,5.0,25,release,4,Бакалавр,qa,11,Аналитика и отчёты для руководства,NEFTEHIM-BI,3,ООО «НефтехимСервис»,нефтехимия,3,f
2704,981,10,9,2026-01-14 22:00:00,2026-01-16 22:00:00,2026-01-19 10:00:00,2026-01-16 22:00:00,108.0,2.0,1,60.0,development,2,1,5.0,25,release,6,Бакалавр,release_manager,11,Аналитика и отчёты для руководства,NEFTEHIM-BI,3,ООО «НефтехимСервис»,нефтехимия,3,f
2705,982,1,2,2026-01-08 14:00:00,2026-01-10 14:00:00,2026-01-15 14:00:00,2026-01-10 14:00:00,168.0,2.0,1,120.0,incident,1,5,25.0,11,release,8,Специалист,backend,6,Система мониторинга резервных топливных складов,REGENERGO-SKLAD,2,ПАО «РегионЭнерго»,энергетика,5,f
2706,982,9,4,2026-01-15 18:00:00,,2026-01-24 22:00:00,2026-01-20 18:00:00,220.0,5.0,1,100.0,incident,1,5,25.0,11,release,5,Бакалавр,qa,6,Система мониторинга резервных топливных складов,REGENERGO-SKLAD,2,ПАО «РегионЭнерго»,энергетика,5,f
2707,982,1,2,2026-01-25 01:00:00,2026-01-27 01:00:00,2026-01-31 15:00:00,2026-01-27 01:00:00,158.0,2.0,1,110.0,incident,1,5,25.0,11,release,8,Специалист,backend,6,Система мониторинга резервных топливных складов,REGENERGO-SKLAD,2,ПАО «РегионЭнерго»,энергетика,5,f
2708,982,9,4,2026-01-31 17:00:00,2026-02-01 17:00:00,2026-02-05 13:00:00,2026-02-01 17:00:00,116.0,1.0,1,92.0,incident,1,5,25.0,11,release,5,Бакалавр,qa,6,Система мониторинга резервных топливных складов,REGENERGO-SKLAD,2,ПАО «РегионЭнерго»,энергетика,5,f
2709,982,10,9,2026-02-05 14:00:00,2026-02-07 14:00:00,2026-02-06 05:00:00,2026-02-07 14:00:00,15.0,2.0,0,0.0,incident,1,5,25.0,11,release,6,Бакалавр,release_manager,6,Система мониторинга резервных топливных складов,REGENERGO-SKLAD,2,ПАО «РегионЭнерго»,энергетика,5,f
2710,983,11,2,2026-01-07 08:00:00,2026-01-09 08:00:00,2026-01-11 14:00:00,2026-01-09 08:00:00,102.0,2.0,1,54.0,incident,2,9,54.0,14,being_tested,0,Средне-специальное,backend,7,Интеграция с SCADA энергообъектов,REGENERGO-SCADA,2,ПАО «РегионЭнерго»,энергетика,2,f
2712,984,3,7,2026-01-06 21:00:00,2026-01-09 21:00:00,2026-01-10 06:00:00,2026-01-09 21:00:00,81.0,3.0,1,9.0,development,2,2,8.0,10,release,6,Бакалавр,fullstack,5,Учёт топлива на котельных и ТЭЦ,REGENERGO-TEC,2,ПАО «РегионЭнерго»,энергетика,3,f
2713,984,4,4,2026-01-10 08:00:00,2026-01-13 08:00:00,2026-01-16 13:00:00,2026-01-13 08:00:00,149.0,3.0,1,77.0,development,2,2,8.0,10,release,4,Бакалавр,qa,5,Учёт топлива на котельных и ТЭЦ,REGENERGO-TEC,2,ПАО «РегионЭнерго»,энергетика,3,f
2714,984,10,9,2026-01-16 16:00:00,2026-01-18 16:00:00,2026-01-20 03:00:00,2026-01-18 16:00:00,83.0,2.0,1,35.0,development,2,2,8.0,10,release,6,Бакалавр,release_manager,5,Учёт топлива на котельных и ТЭЦ,REGENERGO-TEC,2,ПАО «РегионЭнерго»,энергетика,3,f
2715,985,6,3,2026-03-13 06:00:00,2026-03-15 06:00:00,2026-03-20 00:00:00,2026-03-15 06:00:00,162.0,2.0,1,114.0,incident,3,1,5.0,12,release,3,Бакалавр,design,6,Система мониторинга резервных топливных складов,REGENERGO-SKLAD,2,ПАО «РегионЭнерго»,энергетика,3,f
2716,985,15,4,2026-03-20 02:00:00,2026-03-22 02:00:00,2026-03-22 11:00:00,2026-03-22 02:00:00,57.0,2.0,1,9.0,incident,3,1,5.0,12,release,2,Средне-специальное,qa,6,Система мониторинга резервных топливных складов,REGENERGO-SKLAD,2,ПАО «РегионЭнерго»,энергетика,3,f
2717,985,10,9,2026-03-22 16:00:00,2026-03-23 16:00:00,2026-03-23 13:00:00,2026-03-23 16:00:00,21.0,1.0,0,0.0,incident,3,1,5.0,12,release,6,Бакалавр,release_manager,6,Система мониторинга резервных топливных складов,REGENERGO-SKLAD,2,ПАО «РегионЭнерго»,энергетика,3,f
2718,986,6,3,2026-05-07 13:00:00,2026-05-16 13:00:00,2026-05-21 17:00:00,2026-05-16 13:00:00,340.0,9.0,1,124.0,development,1,7,21.0,16,release,3,Бакалавр,design,7,Интеграция с SCADA энергообъектов,REGENERGO-SCADA,2,ПАО «РегионЭнерго»,энергетика,3,f
2719,986,9,4,2026-05-21 21:00:00,,2026-05-29 15:00:00,2026-05-26 21:00:00,186.0,5.0,1,66.0,development,1,7,21.0,16,release,5,Бакалавр,qa,7,Интеграция с SCADA энергообъектов,REGENERGO-SCADA,2,ПАО «РегионЭнерго»,энергетика,3,f
2720,986,10,9,2026-05-29 21:00:00,2026-05-31 21:00:00,2026-05-31 03:00:00,2026-05-31 21:00:00,30.0,2.0,0,0.0,development,1,7,21.0,16,release,6,Бакалавр,release_manager,7,Интеграция с SCADA энергообъектов,REGENERGO-SCADA,2,ПАО «РегионЭнерго»,энергетика,3,f
2721,988,13,7,2026-05-07 11:00:00,2026-05-10 11:00:00,2026-05-09 20:00:00,2026-05-10 11:00:00,57.0,3.0,0,0.0,development,1,5,15.0,13,being_tested,3,Средне-специальное,fullstack,6,Система мониторинга резервных топливных складов,REGENERGO-SKLAD,2,ПАО «РегионЭнерго»,энергетика,2,f
2723,989,3,7,2026-01-01 02:00:00,2026-01-05 02:00:00,2026-01-03 22:00:00,2026-01-05 02:00:00,68.0,4.0,0,0.0,development,5,12,36.0,1,release,6,Бакалавр,fullstack,1,ПО учёта остатков топлива на АЗС и электростанциях,ZAPADTOP-FUEL,1,АО «ЗападТопливо»,топливная розница,7,t
2724,989,4,4,2026-01-04 01:00:00,2026-01-06 01:00:00,2026-01-05 21:00:00,2026-01-06 01:00:00,44.0,2.0,0,0.0,development,5,12,36.0,1,release,4,Бакалавр,qa,1,ПО учёта остатков топлива на АЗС и электростанциях,ZAPADTOP-FUEL,1,АО «ЗападТопливо»,топливная розница,7,t
2725,989,3,7,2026-01-06 00:00:00,2026-01-10 00:00:00,2026-01-12 12:00:00,2026-01-10 00:00:00,156.0,4.0,1,60.0,development,5,12,36.0,1,release,6,Бакалавр,fullstack,1,ПО учёта остатков топлива на АЗС и электростанциях,ZAPADTOP-FUEL,1,АО «ЗападТопливо»,топливная розница,7,t
2726,989,4,4,2026-01-12 13:00:00,2026-01-13 13:00:00,2026-01-18 02:00:00,2026-01-13 13:00:00,133.0,1.0,1,109.0,development,5,12,36.0,1,release,4,Бакалавр,qa,1,ПО учёта остатков топлива на АЗС и электростанциях,ZAPADTOP-FUEL,1,АО «ЗападТопливо»,топливная розница,7,t
2727,989,3,7,2026-01-18 06:00:00,2026-01-23 06:00:00,2026-01-26 16:00:00,2026-01-23 06:00:00,202.0,5.0,1,82.0,development,5,12,36.0,1,release,6,Бакалавр,fullstack,1,ПО учёта остатков топлива на АЗС и электростанциях,ZAPADTOP-FUEL,1,АО «ЗападТопливо»,топливная розница,7,t
2728,989,4,4,2026-01-26 20:00:00,2026-01-28 20:00:00,2026-01-31 08:00:00,2026-01-28 20:00:00,108.0,2.0,1,60.0,development,5,12,36.0,1,release,4,Бакалавр,qa,1,ПО учёта остатков топлива на АЗС и электростанциях,ZAPADTOP-FUEL,1,АО «ЗападТопливо»,топливная розница,7,t
2729,989,10,9,2026-01-31 11:00:00,2026-02-02 11:00:00,2026-02-02 06:00:00,2026-02-02 11:00:00,43.0,2.0,0,0.0,development,5,12,36.0,1,release,6,Бакалавр,release_manager,1,ПО учёта остатков топлива на АЗС и электростанциях,ZAPADTOP-FUEL,1,АО «ЗападТопливо»,топливная розница,7,t
2730,991,2,1,2026-01-09 06:00:00,2026-01-11 06:00:00,2026-01-15 22:00:00,2026-01-11 06:00:00,160.0,2.0,1,112.0,incident,2,6,24.0,3,release,5,Бакалавр,frontend,2,Модуль интеграции с датчиками уровня на АЗС,ZAPADTOP-IOT,1,АО «ЗападТопливо»,топливная розница,3,f
2731,991,4,4,2026-01-16 02:00:00,2026-01-17 02:00:00,2026-01-22 15:00:00,2026-01-17 02:00:00,157.0,1.0,1,133.0,incident,2,6,24.0,3,release,4,Бакалавр,qa,2,Модуль интеграции с датчиками уровня на АЗС,ZAPADTOP-IOT,1,АО «ЗападТопливо»,топливная розница,3,f
2732,991,10,9,2026-01-22 20:00:00,2026-01-23 20:00:00,2026-01-25 05:00:00,2026-01-23 20:00:00,57.0,1.0,1,33.0,incident,2,6,24.0,3,release,6,Бакалавр,release_manager,2,Модуль интеграции с датчиками уровня на АЗС,ZAPADTOP-IOT,1,АО «ЗападТопливо»,топливная розница,3,f
2734,992,4,4,2026-01-09 15:00:00,,2026-01-17 21:00:00,2026-01-14 15:00:00,198.0,5.0,1,78.0,incident,2,8,48.0,3,release,4,Бакалавр,qa,2,Модуль интеграции с датчиками уровня на АЗС,ZAPADTOP-IOT,1,АО «ЗападТопливо»,топливная розница,3,f
2735,992,14,9,2026-01-18 00:00:00,2026-01-20 00:00:00,2026-01-19 12:00:00,2026-01-20 00:00:00,36.0,2.0,0,0.0,incident,2,8,48.0,3,release,5,Бакалавр,release_manager,2,Модуль интеграции с датчиками уровня на АЗС,ZAPADTOP-IOT,1,АО «ЗападТопливо»,топливная розница,3,f
2736,993,1,2,2026-05-01 13:00:00,2026-05-11 13:00:00,2026-05-16 07:00:00,2026-05-11 13:00:00,354.0,10.0,1,114.0,development,3,3,18.0,19,release,8,Специалист,backend,8,Портал заявок на доработку от эксплуатации,REGENERGO-REQ,2,ПАО «РегионЭнерго»,энергетика,5,f
2737,993,4,4,2026-05-16 09:00:00,,2026-05-25 04:00:00,2026-05-20 09:00:00,211.0,4.0,1,115.0,development,3,3,18.0,19,release,4,Бакалавр,qa,8,Портал заявок на доработку от эксплуатации,REGENERGO-REQ,2,ПАО «РегионЭнерго»,энергетика,5,f
2738,993,1,2,2026-05-25 09:00:00,2026-05-29 09:00:00,2026-05-28 16:00:00,2026-05-29 09:00:00,79.0,4.0,0,0.0,development,3,3,18.0,19,release,8,Специалист,backend,8,Портал заявок на доработку от эксплуатации,REGENERGO-REQ,2,ПАО «РегионЭнерго»,энергетика,5,f
2739,993,4,4,2026-05-28 19:00:00,,2026-05-31 22:00:00,2026-06-02 19:00:00,75.0,5.0,0,0.0,development,3,3,18.0,19,release,4,Бакалавр,qa,8,Портал заявок на доработку от эксплуатации,REGENERGO-REQ,2,ПАО «РегионЭнерго»,энергетика,5,f
2740,993,10,9,2026-06-01 01:00:00,2026-06-03 01:00:00,2026-06-02 16:00:00,2026-06-03 01:00:00,39.0,2.0,0,0.0,development,3,3,18.0,19,release,6,Бакалавр,release_manager,8,Портал заявок на доработку от эксплуатации,REGENERGO-REQ,2,ПАО «РегионЭнерго»,энергетика,5,f
2741,994,5,2,2026-03-09 13:00:00,2026-03-10 13:00:00,2026-03-12 02:00:00,2026-03-10 13:00:00,61.0,1.0,1,37.0,incident,3,9,45.0,12,release,2,Средне-специальное,backend,6,Система мониторинга резервных топливных складов,REGENERGO-SKLAD,2,ПАО «РегионЭнерго»,энергетика,3,f
2742,994,15,4,2026-03-12 03:00:00,2026-03-13 03:00:00,2026-03-14 14:00:00,2026-03-13 03:00:00,59.0,1.0,1,35.0,incident,3,9,45.0,12,release,2,Средне-специальное,qa,6,Система мониторинга резервных топливных складов,REGENERGO-SKLAD,2,ПАО «РегионЭнерго»,энергетика,3,f
2743,994,14,9,2026-03-14 15:00:00,2026-03-15 15:00:00,2026-03-15 10:00:00,2026-03-15 15:00:00,19.0,1.0,0,0.0,incident,3,9,45.0,12,release,5,Бакалавр,release_manager,6,Система мониторинга резервных топливных складов,REGENERGO-SKLAD,2,ПАО «РегионЭнерго»,энергетика,3,f
2744,995,6,3,2025-12-30 08:00:00,2026-01-06 08:00:00,2026-01-05 00:00:00,2026-01-06 08:00:00,136.0,7.0,0,0.0,development,3,13,39.0,3,release,3,Бакалавр,design,2,Модуль интеграции с датчиками уровня на АЗС,ZAPADTOP-IOT,1,АО «ЗападТопливо»,топливная розница,3,f
2745,995,4,4,2026-01-05 03:00:00,2026-01-08 03:00:00,2026-01-10 09:00:00,2026-01-08 03:00:00,126.0,3.0,1,54.0,development,3,13,39.0,3,release,4,Бакалавр,qa,2,Модуль интеграции с датчиками уровня на АЗС,ZAPADTOP-IOT,1,АО «ЗападТопливо»,топливная розница,3,f
2746,995,14,9,2026-01-10 15:00:00,2026-01-12 15:00:00,2026-01-16 02:00:00,2026-01-12 15:00:00,131.0,2.0,1,83.0,development,3,13,39.0,3,release,5,Бакалавр,release_manager,2,Модуль интеграции с датчиками уровня на АЗС,ZAPADTOP-IOT,1,АО «ЗападТопливо»,топливная розница,3,f
2747,996,6,3,2026-01-04 10:00:00,2026-01-07 10:00:00,2026-01-07 05:00:00,2026-01-07 10:00:00,67.0,3.0,0,0.0,development,3,5,30.0,1,release,3,Бакалавр,design,1,ПО учёта остатков топлива на АЗС и электростанциях,ZAPADTOP-FUEL,1,АО «ЗападТопливо»,топливная розница,3,f
2748,996,4,4,2026-01-07 09:00:00,,2026-01-11 17:00:00,2026-01-12 09:00:00,104.0,5.0,0,0.0,development,3,5,30.0,1,release,4,Бакалавр,qa,1,ПО учёта остатков топлива на АЗС и электростанциях,ZAPADTOP-FUEL,1,АО «ЗападТопливо»,топливная розница,3,f
2749,996,10,9,2026-01-11 19:00:00,2026-01-12 19:00:00,2026-01-12 10:00:00,2026-01-12 19:00:00,15.0,1.0,0,0.0,development,3,5,30.0,1,release,6,Бакалавр,release_manager,1,ПО учёта остатков топлива на АЗС и электростанциях,ZAPADTOP-FUEL,1,АО «ЗападТопливо»,топливная розница,3,f
2751,1000,11,2,2025-12-31 16:00:00,2026-01-05 16:00:00,2026-01-03 10:00:00,2026-01-05 16:00:00,66.0,5.0,0,0.0,development,5,13,52.0,3,release,0,Средне-специальное,backend,2,Модуль интеграции с датчиками уровня на АЗС,ZAPADTOP-IOT,1,АО «ЗападТопливо»,топливная розница,3,t
2752,1000,9,4,2026-01-04 11:00:00,2026-01-07 11:00:00,2026-01-12 06:00:00,2026-01-07 11:00:00,187.0,3.0,1,115.0,development,5,13,52.0,3,release,5,Бакалавр,qa,2,Модуль интеграции с датчиками уровня на АЗС,ZAPADTOP-IOT,1,АО «ЗападТопливо»,топливная розница,3,t
2753,1000,14,9,2026-01-12 07:00:00,2026-01-14 07:00:00,2026-01-13 11:00:00,2026-01-14 07:00:00,28.0,2.0,0,0.0,development,5,13,52.0,3,release,5,Бакалавр,release_manager,2,Модуль интеграции с датчиками уровня на АЗС,ZAPADTOP-IOT,1,АО «ЗападТопливо»,топливная розница,3,t
2754,1001,6,3,2026-01-09 03:00:00,2026-01-19 03:00:00,2026-01-21 13:00:00,2026-01-19 03:00:00,298.0,10.0,1,58.0,development,4,7,28.0,3,release,3,Бакалавр,design,2,Модуль интеграции с датчиками уровня на АЗС,ZAPADTOP-IOT,1,АО «ЗападТопливо»,топливная розница,3,t
2755,1001,4,4,2026-01-21 14:00:00,2026-01-23 14:00:00,2026-01-25 11:00:00,2026-01-23 14:00:00,93.0,2.0,1,45.0,development,4,7,28.0,3,release,4,Бакалавр,qa,2,Модуль интеграции с датчиками уровня на АЗС,ZAPADTOP-IOT,1,АО «ЗападТопливо»,топливная розница,3,t
2756,1001,10,9,2026-01-25 17:00:00,2026-01-26 17:00:00,2026-01-26 03:00:00,2026-01-26 17:00:00,10.0,1.0,0,0.0,development,4,7,28.0,3,release,6,Бакалавр,release_manager,2,Модуль интеграции с датчиками уровня на АЗС,ZAPADTOP-IOT,1,АО «ЗападТопливо»,топливная розница,3,t
2757,1002,13,7,2026-03-10 07:00:00,2026-03-14 07:00:00,2026-03-16 04:00:00,2026-03-14 07:00:00,141.0,4.0,1,45.0,development,2,3,9.0,18,being_tested,3,Средне-специальное,fullstack,8,Портал заявок на доработку от эксплуатации,REGENERGO-REQ,2,ПАО «РегионЭнерго»,энергетика,2,f
2759,1003,2,1,2026-03-12 06:00:00,2026-03-22 06:00:00,2026-03-19 15:00:00,2026-03-22 06:00:00,177.0,10.0,0,0.0,development,2,8,32.0,12,release,5,Бакалавр,frontend,6,Система мониторинга резервных топливных складов,REGENERGO-SKLAD,2,ПАО «РегионЭнерго»,энергетика,7,f
2760,1003,9,4,2026-03-19 17:00:00,,2026-03-27 04:00:00,2026-03-24 17:00:00,179.0,5.0,1,59.0,development,2,8,32.0,12,release,5,Бакалавр,qa,6,Система мониторинга резервных топливных складов,REGENERGO-SKLAD,2,ПАО «РегионЭнерго»,энергетика,7,f
2761,1003,2,1,2026-03-27 08:00:00,2026-04-01 08:00:00,2026-03-28 23:00:00,2026-04-01 08:00:00,39.0,5.0,0,0.0,development,2,8,32.0,12,release,5,Бакалавр,frontend,6,Система мониторинга резервных топливных складов,REGENERGO-SKLAD,2,ПАО «РегионЭнерго»,энергетика,7,f
2762,1003,9,4,2026-03-29 00:00:00,,2026-04-04 03:00:00,2026-04-01 00:00:00,147.0,3.0,1,75.0,development,2,8,32.0,12,release,5,Бакалавр,qa,6,Система мониторинга резервных топливных складов,REGENERGO-SKLAD,2,ПАО «РегионЭнерго»,энергетика,7,f
2763,1003,2,1,2026-04-04 08:00:00,2026-04-08 08:00:00,2026-04-12 06:00:00,2026-04-08 08:00:00,190.0,4.0,1,94.0,development,2,8,32.0,12,release,5,Бакалавр,frontend,6,Система мониторинга резервных топливных складов,REGENERGO-SKLAD,2,ПАО «РегионЭнерго»,энергетика,7,f
2764,1003,9,4,2026-04-12 07:00:00,,2026-04-19 23:00:00,2026-04-15 07:00:00,184.0,3.0,1,112.0,development,2,8,32.0,12,release,5,Бакалавр,qa,6,Система мониторинга резервных топливных складов,REGENERGO-SKLAD,2,ПАО «РегионЭнерго»,энергетика,7,f
2765,1003,14,9,2026-04-20 04:00:00,2026-04-21 04:00:00,2026-04-20 20:00:00,2026-04-21 04:00:00,16.0,1.0,0,0.0,development,2,8,32.0,12,release,5,Бакалавр,release_manager,6,Система мониторинга резервных топливных складов,REGENERGO-SKLAD,2,ПАО «РегионЭнерго»,энергетика,7,f
2766,1004,5,2,2026-03-04 13:00:00,2026-03-08 13:00:00,2026-03-11 19:00:00,2026-03-08 13:00:00,174.0,4.0,1,78.0,development,3,6,24.0,24,release,2,Средне-специальное,backend,10,Сверка остатков при приёмке на нефтебазе,NEFTEHIM-RCV,3,ООО «НефтехимСервис»,нефтехимия,5,f
2767,1004,4,4,2026-03-11 23:00:00,2026-03-12 23:00:00,2026-03-15 21:00:00,2026-03-12 23:00:00,94.0,1.0,1,70.0,development,3,6,24.0,24,release,4,Бакалавр,qa,10,Сверка остатков при приёмке на нефтебазе,NEFTEHIM-RCV,3,ООО «НефтехимСервис»,нефтехимия,5,f
2768,1004,5,2,2026-03-16 03:00:00,2026-03-20 03:00:00,2026-03-25 22:00:00,2026-03-20 03:00:00,235.0,4.0,1,139.0,development,3,6,24.0,24,release,2,Средне-специальное,backend,10,Сверка остатков при приёмке на нефтебазе,NEFTEHIM-RCV,3,ООО «НефтехимСервис»,нефтехимия,5,f
2769,1004,4,4,2026-03-25 23:00:00,,2026-03-29 21:00:00,2026-03-30 23:00:00,94.0,5.0,0,0.0,development,3,6,24.0,24,release,4,Бакалавр,qa,10,Сверка остатков при приёмке на нефтебазе,NEFTEHIM-RCV,3,ООО «НефтехимСервис»,нефтехимия,5,f
2770,1004,14,9,2026-03-29 23:00:00,2026-03-31 23:00:00,2026-03-30 21:00:00,2026-03-31 23:00:00,22.0,2.0,0,0.0,development,3,6,24.0,24,release,5,Бакалавр,release_manager,10,Сверка остатков при приёмке на нефтебазе,NEFTEHIM-RCV,3,ООО «НефтехимСервис»,нефтехимия,5,f
2771,1005,2,1,2026-01-02 14:00:00,2026-01-09 14:00:00,2026-01-05 20:00:00,2026-01-09 14:00:00,78.0,7.0,0,0.0,development,2,7,42.0,3,release,5,Бакалавр,frontend,2,Модуль интеграции с датчиками уровня на АЗС,ZAPADTOP-IOT,1,АО «ЗападТопливо»,топливная розница,3,f
2772,1005,4,4,2026-01-05 22:00:00,,2026-01-10 04:00:00,2026-01-08 22:00:00,102.0,3.0,1,30.0,development,2,7,42.0,3,release,4,Бакалавр,qa,2,Модуль интеграции с датчиками уровня на АЗС,ZAPADTOP-IOT,1,АО «ЗападТопливо»,топливная розница,3,f
2773,1005,10,9,2026-01-10 08:00:00,2026-01-12 08:00:00,2026-01-11 16:00:00,2026-01-12 08:00:00,32.0,2.0,0,0.0,development,2,7,42.0,3,release,6,Бакалавр,release_manager,2,Модуль интеграции с датчиками уровня на АЗС,ZAPADTOP-IOT,1,АО «ЗападТопливо»,топливная розница,3,f
2774,1006,13,7,2025-12-30 14:00:00,2026-01-02 14:00:00,2026-01-05 19:00:00,2026-01-02 14:00:00,149.0,3.0,1,77.0,development,3,11,66.0,3,release,3,Средне-специальное,fullstack,2,Модуль интеграции с датчиками уровня на АЗС,ZAPADTOP-IOT,1,АО «ЗападТопливо»,топливная розница,3,f
2775,1006,4,4,2026-01-05 21:00:00,,2026-01-13 04:00:00,2026-01-08 21:00:00,175.0,3.0,1,103.0,development,3,11,66.0,3,release,4,Бакалавр,qa,2,Модуль интеграции с датчиками уровня на АЗС,ZAPADTOP-IOT,1,АО «ЗападТопливо»,топливная розница,3,f
2776,1006,14,9,2026-01-13 10:00:00,2026-01-15 10:00:00,2026-01-14 20:00:00,2026-01-15 10:00:00,34.0,2.0,0,0.0,development,3,11,66.0,3,release,5,Бакалавр,release_manager,2,Модуль интеграции с датчиками уровня на АЗС,ZAPADTOP-IOT,1,АО «ЗападТопливо»,топливная розница,3,f
2777,1007,6,3,2026-03-10 09:00:00,2026-03-12 09:00:00,2026-03-14 19:00:00,2026-03-12 09:00:00,106.0,2.0,1,58.0,incident,1,6,18.0,28,release,3,Бакалавр,design,12,Мобильное приложение для инспекторов АЗС,NEFTEHIM-MOB,3,ООО «НефтехимСервис»,нефтехимия,7,f
2778,1007,4,4,2026-03-14 20:00:00,2026-03-17 20:00:00,2026-03-20 14:00:00,2026-03-17 20:00:00,138.0,3.0,1,66.0,incident,1,6,18.0,28,release,4,Бакалавр,qa,12,Мобильное приложение для инспекторов АЗС,NEFTEHIM-MOB,3,ООО «НефтехимСервис»,нефтехимия,7,f
2779,1007,6,3,2026-03-20 17:00:00,2026-03-24 17:00:00,2026-03-25 14:00:00,2026-03-24 17:00:00,117.0,4.0,1,21.0,incident,1,6,18.0,28,release,3,Бакалавр,design,12,Мобильное приложение для инспекторов АЗС,NEFTEHIM-MOB,3,ООО «НефтехимСервис»,нефтехимия,7,f
2780,1007,4,4,2026-03-25 17:00:00,,2026-04-02 18:00:00,2026-03-30 17:00:00,193.0,5.0,1,73.0,incident,1,6,18.0,28,release,4,Бакалавр,qa,12,Мобильное приложение для инспекторов АЗС,NEFTEHIM-MOB,3,ООО «НефтехимСервис»,нефтехимия,7,f
2781,1007,6,3,2026-04-02 21:00:00,2026-04-07 21:00:00,2026-04-12 03:00:00,2026-04-07 21:00:00,222.0,5.0,1,102.0,incident,1,6,18.0,28,release,3,Бакалавр,design,12,Мобильное приложение для инспекторов АЗС,NEFTEHIM-MOB,3,ООО «НефтехимСервис»,нефтехимия,7,f
2782,1007,4,4,2026-04-12 04:00:00,,2026-04-14 02:00:00,2026-04-15 04:00:00,46.0,3.0,0,0.0,incident,1,6,18.0,28,release,4,Бакалавр,qa,12,Мобильное приложение для инспекторов АЗС,NEFTEHIM-MOB,3,ООО «НефтехимСервис»,нефтехимия,7,f
2783,1007,10,9,2026-04-14 07:00:00,2026-04-16 07:00:00,2026-04-20 01:00:00,2026-04-16 07:00:00,138.0,2.0,1,90.0,incident,1,6,18.0,28,release,6,Бакалавр,release_manager,12,Мобильное приложение для инспекторов АЗС,NEFTEHIM-MOB,3,ООО «НефтехимСервис»,нефтехимия,7,f
2785,1010,2,1,2026-01-04 07:00:00,2026-01-12 07:00:00,2026-01-10 02:00:00,2026-01-12 07:00:00,139.0,8.0,0,0.0,development,1,11,55.0,5,release,5,Бакалавр,frontend,3,Личный кабинет оператора заправки,ZAPADTOP-LK,1,АО «ЗападТопливо»,топливная розница,3,f
2786,1010,4,4,2026-01-10 04:00:00,,2026-01-16 09:00:00,2026-01-14 04:00:00,149.0,4.0,1,53.0,development,1,11,55.0,5,release,4,Бакалавр,qa,3,Личный кабинет оператора заправки,ZAPADTOP-LK,1,АО «ЗападТопливо»,топливная розница,3,f
2787,1010,14,9,2026-01-16 15:00:00,2026-01-17 15:00:00,2026-01-17 06:00:00,2026-01-17 15:00:00,15.0,1.0,0,0.0,development,1,11,55.0,5,release,5,Бакалавр,release_manager,3,Личный кабинет оператора заправки,ZAPADTOP-LK,1,АО «ЗападТопливо»,топливная розница,3,f
2789,1013,8,1,2026-03-05 09:00:00,2026-03-08 09:00:00,2026-03-07 15:00:00,2026-03-08 09:00:00,54.0,3.0,0,0.0,development,5,4,20.0,4,release,1,Средне-специальное,frontend,2,Модуль интеграции с датчиками уровня на АЗС,ZAPADTOP-IOT,1,АО «ЗападТопливо»,топливная розница,3,t
2790,1013,9,4,2026-03-07 19:00:00,2026-03-08 19:00:00,2026-03-08 12:00:00,2026-03-08 19:00:00,17.0,1.0,0,0.0,development,5,4,20.0,4,release,5,Бакалавр,qa,2,Модуль интеграции с датчиками уровня на АЗС,ZAPADTOP-IOT,1,АО «ЗападТопливо»,топливная розница,3,t
2791,1013,10,9,2026-03-08 15:00:00,2026-03-09 15:00:00,2026-03-12 08:00:00,2026-03-09 15:00:00,89.0,1.0,1,65.0,development,5,4,20.0,4,release,6,Бакалавр,release_manager,2,Модуль интеграции с датчиками уровня на АЗС,ZAPADTOP-IOT,1,АО «ЗападТопливо»,топливная розница,3,t
2792,1014,6,3,2025-12-31 22:00:00,2026-01-02 22:00:00,2026-01-05 22:00:00,2026-01-02 22:00:00,120.0,2.0,1,72.0,incident,1,6,30.0,20,release,3,Бакалавр,design,9,Логистика перевозок нефтепродуктов,NEFTEHIM-LOG,3,ООО «НефтехимСервис»,нефтехимия,7,f
2793,1014,9,4,2026-01-05 23:00:00,,2026-01-07 06:00:00,2026-01-08 23:00:00,31.0,3.0,0,0.0,incident,1,6,30.0,20,release,5,Бакалавр,qa,9,Логистика перевозок нефтепродуктов,NEFTEHIM-LOG,3,ООО «НефтехимСервис»,нефтехимия,7,f
2794,1014,6,3,2026-01-07 14:00:00,2026-01-12 14:00:00,2026-01-16 20:00:00,2026-01-12 14:00:00,222.0,5.0,1,102.0,incident,1,6,30.0,20,release,3,Бакалавр,design,9,Логистика перевозок нефтепродуктов,NEFTEHIM-LOG,3,ООО «НефтехимСервис»,нефтехимия,7,f
2795,1014,9,4,2026-01-16 22:00:00,,2026-01-26 03:00:00,2026-01-21 22:00:00,221.0,5.0,1,101.0,incident,1,6,30.0,20,release,5,Бакалавр,qa,9,Логистика перевозок нефтепродуктов,NEFTEHIM-LOG,3,ООО «НефтехимСервис»,нефтехимия,7,f
2796,1014,6,3,2026-01-26 08:00:00,2026-01-29 08:00:00,2026-01-27 21:00:00,2026-01-29 08:00:00,37.0,3.0,0,0.0,incident,1,6,30.0,20,release,3,Бакалавр,design,9,Логистика перевозок нефтепродуктов,NEFTEHIM-LOG,3,ООО «НефтехимСервис»,нефтехимия,7,f
2797,1014,9,4,2026-01-28 00:00:00,,2026-02-03 15:00:00,2026-02-02 00:00:00,159.0,5.0,1,39.0,incident,1,6,30.0,20,release,5,Бакалавр,qa,9,Логистика перевозок нефтепродуктов,NEFTEHIM-LOG,3,ООО «НефтехимСервис»,нефтехимия,7,f
2798,1014,10,9,2026-02-03 16:00:00,2026-02-04 16:00:00,2026-02-08 12:00:00,2026-02-04 16:00:00,116.0,1.0,1,92.0,incident,1,6,30.0,20,release,6,Бакалавр,release_manager,9,Логистика перевозок нефтепродуктов,NEFTEHIM-LOG,3,ООО «НефтехимСервис»,нефтехимия,7,f
2799,1015,1,2,2026-03-10 23:00:00,2026-03-19 23:00:00,2026-03-17 07:00:00,2026-03-19 23:00:00,152.0,9.0,0,0.0,development,3,11,44.0,2,being_tested,8,Специалист,backend,1,ПО учёта остатков топлива на АЗС и электростанциях,ZAPADTOP-FUEL,1,АО «ЗападТопливо»,топливная розница,2,f
2801,1016,6,3,2026-03-11 14:00:00,2026-03-13 14:00:00,2026-03-17 03:00:00,2026-03-13 14:00:00,133.0,2.0,1,85.0,incident,2,9,27.0,2,being_tested,3,Бакалавр,design,1,ПО учёта остатков топлива на АЗС и электростанциях,ZAPADTOP-FUEL,1,АО «ЗападТопливо»,топливная розница,2,f
2803,1017,6,3,2026-03-09 23:00:00,2026-03-19 23:00:00,2026-03-17 15:00:00,2026-03-19 23:00:00,184.0,10.0,0,0.0,development,3,8,40.0,26,release,3,Бакалавр,design,11,Аналитика и отчёты для руководства,NEFTEHIM-BI,3,ООО «НефтехимСервис»,нефтехимия,9,f
2804,1017,15,4,2026-03-17 16:00:00,2026-03-18 16:00:00,2026-03-19 00:00:00,2026-03-18 16:00:00,32.0,1.0,1,8.0,development,3,8,40.0,26,release,2,Средне-специальное,qa,11,Аналитика и отчёты для руководства,NEFTEHIM-BI,3,ООО «НефтехимСервис»,нефтехимия,9,f
2805,1017,6,3,2026-03-19 02:00:00,2026-03-21 02:00:00,2026-03-22 06:00:00,2026-03-21 02:00:00,76.0,2.0,1,28.0,development,3,8,40.0,26,release,3,Бакалавр,design,11,Аналитика и отчёты для руководства,NEFTEHIM-BI,3,ООО «НефтехимСервис»,нефтехимия,9,f
2806,1017,15,4,2026-03-22 10:00:00,,2026-03-28 03:00:00,2026-03-25 10:00:00,137.0,3.0,1,65.0,development,3,8,40.0,26,release,2,Средне-специальное,qa,11,Аналитика и отчёты для руководства,NEFTEHIM-BI,3,ООО «НефтехимСервис»,нефтехимия,9,f
2807,1017,6,3,2026-03-28 07:00:00,2026-03-30 07:00:00,2026-04-01 02:00:00,2026-03-30 07:00:00,91.0,2.0,1,43.0,development,3,8,40.0,26,release,3,Бакалавр,design,11,Аналитика и отчёты для руководства,NEFTEHIM-BI,3,ООО «НефтехимСервис»,нефтехимия,9,f
2808,1017,15,4,2026-04-01 06:00:00,2026-04-02 06:00:00,2026-04-05 02:00:00,2026-04-02 06:00:00,92.0,1.0,1,68.0,development,3,8,40.0,26,release,2,Средне-специальное,qa,11,Аналитика и отчёты для руководства,NEFTEHIM-BI,3,ООО «НефтехимСервис»,нефтехимия,9,f
2809,1017,6,3,2026-04-05 05:00:00,2026-04-08 05:00:00,2026-04-10 22:00:00,2026-04-08 05:00:00,137.0,3.0,1,65.0,development,3,8,40.0,26,release,3,Бакалавр,design,11,Аналитика и отчёты для руководства,NEFTEHIM-BI,3,ООО «НефтехимСервис»,нефтехимия,9,f
2810,1017,15,4,2026-04-11 01:00:00,2026-04-13 01:00:00,2026-04-15 09:00:00,2026-04-13 01:00:00,104.0,2.0,1,56.0,development,3,8,40.0,26,release,2,Средне-специальное,qa,11,Аналитика и отчёты для руководства,NEFTEHIM-BI,3,ООО «НефтехимСервис»,нефтехимия,9,f
2811,1017,14,9,2026-04-15 15:00:00,2026-04-17 15:00:00,2026-04-19 03:00:00,2026-04-17 15:00:00,84.0,2.0,1,36.0,development,3,8,40.0,26,release,5,Бакалавр,release_manager,11,Аналитика и отчёты для руководства,NEFTEHIM-BI,3,ООО «НефтехимСервис»,нефтехимия,9,f
2812,1018,8,1,2026-01-05 10:00:00,2026-01-15 10:00:00,2026-01-17 12:00:00,2026-01-15 10:00:00,290.0,10.0,1,50.0,development,3,12,36.0,3,release,1,Средне-специальное,frontend,2,Модуль интеграции с датчиками уровня на АЗС,ZAPADTOP-IOT,1,АО «ЗападТопливо»,топливная розница,9,f
2813,1018,15,4,2026-01-18 12:00:00,2026-01-20 12:00:00,2026-01-23 15:00:00,2026-01-20 12:00:00,123.0,2.0,1,75.0,development,3,12,36.0,3,release,2,Средне-специальное,qa,2,Модуль интеграции с датчиками уровня на АЗС,ZAPADTOP-IOT,1,АО «ЗападТопливо»,топливная розница,9,f
2814,1018,8,1,2026-01-23 17:00:00,2026-01-26 17:00:00,2026-01-25 05:00:00,2026-01-26 17:00:00,36.0,3.0,0,0.0,development,3,12,36.0,3,release,1,Средне-специальное,frontend,2,Модуль интеграции с датчиками уровня на АЗС,ZAPADTOP-IOT,1,АО «ЗападТопливо»,топливная розница,9,f
2815,1018,15,4,2026-01-25 09:00:00,,2026-01-31 04:00:00,2026-01-28 09:00:00,139.0,3.0,1,67.0,development,3,12,36.0,3,release,2,Средне-специальное,qa,2,Модуль интеграции с датчиками уровня на АЗС,ZAPADTOP-IOT,1,АО «ЗападТопливо»,топливная розница,9,f
2816,1018,8,1,2026-01-31 06:00:00,2026-02-05 06:00:00,2026-02-10 15:00:00,2026-02-05 06:00:00,249.0,5.0,1,129.0,development,3,12,36.0,3,release,1,Средне-специальное,frontend,2,Модуль интеграции с датчиками уровня на АЗС,ZAPADTOP-IOT,1,АО «ЗападТопливо»,топливная розница,9,f
2817,1018,15,4,2026-02-10 16:00:00,,2026-02-19 15:00:00,2026-02-13 16:00:00,215.0,3.0,1,143.0,development,3,12,36.0,3,release,2,Средне-специальное,qa,2,Модуль интеграции с датчиками уровня на АЗС,ZAPADTOP-IOT,1,АО «ЗападТопливо»,топливная розница,9,f
2818,1018,8,1,2026-02-19 18:00:00,2026-02-21 18:00:00,2026-02-20 09:00:00,2026-02-21 18:00:00,15.0,2.0,0,0.0,development,3,12,36.0,3,release,1,Средне-специальное,frontend,2,Модуль интеграции с датчиками уровня на АЗС,ZAPADTOP-IOT,1,АО «ЗападТопливо»,топливная розница,9,f
2819,1018,15,4,2026-02-20 10:00:00,,2026-02-27 22:00:00,2026-02-25 10:00:00,180.0,5.0,1,60.0,development,3,12,36.0,3,release,2,Средне-специальное,qa,2,Модуль интеграции с датчиками уровня на АЗС,ZAPADTOP-IOT,1,АО «ЗападТопливо»,топливная розница,9,f
2820,1018,14,9,2026-02-28 03:00:00,2026-03-01 03:00:00,2026-02-28 22:00:00,2026-03-01 03:00:00,19.0,1.0,0,0.0,development,3,12,36.0,3,release,5,Бакалавр,release_manager,2,Модуль интеграции с датчиками уровня на АЗС,ZAPADTOP-IOT,1,АО «ЗападТопливо»,топливная розница,9,f
2821,1019,6,3,2026-05-07 11:00:00,2026-05-12 11:00:00,2026-05-13 17:00:00,2026-05-12 11:00:00,150.0,5.0,1,30.0,development,2,8,24.0,9,release,3,Бакалавр,design,4,Отчётность по остаткам для Ростехнадзора,ZAPADTOP-RTN,1,АО «ЗападТопливо»,топливная розница,5,f
2822,1019,4,4,2026-05-13 19:00:00,,2026-05-24 12:00:00,2026-05-18 19:00:00,257.0,5.0,1,137.0,development,2,8,24.0,9,release,4,Бакалавр,qa,4,Отчётность по остаткам для Ростехнадзора,ZAPADTOP-RTN,1,АО «ЗападТопливо»,топливная розница,5,f
2823,1019,6,3,2026-05-24 20:00:00,2026-05-28 20:00:00,2026-05-26 20:00:00,2026-05-28 20:00:00,48.0,4.0,0,0.0,development,2,8,24.0,9,release,3,Бакалавр,design,4,Отчётность по остаткам для Ростехнадзора,ZAPADTOP-RTN,1,АО «ЗападТопливо»,топливная розница,5,f
2824,1019,4,4,2026-05-27 00:00:00,2026-05-28 00:00:00,2026-06-01 06:00:00,2026-05-28 00:00:00,126.0,1.0,1,102.0,development,2,8,24.0,9,release,4,Бакалавр,qa,4,Отчётность по остаткам для Ростехнадзора,ZAPADTOP-RTN,1,АО «ЗападТопливо»,топливная розница,5,f
2825,1019,14,9,2026-06-01 09:00:00,2026-06-03 09:00:00,2026-06-02 19:00:00,2026-06-03 09:00:00,34.0,2.0,0,0.0,development,2,8,24.0,9,release,5,Бакалавр,release_manager,4,Отчётность по остаткам для Ростехнадзора,ZAPADTOP-RTN,1,АО «ЗападТопливо»,топливная розница,5,f
2827,1021,3,7,2026-03-04 08:00:00,2026-03-07 08:00:00,2026-03-11 03:00:00,2026-03-07 08:00:00,163.0,3.0,1,91.0,development,1,1,6.0,24,being_tested,6,Бакалавр,fullstack,10,Сверка остатков при приёмке на нефтебазе,NEFTEHIM-RCV,3,ООО «НефтехимСервис»,нефтехимия,2,f
2829,1022,5,2,2026-05-07 09:00:00,2026-05-16 09:00:00,2026-05-15 10:00:00,2026-05-16 09:00:00,193.0,9.0,0,0.0,development,4,2,8.0,9,release,2,Средне-специальное,backend,4,Отчётность по остаткам для Ростехнадзора,ZAPADTOP-RTN,1,АО «ЗападТопливо»,топливная розница,3,t
2830,1022,9,4,2026-05-15 12:00:00,,2026-05-17 01:00:00,2026-05-20 12:00:00,37.0,5.0,0,0.0,development,4,2,8.0,9,release,5,Бакалавр,qa,4,Отчётность по остаткам для Ростехнадзора,ZAPADTOP-RTN,1,АО «ЗападТопливо»,топливная розница,3,t
2831,1022,10,9,2026-05-17 02:00:00,2026-05-18 02:00:00,2026-05-17 16:00:00,2026-05-18 02:00:00,14.0,1.0,0,0.0,development,4,2,8.0,9,release,6,Бакалавр,release_manager,4,Отчётность по остаткам для Ростехнадзора,ZAPADTOP-RTN,1,АО «ЗападТопливо»,топливная розница,3,t
2832,1023,11,2,2026-01-07 21:00:00,2026-01-10 21:00:00,2026-01-10 08:00:00,2026-01-10 21:00:00,59.0,3.0,0,0.0,incident,1,5,15.0,10,being_tested,0,Средне-специальное,backend,5,Учёт топлива на котельных и ТЭЦ,REGENERGO-TEC,2,ПАО «РегионЭнерго»,энергетика,2,f
2834,1024,1,2,2026-01-02 09:00:00,2026-01-12 09:00:00,2026-01-15 04:00:00,2026-01-12 09:00:00,307.0,10.0,1,67.0,development,1,7,21.0,25,release,8,Специалист,backend,11,Аналитика и отчёты для руководства,NEFTEHIM-BI,3,ООО «НефтехимСервис»,нефтехимия,3,f
2835,1024,4,4,2026-01-15 07:00:00,,2026-01-23 21:00:00,2026-01-20 07:00:00,206.0,5.0,1,86.0,development,1,7,21.0,25,release,4,Бакалавр,qa,11,Аналитика и отчёты для руководства,NEFTEHIM-BI,3,ООО «НефтехимСервис»,нефтехимия,3,f
2836,1024,10,9,2026-01-24 01:00:00,2026-01-25 01:00:00,2026-01-24 08:00:00,2026-01-25 01:00:00,7.0,1.0,0,0.0,development,1,7,21.0,25,release,6,Бакалавр,release_manager,11,Аналитика и отчёты для руководства,NEFTEHIM-BI,3,ООО «НефтехимСервис»,нефтехимия,3,f
2837,1025,1,2,2026-03-06 10:00:00,2026-03-13 10:00:00,2026-03-17 05:00:00,2026-03-13 10:00:00,259.0,7.0,1,91.0,development,2,10,40.0,15,release,8,Специалист,backend,7,Интеграция с SCADA энергообъектов,REGENERGO-SCADA,2,ПАО «РегионЭнерго»,энергетика,3,f
2838,1025,9,4,2026-03-17 07:00:00,2026-03-18 07:00:00,2026-03-21 21:00:00,2026-03-18 07:00:00,110.0,1.0,1,86.0,development,2,10,40.0,15,release,5,Бакалавр,qa,7,Интеграция с SCADA энергообъектов,REGENERGO-SCADA,2,ПАО «РегионЭнерго»,энергетика,3,f
2839,1025,14,9,2026-03-21 22:00:00,2026-03-22 22:00:00,2026-03-22 08:00:00,2026-03-22 22:00:00,10.0,1.0,0,0.0,development,2,10,40.0,15,release,5,Бакалавр,release_manager,7,Интеграция с SCADA энергообъектов,REGENERGO-SCADA,2,ПАО «РегионЭнерго»,энергетика,3,f
2840,1026,2,1,2026-03-09 17:00:00,2026-03-14 17:00:00,2026-03-16 21:00:00,2026-03-14 17:00:00,172.0,5.0,1,52.0,development,3,5,30.0,15,release,5,Бакалавр,frontend,7,Интеграция с SCADA энергообъектов,REGENERGO-SCADA,2,ПАО «РегионЭнерго»,энергетика,3,f
2841,1026,4,4,2026-03-18 06:00:00,2026-03-21 06:00:00,2026-03-19 21:00:00,2026-03-21 06:00:00,39.0,3.0,0,0.0,development,3,5,30.0,15,release,4,Бакалавр,qa,7,Интеграция с SCADA энергообъектов,REGENERGO-SCADA,2,ПАО «РегионЭнерго»,энергетика,3,f
2842,1026,10,9,2026-03-19 22:00:00,2026-03-20 22:00:00,2026-03-20 10:00:00,2026-03-20 22:00:00,12.0,1.0,0,0.0,development,3,5,30.0,15,release,6,Бакалавр,release_manager,7,Интеграция с SCADA энергообъектов,REGENERGO-SCADA,2,ПАО «РегионЭнерго»,энергетика,3,f
2844,1028,5,2,2025-12-30 06:00:00,2026-01-07 06:00:00,2026-01-11 03:00:00,2026-01-07 06:00:00,285.0,8.0,1,93.0,development,5,4,16.0,25,release,2,Средне-специальное,backend,11,Аналитика и отчёты для руководства,NEFTEHIM-BI,3,ООО «НефтехимСервис»,нефтехимия,3,t
2845,1028,9,4,2026-01-11 04:00:00,2026-01-12 04:00:00,2026-01-16 07:00:00,2026-01-12 04:00:00,123.0,1.0,1,99.0,development,5,4,16.0,25,release,5,Бакалавр,qa,11,Аналитика и отчёты для руководства,NEFTEHIM-BI,3,ООО «НефтехимСервис»,нефтехимия,3,t
2846,1028,10,9,2026-01-16 13:00:00,2026-01-17 13:00:00,2026-01-17 09:00:00,2026-01-17 13:00:00,20.0,1.0,0,0.0,development,5,4,16.0,25,release,6,Бакалавр,release_manager,11,Аналитика и отчёты для руководства,NEFTEHIM-BI,3,ООО «НефтехимСервис»,нефтехимия,3,t
2847,1029,2,1,2026-05-10 03:00:00,2026-05-17 03:00:00,2026-05-22 21:00:00,2026-05-17 03:00:00,306.0,7.0,1,138.0,development,3,4,24.0,19,release,5,Бакалавр,frontend,8,Портал заявок на доработку от эксплуатации,REGENERGO-REQ,2,ПАО «РегионЭнерго»,энергетика,3,f
2848,1029,4,4,2026-05-22 22:00:00,2026-05-23 22:00:00,2026-05-26 21:00:00,2026-05-23 22:00:00,95.0,1.0,1,71.0,development,3,4,24.0,19,release,4,Бакалавр,qa,8,Портал заявок на доработку от эксплуатации,REGENERGO-REQ,2,ПАО «РегионЭнерго»,энергетика,3,f
2849,1029,10,9,2026-05-27 03:00:00,2026-05-29 03:00:00,2026-05-28 12:00:00,2026-05-29 03:00:00,33.0,2.0,0,0.0,development,3,4,24.0,19,release,6,Бакалавр,release_manager,8,Портал заявок на доработку от эксплуатации,REGENERGO-REQ,2,ПАО «РегионЭнерго»,энергетика,3,f
2851,1031,13,7,2026-03-05 15:00:00,2026-03-06 15:00:00,2026-03-11 15:00:00,2026-03-06 15:00:00,144.0,1.0,1,120.0,incident,2,7,35.0,2,release,3,Средне-специальное,fullstack,1,ПО учёта остатков топлива на АЗС и электростанциях,ZAPADTOP-FUEL,1,АО «ЗападТопливо»,топливная розница,3,f
2852,1031,15,4,2026-03-11 18:00:00,2026-03-12 18:00:00,2026-03-16 09:00:00,2026-03-12 18:00:00,111.0,1.0,1,87.0,incident,2,7,35.0,2,release,2,Средне-специальное,qa,1,ПО учёта остатков топлива на АЗС и электростанциях,ZAPADTOP-FUEL,1,АО «ЗападТопливо»,топливная розница,3,f
2853,1031,14,9,2026-03-16 13:00:00,2026-03-17 13:00:00,2026-03-16 22:00:00,2026-03-17 13:00:00,9.0,1.0,0,0.0,incident,2,7,35.0,2,release,5,Бакалавр,release_manager,1,ПО учёта остатков топлива на АЗС и электростанциях,ZAPADTOP-FUEL,1,АО «ЗападТопливо»,топливная розница,3,f
2854,1032,2,1,2026-01-01 04:00:00,2026-01-03 04:00:00,2026-01-06 22:00:00,2026-01-03 04:00:00,138.0,2.0,1,90.0,incident,2,9,45.0,20,release,5,Бакалавр,frontend,9,Логистика перевозок нефтепродуктов,NEFTEHIM-LOG,3,ООО «НефтехимСервис»,нефтехимия,3,f
2855,1032,15,4,2026-01-07 02:00:00,,2026-01-08 21:00:00,2026-01-12 02:00:00,43.0,5.0,0,0.0,incident,2,9,45.0,20,release,2,Средне-специальное,qa,9,Логистика перевозок нефтепродуктов,NEFTEHIM-LOG,3,ООО «НефтехимСервис»,нефтехимия,3,f
2856,1032,10,9,2026-01-09 00:00:00,2026-01-10 00:00:00,2026-01-09 13:00:00,2026-01-10 00:00:00,13.0,1.0,0,0.0,incident,2,9,45.0,20,release,6,Бакалавр,release_manager,9,Логистика перевозок нефтепродуктов,NEFTEHIM-LOG,3,ООО «НефтехимСервис»,нефтехимия,3,f
2857,1033,6,3,2026-01-02 03:00:00,2026-01-03 03:00:00,2026-01-08 07:00:00,2026-01-03 03:00:00,148.0,1.0,1,124.0,incident,1,6,30.0,25,release,3,Бакалавр,design,11,Аналитика и отчёты для руководства,NEFTEHIM-BI,3,ООО «НефтехимСервис»,нефтехимия,3,f
2858,1033,4,4,2026-01-08 10:00:00,2026-01-11 10:00:00,2026-01-09 19:00:00,2026-01-11 10:00:00,33.0,3.0,0,0.0,incident,1,6,30.0,25,release,4,Бакалавр,qa,11,Аналитика и отчёты для руководства,NEFTEHIM-BI,3,ООО «НефтехимСервис»,нефтехимия,3,f
2859,1033,14,9,2026-01-09 20:00:00,2026-01-10 20:00:00,2026-01-15 05:00:00,2026-01-10 20:00:00,129.0,1.0,1,105.0,incident,1,6,30.0,25,release,5,Бакалавр,release_manager,11,Аналитика и отчёты для руководства,NEFTEHIM-BI,3,ООО «НефтехимСервис»,нефтехимия,3,f
2860,1034,8,1,2026-01-02 19:00:00,2026-01-06 19:00:00,2026-01-04 22:00:00,2026-01-06 19:00:00,51.0,4.0,0,0.0,development,1,5,15.0,3,release,1,Средне-специальное,frontend,2,Модуль интеграции с датчиками уровня на АЗС,ZAPADTOP-IOT,1,АО «ЗападТопливо»,топливная розница,5,f
2861,1034,4,4,2026-01-04 23:00:00,2026-01-05 23:00:00,2026-01-07 05:00:00,2026-01-05 23:00:00,54.0,1.0,1,30.0,development,1,5,15.0,3,release,4,Бакалавр,qa,2,Модуль интеграции с датчиками уровня на АЗС,ZAPADTOP-IOT,1,АО «ЗападТопливо»,топливная розница,5,f
2862,1034,8,1,2026-01-07 07:00:00,2026-01-11 07:00:00,2026-01-14 08:00:00,2026-01-11 07:00:00,169.0,4.0,1,73.0,development,1,5,15.0,3,release,1,Средне-специальное,frontend,2,Модуль интеграции с датчиками уровня на АЗС,ZAPADTOP-IOT,1,АО «ЗападТопливо»,топливная розница,5,f
2863,1034,4,4,2026-01-14 10:00:00,2026-01-15 10:00:00,2026-01-19 07:00:00,2026-01-15 10:00:00,117.0,1.0,1,93.0,development,1,5,15.0,3,release,4,Бакалавр,qa,2,Модуль интеграции с датчиками уровня на АЗС,ZAPADTOP-IOT,1,АО «ЗападТопливо»,топливная розница,5,f
2864,1034,10,9,2026-01-19 08:00:00,2026-01-21 08:00:00,2026-01-22 16:00:00,2026-01-21 08:00:00,80.0,2.0,1,32.0,development,1,5,15.0,3,release,6,Бакалавр,release_manager,2,Модуль интеграции с датчиками уровня на АЗС,ZAPADTOP-IOT,1,АО «ЗападТопливо»,топливная розница,5,f
2865,1035,11,2,2026-03-06 02:00:00,2026-03-10 02:00:00,2026-03-12 15:00:00,2026-03-10 02:00:00,157.0,4.0,1,61.0,development,2,13,39.0,21,release,0,Средне-специальное,backend,9,Логистика перевозок нефтепродуктов,NEFTEHIM-LOG,3,ООО «НефтехимСервис»,нефтехимия,3,f
2866,1035,9,4,2026-03-12 19:00:00,2026-03-14 19:00:00,2026-03-13 15:00:00,2026-03-14 19:00:00,20.0,2.0,0,0.0,development,2,13,39.0,21,release,5,Бакалавр,qa,9,Логистика перевозок нефтепродуктов,NEFTEHIM-LOG,3,ООО «НефтехимСервис»,нефтехимия,3,f
2867,1035,14,9,2026-03-13 17:00:00,2026-03-15 17:00:00,2026-03-14 19:00:00,2026-03-15 17:00:00,26.0,2.0,0,0.0,development,2,13,39.0,21,release,5,Бакалавр,release_manager,9,Логистика перевозок нефтепродуктов,NEFTEHIM-LOG,3,ООО «НефтехимСервис»,нефтехимия,3,f
2868,1036,13,7,2026-05-07 16:00:00,2026-05-08 16:00:00,2026-05-11 16:00:00,2026-05-08 16:00:00,96.0,1.0,1,72.0,incident,2,3,15.0,16,release,3,Средне-специальное,fullstack,7,Интеграция с SCADA энергообъектов,REGENERGO-SCADA,2,ПАО «РегионЭнерго»,энергетика,9,f
2869,1036,9,4,2026-05-11 18:00:00,,2026-05-17 22:00:00,2026-05-14 18:00:00,148.0,3.0,1,76.0,incident,2,3,15.0,16,release,5,Бакалавр,qa,7,Интеграция с SCADA энергообъектов,REGENERGO-SCADA,2,ПАО «РегионЭнерго»,энергетика,9,f
2870,1036,13,7,2026-05-18 00:00:00,2026-05-22 00:00:00,2026-05-26 19:00:00,2026-05-22 00:00:00,211.0,4.0,1,115.0,incident,2,3,15.0,16,release,3,Средне-специальное,fullstack,7,Интеграция с SCADA энергообъектов,REGENERGO-SCADA,2,ПАО «РегионЭнерго»,энергетика,9,f
2871,1036,9,4,2026-05-26 21:00:00,2026-05-28 21:00:00,2026-05-27 13:00:00,2026-05-28 21:00:00,16.0,2.0,0,0.0,incident,2,3,15.0,16,release,5,Бакалавр,qa,7,Интеграция с SCADA энергообъектов,REGENERGO-SCADA,2,ПАО «РегионЭнерго»,энергетика,9,f
2872,1036,13,7,2026-05-27 18:00:00,2026-05-30 18:00:00,2026-06-04 15:00:00,2026-05-30 18:00:00,189.0,3.0,1,117.0,incident,2,3,15.0,16,release,3,Средне-специальное,fullstack,7,Интеграция с SCADA энергообъектов,REGENERGO-SCADA,2,ПАО «РегионЭнерго»,энергетика,9,f
2873,1036,9,4,2026-06-04 19:00:00,2026-06-07 19:00:00,2026-06-09 16:00:00,2026-06-07 19:00:00,117.0,3.0,1,45.0,incident,2,3,15.0,16,release,5,Бакалавр,qa,7,Интеграция с SCADA энергообъектов,REGENERGO-SCADA,2,ПАО «РегионЭнерго»,энергетика,9,f
2874,1036,13,7,2026-06-09 18:00:00,2026-06-12 18:00:00,2026-06-12 02:00:00,2026-06-12 18:00:00,56.0,3.0,0,0.0,incident,2,3,15.0,16,release,3,Средне-специальное,fullstack,7,Интеграция с SCADA энергообъектов,REGENERGO-SCADA,2,ПАО «РегионЭнерго»,энергетика,9,f
2875,1036,9,4,2026-06-12 03:00:00,,2026-06-18 17:00:00,2026-06-17 03:00:00,158.0,5.0,1,38.0,incident,2,3,15.0,16,release,5,Бакалавр,qa,7,Интеграция с SCADA энергообъектов,REGENERGO-SCADA,2,ПАО «РегионЭнерго»,энергетика,9,f
2876,1036,14,9,2026-06-18 20:00:00,2026-06-20 20:00:00,2026-06-19 11:00:00,2026-06-20 20:00:00,15.0,2.0,0,0.0,incident,2,3,15.0,16,release,5,Бакалавр,release_manager,7,Интеграция с SCADA энергообъектов,REGENERGO-SCADA,2,ПАО «РегионЭнерго»,энергетика,9,f
2877,1037,5,2,2026-01-01 23:00:00,2026-01-02 23:00:00,2026-01-02 18:00:00,2026-01-02 23:00:00,19.0,1.0,0,0.0,incident,1,12,36.0,25,release,2,Средне-специальное,backend,11,Аналитика и отчёты для руководства,NEFTEHIM-BI,3,ООО «НефтехимСервис»,нефтехимия,3,f
2878,1037,15,4,2026-01-02 22:00:00,,2026-01-09 19:00:00,2026-01-07 22:00:00,165.0,5.0,1,45.0,incident,1,12,36.0,25,release,2,Средне-специальное,qa,11,Аналитика и отчёты для руководства,NEFTEHIM-BI,3,ООО «НефтехимСервис»,нефтехимия,3,f
2879,1037,10,9,2026-01-09 22:00:00,2026-01-11 22:00:00,2026-01-13 04:00:00,2026-01-11 22:00:00,78.0,2.0,1,30.0,incident,1,12,36.0,25,release,6,Бакалавр,release_manager,11,Аналитика и отчёты для руководства,NEFTEHIM-BI,3,ООО «НефтехимСервис»,нефтехимия,3,f
2880,1038,3,7,2025-12-31 17:00:00,2026-01-09 17:00:00,2026-01-10 00:00:00,2026-01-09 17:00:00,223.0,9.0,1,7.0,development,3,13,78.0,7,release,6,Бакалавр,fullstack,4,Отчётность по остаткам для Ростехнадзора,ZAPADTOP-RTN,1,АО «ЗападТопливо»,топливная розница,9,f
2881,1038,15,4,2026-01-10 03:00:00,2026-01-12 03:00:00,2026-01-13 18:00:00,2026-01-12 03:00:00,87.0,2.0,1,39.0,development,3,13,78.0,7,release,2,Средне-специальное,qa,4,Отчётность по остаткам для Ростехнадзора,ZAPADTOP-RTN,1,АО «ЗападТопливо»,топливная розница,9,f
2882,1038,3,7,2026-01-13 23:00:00,2026-01-16 23:00:00,2026-01-19 06:00:00,2026-01-16 23:00:00,127.0,3.0,1,55.0,development,3,13,78.0,7,release,6,Бакалавр,fullstack,4,Отчётность по остаткам для Ростехнадзора,ZAPADTOP-RTN,1,АО «ЗападТопливо»,топливная розница,9,f
2883,1038,15,4,2026-01-19 08:00:00,2026-01-22 08:00:00,2026-01-26 02:00:00,2026-01-22 08:00:00,162.0,3.0,1,90.0,development,3,13,78.0,7,release,2,Средне-специальное,qa,4,Отчётность по остаткам для Ростехнадзора,ZAPADTOP-RTN,1,АО «ЗападТопливо»,топливная розница,9,f
2884,1038,3,7,2026-01-26 06:00:00,2026-01-31 06:00:00,2026-02-04 15:00:00,2026-01-31 06:00:00,225.0,5.0,1,105.0,development,3,13,78.0,7,release,6,Бакалавр,fullstack,4,Отчётность по остаткам для Ростехнадзора,ZAPADTOP-RTN,1,АО «ЗападТопливо»,топливная розница,9,f
2885,1038,15,4,2026-02-04 16:00:00,2026-02-05 16:00:00,2026-02-08 12:00:00,2026-02-05 16:00:00,92.0,1.0,1,68.0,development,3,13,78.0,7,release,2,Средне-специальное,qa,4,Отчётность по остаткам для Ростехнадзора,ZAPADTOP-RTN,1,АО «ЗападТопливо»,топливная розница,9,f
2886,1038,3,7,2026-02-08 18:00:00,2026-02-11 18:00:00,2026-02-17 18:00:00,2026-02-11 18:00:00,216.0,3.0,1,144.0,development,3,13,78.0,7,release,6,Бакалавр,fullstack,4,Отчётность по остаткам для Ростехнадзора,ZAPADTOP-RTN,1,АО «ЗападТопливо»,топливная розница,9,f
2887,1038,15,4,2026-02-17 21:00:00,,2026-02-23 10:00:00,2026-02-20 21:00:00,133.0,3.0,1,61.0,development,3,13,78.0,7,release,2,Средне-специальное,qa,4,Отчётность по остаткам для Ростехнадзора,ZAPADTOP-RTN,1,АО «ЗападТопливо»,топливная розница,9,f
2888,1038,10,9,2026-02-23 16:00:00,2026-02-25 16:00:00,2026-02-28 13:00:00,2026-02-25 16:00:00,117.0,2.0,1,69.0,development,3,13,78.0,7,release,6,Бакалавр,release_manager,4,Отчётность по остаткам для Ростехнадзора,ZAPADTOP-RTN,1,АО «ЗападТопливо»,топливная розница,9,f
2889,1039,2,1,2026-03-12 22:00:00,2026-03-21 22:00:00,2026-03-16 17:00:00,2026-03-21 22:00:00,91.0,9.0,0,0.0,development,4,12,48.0,26,release,5,Бакалавр,frontend,11,Аналитика и отчёты для руководства,NEFTEHIM-BI,3,ООО «НефтехимСервис»,нефтехимия,3,t
2890,1039,15,4,2026-03-16 21:00:00,2026-03-19 21:00:00,2026-03-21 01:00:00,2026-03-19 21:00:00,100.0,3.0,1,28.0,development,4,12,48.0,26,release,2,Средне-специальное,qa,11,Аналитика и отчёты для руководства,NEFTEHIM-BI,3,ООО «НефтехимСервис»,нефтехимия,3,t
2891,1039,14,9,2026-03-21 06:00:00,2026-03-22 06:00:00,2026-03-21 17:00:00,2026-03-22 06:00:00,11.0,1.0,0,0.0,development,4,12,48.0,26,release,5,Бакалавр,release_manager,11,Аналитика и отчёты для руководства,NEFTEHIM-BI,3,ООО «НефтехимСервис»,нефтехимия,3,t
2892,1040,8,1,2026-03-05 02:00:00,2026-03-06 02:00:00,2026-03-07 16:00:00,2026-03-06 02:00:00,62.0,1.0,1,38.0,incident,3,4,16.0,2,being_tested,1,Средне-специальное,frontend,1,ПО учёта остатков топлива на АЗС и электростанциях,ZAPADTOP-FUEL,1,АО «ЗападТопливо»,топливная розница,2,f
2894,1041,13,7,2026-05-08 15:00:00,2026-05-16 15:00:00,2026-05-22 03:00:00,2026-05-16 15:00:00,324.0,8.0,1,132.0,development,1,5,25.0,16,release,3,Средне-специальное,fullstack,7,Интеграция с SCADA энергообъектов,REGENERGO-SCADA,2,ПАО «РегионЭнерго»,энергетика,3,f
2895,1041,4,4,2026-05-22 05:00:00,2026-05-23 05:00:00,2026-05-22 22:00:00,2026-05-23 05:00:00,17.0,1.0,0,0.0,development,1,5,25.0,16,release,4,Бакалавр,qa,7,Интеграция с SCADA энергообъектов,REGENERGO-SCADA,2,ПАО «РегионЭнерго»,энергетика,3,f
2896,1041,10,9,2026-05-23 01:00:00,2026-05-25 01:00:00,2026-05-24 19:00:00,2026-05-25 01:00:00,42.0,2.0,0,0.0,development,1,5,25.0,16,release,6,Бакалавр,release_manager,7,Интеграция с SCADA энергообъектов,REGENERGO-SCADA,2,ПАО «РегионЭнерго»,энергетика,3,f
2897,1042,2,1,2026-01-01 09:00:00,2026-01-05 09:00:00,2026-01-06 14:00:00,2026-01-05 09:00:00,125.0,4.0,1,29.0,development,3,13,78.0,11,release,5,Бакалавр,frontend,6,Система мониторинга резервных топливных складов,REGENERGO-SKLAD,2,ПАО «РегионЭнерго»,энергетика,9,f
2898,1042,9,4,2026-01-06 16:00:00,2026-01-08 16:00:00,2026-01-08 00:00:00,2026-01-08 16:00:00,32.0,2.0,0,0.0,development,3,13,78.0,11,release,5,Бакалавр,qa,6,Система мониторинга резервных топливных складов,REGENERGO-SKLAD,2,ПАО «РегионЭнерго»,энергетика,9,f
2899,1042,2,1,2026-01-08 02:00:00,2026-01-10 02:00:00,2026-01-14 22:00:00,2026-01-10 02:00:00,164.0,2.0,1,116.0,development,3,13,78.0,11,release,5,Бакалавр,frontend,6,Система мониторинга резервных топливных складов,REGENERGO-SKLAD,2,ПАО «РегионЭнерго»,энергетика,9,f
2900,1042,9,4,2026-01-15 02:00:00,,2026-01-18 03:00:00,2026-01-20 02:00:00,73.0,5.0,0,0.0,development,3,13,78.0,11,release,5,Бакалавр,qa,6,Система мониторинга резервных топливных складов,REGENERGO-SKLAD,2,ПАО «РегионЭнерго»,энергетика,9,f
2901,1042,2,1,2026-01-18 09:00:00,2026-01-20 09:00:00,2026-01-23 06:00:00,2026-01-20 09:00:00,117.0,2.0,1,69.0,development,3,13,78.0,11,release,5,Бакалавр,frontend,6,Система мониторинга резервных топливных складов,REGENERGO-SKLAD,2,ПАО «РегионЭнерго»,энергетика,9,f
2902,1042,9,4,2026-01-23 07:00:00,,2026-01-25 15:00:00,2026-01-28 07:00:00,56.0,5.0,0,0.0,development,3,13,78.0,11,release,5,Бакалавр,qa,6,Система мониторинга резервных топливных складов,REGENERGO-SKLAD,2,ПАО «РегионЭнерго»,энергетика,9,f
2903,1042,2,1,2026-01-25 19:00:00,2026-01-30 19:00:00,2026-01-30 05:00:00,2026-01-30 19:00:00,106.0,5.0,0,0.0,development,3,13,78.0,11,release,5,Бакалавр,frontend,6,Система мониторинга резервных топливных складов,REGENERGO-SKLAD,2,ПАО «РегионЭнерго»,энергетика,9,f
2904,1042,9,4,2026-01-30 09:00:00,2026-02-02 09:00:00,2026-02-02 17:00:00,2026-02-02 09:00:00,80.0,3.0,1,8.0,development,3,13,78.0,11,release,5,Бакалавр,qa,6,Система мониторинга резервных топливных складов,REGENERGO-SKLAD,2,ПАО «РегионЭнерго»,энергетика,9,f
2905,1042,14,9,2026-02-02 21:00:00,2026-02-03 21:00:00,2026-02-03 15:00:00,2026-02-03 21:00:00,18.0,1.0,0,0.0,development,3,13,78.0,11,release,5,Бакалавр,release_manager,6,Система мониторинга резервных топливных складов,REGENERGO-SKLAD,2,ПАО «РегионЭнерго»,энергетика,9,f
2906,1043,8,1,2026-05-02 18:00:00,2026-05-11 18:00:00,2026-05-07 16:00:00,2026-05-11 18:00:00,118.0,9.0,0,0.0,development,2,11,33.0,13,being_tested,1,Средне-специальное,frontend,6,Система мониторинга резервных топливных складов,REGENERGO-SKLAD,2,ПАО «РегионЭнерго»,энергетика,2,f
2908,1044,3,7,2026-01-09 02:00:00,2026-01-13 02:00:00,2026-01-11 13:00:00,2026-01-13 02:00:00,59.0,4.0,0,0.0,development,1,9,36.0,1,release,6,Бакалавр,fullstack,1,ПО учёта остатков топлива на АЗС и электростанциях,ZAPADTOP-FUEL,1,АО «ЗападТопливо»,топливная розница,3,f
2909,1044,15,4,2026-01-11 14:00:00,2026-01-14 14:00:00,2026-01-19 05:00:00,2026-01-14 14:00:00,183.0,3.0,1,111.0,development,1,9,36.0,1,release,2,Средне-специальное,qa,1,ПО учёта остатков топлива на АЗС и электростанциях,ZAPADTOP-FUEL,1,АО «ЗападТопливо»,топливная розница,3,f
2910,1044,10,9,2026-01-19 07:00:00,2026-01-21 07:00:00,2026-01-22 07:00:00,2026-01-21 07:00:00,72.0,2.0,1,24.0,development,1,9,36.0,1,release,6,Бакалавр,release_manager,1,ПО учёта остатков топлива на АЗС и электростанциях,ZAPADTOP-FUEL,1,АО «ЗападТопливо»,топливная розница,3,f
2911,1045,2,1,2026-03-06 05:00:00,2026-03-09 05:00:00,2026-03-12 13:00:00,2026-03-09 05:00:00,152.0,3.0,1,80.0,development,1,2,10.0,24,release,5,Бакалавр,frontend,10,Сверка остатков при приёмке на нефтебазе,NEFTEHIM-RCV,3,ООО «НефтехимСервис»,нефтехимия,3,f
2912,1045,4,4,2026-03-12 16:00:00,2026-03-15 16:00:00,2026-03-20 02:00:00,2026-03-15 16:00:00,178.0,3.0,1,106.0,development,1,2,10.0,24,release,4,Бакалавр,qa,10,Сверка остатков при приёмке на нефтебазе,NEFTEHIM-RCV,3,ООО «НефтехимСервис»,нефтехимия,3,f
2913,1045,14,9,2026-03-20 05:00:00,2026-03-22 05:00:00,2026-03-21 07:00:00,2026-03-22 05:00:00,26.0,2.0,0,0.0,development,1,2,10.0,24,release,5,Бакалавр,release_manager,10,Сверка остатков при приёмке на нефтебазе,NEFTEHIM-RCV,3,ООО «НефтехимСервис»,нефтехимия,3,f
2914,1046,2,1,2026-01-01 23:00:00,2026-01-03 23:00:00,2026-01-07 07:00:00,2026-01-03 23:00:00,128.0,2.0,1,80.0,incident,4,8,24.0,1,release,5,Бакалавр,frontend,1,ПО учёта остатков топлива на АЗС и электростанциях,ZAPADTOP-FUEL,1,АО «ЗападТопливо»,топливная розница,3,t
2915,1046,9,4,2026-01-07 11:00:00,,2026-01-14 14:00:00,2026-01-12 11:00:00,171.0,5.0,1,51.0,incident,4,8,24.0,1,release,5,Бакалавр,qa,1,ПО учёта остатков топлива на АЗС и электростанциях,ZAPADTOP-FUEL,1,АО «ЗападТопливо»,топливная розница,3,t
2916,1046,10,9,2026-01-14 16:00:00,2026-01-15 16:00:00,2026-01-21 08:00:00,2026-01-15 16:00:00,160.0,1.0,1,136.0,incident,4,8,24.0,1,release,6,Бакалавр,release_manager,1,ПО учёта остатков топлива на АЗС и электростанциях,ZAPADTOP-FUEL,1,АО «ЗападТопливо»,топливная розница,3,t
2917,1047,3,7,2026-03-13 20:00:00,2026-03-19 20:00:00,2026-03-23 03:00:00,2026-03-19 20:00:00,223.0,6.0,1,79.0,development,1,11,33.0,4,release,6,Бакалавр,fullstack,2,Модуль интеграции с датчиками уровня на АЗС,ZAPADTOP-IOT,1,АО «ЗападТопливо»,топливная розница,7,f
2918,1047,9,4,2026-03-23 04:00:00,2026-03-24 04:00:00,2026-03-27 18:00:00,2026-03-24 04:00:00,110.0,1.0,1,86.0,development,1,11,33.0,4,release,5,Бакалавр,qa,2,Модуль интеграции с датчиками уровня на АЗС,ZAPADTOP-IOT,1,АО «ЗападТопливо»,топливная розница,7,f
2919,1047,3,7,2026-03-28 00:00:00,2026-03-31 00:00:00,2026-03-29 07:00:00,2026-03-31 00:00:00,31.0,3.0,0,0.0,development,1,11,33.0,4,release,6,Бакалавр,fullstack,2,Модуль интеграции с датчиками уровня на АЗС,ZAPADTOP-IOT,1,АО «ЗападТопливо»,топливная розница,7,f
2920,1047,9,4,2026-03-29 08:00:00,,2026-04-04 12:00:00,2026-04-01 08:00:00,148.0,3.0,1,76.0,development,1,11,33.0,4,release,5,Бакалавр,qa,2,Модуль интеграции с датчиками уровня на АЗС,ZAPADTOP-IOT,1,АО «ЗападТопливо»,топливная розница,7,f
2921,1047,3,7,2026-04-04 18:00:00,2026-04-07 18:00:00,2026-04-09 21:00:00,2026-04-07 18:00:00,123.0,3.0,1,51.0,development,1,11,33.0,4,release,6,Бакалавр,fullstack,2,Модуль интеграции с датчиками уровня на АЗС,ZAPADTOP-IOT,1,АО «ЗападТопливо»,топливная розница,7,f
2922,1047,9,4,2026-04-10 01:00:00,,2026-04-12 13:00:00,2026-04-15 01:00:00,60.0,5.0,0,0.0,development,1,11,33.0,4,release,5,Бакалавр,qa,2,Модуль интеграции с датчиками уровня на АЗС,ZAPADTOP-IOT,1,АО «ЗападТопливо»,топливная розница,7,f
2923,1047,10,9,2026-04-12 15:00:00,2026-04-13 15:00:00,2026-04-13 13:00:00,2026-04-13 15:00:00,22.0,1.0,0,0.0,development,1,11,33.0,4,release,6,Бакалавр,release_manager,2,Модуль интеграции с датчиками уровня на АЗС,ZAPADTOP-IOT,1,АО «ЗападТопливо»,топливная розница,7,f
2925,1049,3,7,2026-01-02 23:00:00,2026-01-10 23:00:00,2026-01-06 18:00:00,2026-01-10 23:00:00,91.0,8.0,0,0.0,development,2,4,24.0,27,release,6,Бакалавр,fullstack,12,Мобильное приложение для инспекторов АЗС,NEFTEHIM-MOB,3,ООО «НефтехимСервис»,нефтехимия,7,f
2926,1049,4,4,2026-01-06 22:00:00,,2026-01-13 11:00:00,2026-01-09 22:00:00,157.0,3.0,1,85.0,development,2,4,24.0,27,release,4,Бакалавр,qa,12,Мобильное приложение для инспекторов АЗС,NEFTEHIM-MOB,3,ООО «НефтехимСервис»,нефтехимия,7,f
2927,1049,3,7,2026-01-13 18:00:00,2026-01-15 18:00:00,2026-01-19 06:00:00,2026-01-15 18:00:00,132.0,2.0,1,84.0,development,2,4,24.0,27,release,6,Бакалавр,fullstack,12,Мобильное приложение для инспекторов АЗС,NEFTEHIM-MOB,3,ООО «НефтехимСервис»,нефтехимия,7,f
2928,1049,4,4,2026-01-19 09:00:00,2026-01-22 09:00:00,2026-01-24 19:00:00,2026-01-22 09:00:00,130.0,3.0,1,58.0,development,2,4,24.0,27,release,4,Бакалавр,qa,12,Мобильное приложение для инспекторов АЗС,NEFTEHIM-MOB,3,ООО «НефтехимСервис»,нефтехимия,7,f
2929,1049,3,7,2026-01-24 21:00:00,2026-01-27 21:00:00,2026-01-28 02:00:00,2026-01-27 21:00:00,77.0,3.0,1,5.0,development,2,4,24.0,27,release,6,Бакалавр,fullstack,12,Мобильное приложение для инспекторов АЗС,NEFTEHIM-MOB,3,ООО «НефтехимСервис»,нефтехимия,7,f
2930,1049,4,4,2026-01-28 04:00:00,,2026-02-06 12:00:00,2026-02-02 04:00:00,224.0,5.0,1,104.0,development,2,4,24.0,27,release,4,Бакалавр,qa,12,Мобильное приложение для инспекторов АЗС,NEFTEHIM-MOB,3,ООО «НефтехимСервис»,нефтехимия,7,f
2931,1049,14,9,2026-02-06 15:00:00,2026-02-07 15:00:00,2026-02-08 11:00:00,2026-02-07 15:00:00,44.0,1.0,1,20.0,development,2,4,24.0,27,release,5,Бакалавр,release_manager,12,Мобильное приложение для инспекторов АЗС,NEFTEHIM-MOB,3,ООО «НефтехимСервис»,нефтехимия,7,f
